AF: Angola ,AF: (Angola) Afro Music
AF: Angola ,AF: TPA INTERNACIONAL
AF: Angola ,AF: TPA HD
AF: Benin,AF: (Benin) Sikka TV
AF: Benin,AF: (Benin) ORTB
AF: Benin,AF: SIKKA TV
AF: Benin,AF: ORTB
AF: Burkina Faso,AF: (Burkina Faso) Impac TV
AF: Burkina Faso,AF: IMPACT TV BURKINA FASO
AF: Burkina Faso,AF: (Burkina Faso) RTB
AF: Burkina Faso,AF: Hi-IMPACTV
AF: Cameroon,AF: (Cameroon) AFRIQUE MEDIA TV
AF: Cameroon,AF: (Cameroon) My TV Channel
AF: Cameroon,AF: (Cameroon) Suivez SIKKA
AF: Cameroon,AF: (Cameroon) AFRICA NEWS
AF: Cameroon,AF: (Cameroon) Sikka TV HD
AF: Cameroon,AF: (Cameroon) Vision 4 TV
AF: Cameroon,AF: (Cameroon) Benie TV
AF: Cameroon,AF: (Cameroon) Plex TV
AF: Cameroon,AF: EQUINOXE Cameroon
AF: Cameroon,AF: (Cameroon) CRTV
AF: Cameroon,AF: AFRIQUE MEDIA
AF: Cameroon,AF: VISION 4 TV
AF: Cameroon,AF: VOX AFRICA
AF: Cameroon,AF: VoX Africa
AF: Cameroon,AF: CRTV NEWS
AF: Cameroon,AF: CRTV TV
AF: Congo,AF: (Congo) Canal CVV 
AF: Congo,AF: Boss Brothers TV
AF: Congo,AF: Africanews HD
AF: Congo,AF: Channel TELE
AF: Congo,AF: B-ONE
AF: Congo,AF: RTNC
AF: Côte d'Ivoire,AF: (cote divoire) Biafra TV
AF: Côte d'Ivoire,AF: (Côte dIvoire) RTI 1 HD
AF: Côte d'Ivoire,AF: (Côte dIvoire) RTi 2 HD
AF: Côte d'Ivoire,AF: A2I Religion TV
AF: Côte d'Ivoire,AF: A2I M
AF: Côte d'Ivoire,AF: RTI 1
AF: Ethiopia,AF: (Ethiopia) CGTN English
AF: Ethiopia,AF: (Ethiopia) CGTN FRANCE
AF: Ethiopia,AF: (Ethiopia) AFRIQUE TV
AF: Ethiopia,AF: (Ethiopia) TV7 Colmar
AF: Ethiopia,AF: (Ethiopia) RT FRANCE
AF: Ethiopia,AF: (Ethiopia) euronews
AF: Ethiopia,AF: (Ethiopia) FAITH TV
AF: Ethiopia,AF: (Ethiopia) Nahoo
AF: Ghana,AF: (Ghana) 3ABN INTERNATIONAL
AF: Ghana,AF: (Ghana) Resurrection TV
AF: Ghana,AF: (Ghana) ADOM TV HD
AF: Ghana,AF: (Ghana) 3ABN KIDS
AF: Ghana,AF: (Ghana) JOY NEWS
AF: Ghana,AF: (Ghana) BEN TV
AF: Ghana,AF: GH CANADA TV
AF: Ghana,AF: TV AFRICA HD
AF: Ghana,AF: (Ghana) RTV
AF: Ghana,AF: RTG GUINIEA
AF: Ghana,AF: RTV (GHANA)
AF: Ghana,AF: GHANA 3 TV
AF: Ghana,AF: GH ONE TV
AF: Ghana,AF: Ghana UTV
AF: Ghana,AF: JOY PRIME
AF: Ghana,AF GH TV3
AF: Ghana,AF: GBC24
AF: Ghana,AF: HGTV
AF: Guinea,AF: (Guinea) Kalac TV FHD
AF: Guinea,AF: (Guinea) Espace TV
AF: Guinea,AF: (Ginea) TVGE
AF: Guinea,AF: (Guinea) RTG
AF: Guinea,AF NickTOONS
AF: Guinea,AF: EVASION
AF: Kenya,AF: (Kenya) NTV
AF: Kenya,AF: EBRU AFRICA
AF: Kenya,AF: KAMEME TV
AF: Kenya,AF UG KBCTV
AF: Kenya,AF: NTV
AF: Mali,AF: (Mali) AFRICABLE TV
AF: Mali,AF: (Mali) ORTM 1
AF: Mozambique,AF: (Mozambique) TVM
AF: Mozambique,AF: TVM 1
AF: Mozambique,AF: TVM 2
AF: Nigeria,AF: (Nigeria) Hope Channels TV
AF: Nigeria,AF: (Nigeria) Dove Television
AF: Nigeria,AF: (NIGERIA) LoveWorld PLUS
AF: Nigeria,AF: (Nigeria) Emmanuel TV
AF: Nigeria,AF: (Nigeria) Dunamis TV
AF: Nigeria,AF: (Nigeria) ROK TV 1
AF: Nigeria,AF: (Nigeria) Rave TV
AF: Nigeria,AF: TV CONTINENTAL
AF: Nigeria,AF: (Nigeria) RTP
AF: Nigeria,AF: TL NOVELAS TV
AF: Nigeria,AF: CHANNELS TV
AF: Nigeria,AF NG Arewa 24
AF: Nigeria,AF: NOLLYWOOD
AF: Nigeria,AF: SOUNDCITY
AF: Nigeria,AF: LAGOS TV
AF: Nigeria,AF: TVC NEWS
AF: Nigeria,AF: URBAN TV
AF: Nigeria,AF: DOVE TV
AF: Nigeria,AF: RAVE TV
AF: Nigeria,AF: TVC
AF: Rwanda,AF: RWANDA TV
AF: Senegal,AF: (Senegal) Mourchid TV
AF: Senegal,AF: (Senegal) A2I MUSIC
AF: Senegal,AF: (Senegal) Bichri TV
AF: Senegal,AF: (Senegal) Louga TV
AF: Senegal,AF: (Senegal) TOUBA TV
AF: Senegal,AF: (Senegal) WALF TV
AF: Senegal,AF: (Senegal) CIS TV
AF: Senegal,AF: (Senegal) DBM TV
AF: Senegal,AF: (Senegal) RTJ TV
AF: Senegal,AF: (Senegal) SEN TV
AF: Senegal,AF: (Senegal) TFM HD
AF: Senegal,AF: (Senegal) RTS 1
AF: Senegal,AF: (Senegal) RTS 2
AF: Senegal,AF: (Senegal) 2STV
AF: Senegal,AF: (Senegal) DTV
AF: Senegal,AF: (Senegal) RDV
AF: Senegal,AF: A2I Religion
AF: Senegal,AF: LAMP FALL TV
AF: Senegal,AF: MOURCHID TV
AF: Senegal,AF: SNTV VIP
AF: Senegal,AF: WALF TV
AF: Senegal,AF: BICHRI
AF: Senegal,AF: RTS 1
AF: Senegal,AF: 7TV
AF: Senegal,AF: DTV
AF: Senegal,AF: TFM
AF: Somal,AF: (Somali) SOMALI CABLE TV
AF: Somal,AF: (Somali) KALSAN TV HD
AF: Somal,AF: (Somali) National TV
AF: Somal,AF: (Somali) Saab
AF: Somal,AF: UNIVERSAL
AF: South Africa,AF: M-NET MOVIES ACTION PLUS
AF: South Africa,AF: M-NET MOVIES PREMIERE
AF: South Africa,AF: M-NET MOVIES SMILE HD
AF: South Africa,AF: M-NET MOVIES ACTION+
AF: South Africa,AF: M-NET MOVIES ACTION
AF: South Africa,AF: GINX ESPORTS TV
AF: South Africa,AF: CAPE TOWN TV
AF: South Africa,AF: M-NET PLUS 1
AF: South Africa,AF: Trace Gospel
AF: South Africa,South Africa MTV
AF: South Africa,AF: Trace Ayiti
AF: South Africa,AF: EMOVIES
AF: South Africa,AF: BAY TV
AF: South Africa,AF: DUMISA
AF: South Africa,AF: SABC 1
AF: South Africa,AF: SABC 2
AF: South Africa,AF: M-NET
AF: South Africa,AF: CNBC
AF: South Africa,AF: E.TV
AF: South Africa,AF Vuzu
AF: South Africa,AF: EVA
AF: Tanzania,AF: AFRICA TV 2
AF: Tanzania,AF: AFRICABLE
AF: Tanzania,AF: IBN TV
AF: Uganda,AF: Uganda Broadcasting Corporation (UBC)
AF: Uganda,AF UG Africa Magic Yoruba
AF: Uganda,AF UG Africa Magic Hausa
AF: Uganda,AF: AfricaMagic Igbo
AF: Uganda,AF: UG Zanzibar TV
AF: Uganda,AF UG Spark TV
AF: Uganda,AF: NBS Uganda
AF: Uganda,AF: NTV Uganda
AF: Uganda,AF: UG ROK
Afghanistan,AFG: Ariana TV National
Afghanistan,AFG: Afghanistan TV
Afghanistan,AFG: PAYAM E AFGHAN
Afghanistan,AFG: Tamadon TV HD
Afghanistan,AFG: KAYHAN TV HD
Afghanistan,AFG: TOLO NEWS HD
Afghanistan,AFG: Ariana News
Afghanistan,AFG: ATN NEWS TV
Afghanistan,AFG: KHURSHID TV
Afghanistan,AFG: LEMAR TV HD
Afghanistan,AFG: Shamshad TV
Afghanistan,AFG: AREZO HD
Afghanistan,AFG: NOOR TV
Afghanistan,AFG: OMID TV
Afghanistan,AFG: TOLO HD
Afghanistan,AFG: Srood
Afghanistan,AFG: ATN
Africa All,AF: (Cape Verde) TCV Internacional
Africa All,AF: (Ivory Coast) Benie TV HD
Africa All,AF: (Burkina Faso) Savane TV
Africa All,AF: (Sierra Leone) AYV TV HD
Africa All,AF: Amazing Discoveries TV
Africa All,AF: (Tanzania) IBN DSN TZ
Africa All,AFRICA GENERAL RTP AFRICA
Africa All,AF: (Chad) tele Tchad TV
Africa All,AFRICA GENERAL Kalsan TV
Africa All,AF: AFRICA NEWS NETWORK
Africa All,AF: (Chana) STUDIO1 TV
Africa All,AF: TV Francophonie 24
Africa All,AF: TV FRANCOPHONIE 24
Africa All,AF: TV5 Monde Afrique
Africa All,AF: (Eritrea) Eri TV
Africa All,AF: LoveWorld Sat TV
Africa All,AF: Peace TV English
Africa All,AF NA One Africa TV
Africa All,AF: (Kenya) KASS TV
Africa All,AF: (Djibouti) RTD
Africa All,AF: (Ghana) ABN TV
Africa All,AF: AFRICA NEWS EN
Africa All,AF: AFRICA NEWS FR
Africa All,AF: FAITH WORLD TV
Africa All,AF: TV5 MONDERIQUE
Africa All,Africa Magic Urban
Africa All,AF: NOLLYWOOD HD
Africa All,AF: SALVATION TV
Africa All,AF: AFRICA NEWS
Africa All,AF: TELE SHALOM
Africa All,AF: TVC News HD
Africa All,AF: ZW Spice TV
Africa All,AF: ARISE NEWS
Africa All,AF: FASHION TV
Africa All,AF: NOVELAS TV
Africa All,AF: SuryoyoSat
Africa All,AF ZW Daystar
Africa All,AF: Star Life
Africa All,AF: TV5 MONDE
Africa All,AF: Africa24
Africa All,AF: Trybe TV
Africa All,AF: MOUV TV
Africa All,AF: TV West
Africa All,AF NA NBC2
Africa All,AF: A+ FHD
Africa All,AF: BET HD
Africa All,AF: GOD TV
Africa All,AF: JIMJAM
Africa All,AF: K24
Africa DSTV,DSTV: M-Net Binge The Home of HBO
Africa DSTV,DSTV: National Geographic WILD
Africa DSTV,DSTV : AFRICA MAGIC FAMILY HD
Africa DSTV,DSTV: Investigation Discovery
Africa DSTV,DSTV: M-Net Movies All Stars
Africa DSTV,DSTV: Parliamentary Service
Africa DSTV,DSTV: Curiosity Stream HD
Africa DSTV,DSTV: M-Net Movies Action
Africa DSTV,DSTV: National Geographic
Africa DSTV,DSTV: Africa Magic Urban
Africa DSTV,DSTV: Maisha Magic BONGO
Africa DSTV,DSTV: M-Net Movies Smile
Africa DSTV,DSTV: Mzansi Magic Music
Africa DSTV,DSTV: CNN International
Africa DSTV,DSTV: Discovery Channel
Africa DSTV,DSTV: Maisha Magic East
Africa DSTV,DSTV: Maisha Magic Plus
Africa DSTV,DSTV: M-Net Movies Zone
Africa DSTV,DSTV: SuperSport maximo
Africa DSTV,DSTV: TLC Entertainment
Africa DSTV,DSTV: TV5 Monde Afrique
Africa DSTV,DSTV: AfricaMagic Epic
Africa DSTV,DSTV: Discovery Family
Africa DSTV,DSTV: KykNET Kwarantyn
Africa DSTV,DSTV: Studio Universal
Africa DSTV,DSTV: SuperSport Blitz
Africa DSTV,DSTV: The Home Channel
Africa DSTV,DSTV: Business Day TV
Africa DSTV,DSTV: Cartoon Network
Africa DSTV,DSTV: Ginx eSports TV
Africa DSTV,DSTV: Newzroom Afrika
Africa DSTV,DSTV: Peoples Weather
Africa DSTV,DSTV: Comedy Central
Africa DSTV,DSTV: Deutsche Welle
Africa DSTV,DSTV: Disney Channel
Africa DSTV,DSTV: Mzansi Bioskop
Africa DSTV,DSTV: Travel Channel
Africa DSTV,DSTV : CGTN NEWS HD
Africa DSTV,DSTV: BBC Lifestyle
Africa DSTV,DSTV: Disney Junior
Africa DSTV,DSTV: eMovies Extra
Africa DSTV,DSTV: Movies Action
Africa DSTV,DSTV: Cape Town TV
Africa DSTV,DSTV: iTV Networks
Africa DSTV,DSTV: Mzansi Magic
Africa DSTV,DSTV: Mzansi Wethu
Africa DSTV,DSTV: Russia Today
Africa DSTV,DSTV: CBS Justice
Africa DSTV,DSTV: CBS Reality
Africa DSTV,DSTV: CNBC Africa
Africa DSTV,DSTV: Emmanuel TV
Africa DSTV,DSTV: Fashion One
Africa DSTV,DSTV: Nickelodeon
Africa DSTV,DSTV: WWE Channel
Africa DSTV,DSTV: africanews
Africa DSTV,DSTV: Al Jazeera
Africa DSTV,DSTV: kykNET Kie
Africa DSTV,DSTV: kykNET Nou
Africa DSTV,DSTV: Lesotho TV
Africa DSTV,DSTV: One Gospel
Africa DSTV,DSTV: RAI Italia
Africa DSTV,DSTV: TBN Africa
Africa DSTV,DSTV: TellyTrack
Africa DSTV,DSTV: Tshwane TV
Africa DSTV,DSTV: BBC Earth
Africa DSTV,DSTV: Boomerang
Africa DSTV,DSTV: Channel O
Africa DSTV,DSTV: Disney XD
Africa DSTV,DSTV: eTV Extra
Africa DSTV,DSTV: NickTOONS
Africa DSTV,DSTV: Real Time
Africa DSTV,DSTV: SABC News
Africa DSTV,DSTV: SOUNDCITY
Africa DSTV,DSTV: Soweto TV
Africa DSTV,DSTV: Star Life
Africa DSTV,DSTV: Zee World
Africa DSTV,DSTV: BBC Brit
Africa DSTV,DSTV: Cbeebies
Africa DSTV,DSTV: FOX Life
Africa DSTV,DSTV: Ignition
Africa DSTV,DSTV: Lifetime
Africa DSTV,DSTV: PBS Kids
Africa DSTV,DSTV: Sky News
Africa DSTV,DSTV: Spice TV
Africa DSTV,DSTV: Daystar
Africa DSTV,DSTV: eMovies
Africa DSTV,DSTV: ENCA HD
Africa DSTV,DSTV: Mindset
Africa DSTV,DSTV: NDTV247
Africa DSTV,DSTV: Nick Jr
Africa DSTV,DSTV: CCTV 4
Africa DSTV,DSTV: Dumisa
Africa DSTV,DSTV: eToonz
Africa DSTV,DSTV: Fox HD
Africa DSTV,DSTV: JimJam
Africa DSTV,DSTV: kykNET
Africa DSTV,DSTV: SABC 1
Africa DSTV,DSTV: SABC 2
Africa DSTV,DSTV: SABC 3
Africa DSTV,DSTV: 1 KZN
Africa DSTV,DSTV: FAITH
Africa DSTV,DSTV: GauTV
Africa DSTV,DSTV: M-Net
Africa DSTV,DSTV: E.TV
Africa DSTV,DSTV: HGTV
Africa DSTV,DSTV: BET
Africa DSTV,DSTV: BVN
Africa DSTV,DSTV: NHK
Africa DSTV,DSTV: ROK
Africa Music,AF: TRACE AFRICA FHD
Africa Music,AF: TRACE VANILLA HD
Africa Music,AF: TRACE NAIJA HD
Africa Music,AF: TRACE URBAN HD
Africa Music,AF: TRACE TOCA HD
Africa Music,AF: TRACE AFRICA
Africa Music,AF: TRACE MIZKI
Africa Music,AF: MTV Hits
Africa Super Sports,South Africa SuperSport Action
Africa Super Sports,South Africa SuperSport Premier League
Africa Super Sports,South Africa SuperSport Grandstand
Africa Super Sports,South Africa SuperSport Motorsport
Africa Super Sports,South Africa SuperSport Variety 1
Africa Super Sports,South Africa SuperSport Variety 2
Africa Super Sports,South Africa SuperSport Variety 3
Africa Super Sports,South Africa SuperSport Variety 4
Africa Super Sports,South Africa SuperSport Euro2020
Africa Super Sports,South Africa SuperSport Football
Africa Super Sports,South Africa SUPERSPORT MAXIMO 1
Africa Super Sports,South Africa SuperSport Cricket
Africa Super Sports,South Africa SUPERSPORT MAXIMO
Africa Super Sports,South Africa Supersport Play 1
Africa Super Sports,South Africa Supersport Tennis
Africa Super Sports,South Africa SUPERSPORT BLITZ
Africa Super Sports,South Africa SuperSport Rugby
Africa Super Sports,South Africa SuperSport Golf
Africa Super Sports,South Africa SuperSport PSL
Albania,AL: Masha dhe Ariu
Albania,AL: MTV Live HD
Albania,AL: MTV KOSOVO HD
Albania,AL: RTV Sharri
Albania,AL: ART SPORT 1 HD
Albania,AL: SOFIA HD
Albania,AL: Melody TV
Albania,AL: ART KINO 1 FHD
Albania,AL: ART KINO 2 FHD
Albania,AL: TRING SHQIP
Albania,AL: TRING FANTASY
Albania,AL: 8OVA Gjurme Shqipetare TV
Albania,AL: Super Sport 1 Kosova HD
Albania,AL: Super Sport 2 Kosova HD
Albania,AL: TOP ESTRADA MUSIC TV HD
Albania,AL: TRING INTERNATIONAL HD
Albania,AL: APOLLON TELEVIZION HD
Albania,AL: Cka Ka Shpija 24/7 HD
Albania,AL: Discovery Channel FHD
Albania,AL: Channel 1 SHKODËR HD
Albania,AL: Discovery Science HD
Albania,AL: SUPER SPORT NEWS FHD
Albania,AL: Tele One Aventure HD
Albania,AL: Tele One Thriller HD
Albania,AL: CLICK MUSIC Channel
Albania,AL: Lugina Popullore HD
Albania,AL: Nick Junior Channel
Albania,AL: RTV 21 MAGEDONIA HD
Albania,AL: RTV 21 Popullore HD
Albania,AL: TRING SPORT NEWS HD
Albania,AL: TRING SUMMERTIME HD
Albania,AL: TV ASHKALI ISLAM HD
Albania,AL: KINO PREMIERE 2 HD
Albania,AL: Kino Premiere 3 HD
Albania,AL: RTV 21 NEWSBIZ FHD
Albania,AL: Tele One Aksion HD
Albania,AL: Travel Channel FHD
Albania,AL: ANIMAL PLANET FHD
Albania,AL: Big Brother 1 VIP
Albania,AL: Big Brother 2 VIP
Albania,AL: Disney JUNIOR FHD
Albania,AL: FILM BOX EXTRA HD
Albania,AL: ISTOGU Channel HD
Albania,AL: Kino Premiere1 HD
Albania,AL: SUPER SPORT 2 FHD
Albania,AL: SUPER SPORT 3 FHD
Albania,AL: SUPER SPORT 4 FHD
Albania,AL: SUPER SPORT 5 FHD
Albania,AL: SUPER SPORT 6 FHD
Albania,AL: Tele One Crime HD
Albania,AL: Tele One Drame HD
Albania,AL: TRING SPORT 1 FHD
Albania,AL: TRING SPORT 2 FHD
Albania,AL: TRING SPORT 4 FHD
Albania,AL: AL SKY COMEDY HD
Albania,AL: ARENA SPORT 5 HD
Albania,AL: EXPLORER SHKENCE
Albania,AL: FILM BOX PREMIUM
Albania,AL: HS Ashkali TV HD
Albania,AL: Kanal D Drama HD
Albania,AL: RTV 21 JUNIOR HD
Albania,AL: Super Sport 1 HD
Albania,AL: Super Sport 7 HD
Albania,AL: Tele one EPIk HD
Albania,AL: TRING ACTION FHD
Albania,AL: TRING SPORT 3 HD
Albania,AL: TURBO Channel HD
Albania,AL: ALB THRILLER HD
Albania,AL: ALB TOM & JERRY
Albania,AL: CARTOON NETWORK
Albania,AL: Explore Histori
Albania,AL: EXPLORER NATYRA
Albania,AL: FILM AKSION FHD
Albania,AL: KLAN Kosova FHD
Albania,AL: RTV FONTANA FHD
Albania,AL: Syri News TV HD
Albania,AL: TOP Channel FHD
Albania,AL: TRING 3 PLUS HD
Albania,AL: TRING JOLLY FHD
Albania,AL: TRING SUPER FHD
Albania,AL: VIZION PLUS FHD
Albania,AL Sport Klub 1 HD
Albania,AL: 8OVA Action HD
Albania,AL: ALB HUMOR 2 HD
Albania,AL: ALB WESTERN HD
Albania,AL: ART KINO 3 FHD
Albania,AL: ART SPORT 2 HD
Albania,AL: ART SPORT 3 HD
Albania,AL: BANG BANG KIDS
Albania,AL: Channel ONE HD
Albania,AL: Digi Gold 1 HD
Albania,AL: EUROSPORT 1 HD
Albania,AL: EUROSPORT 2 HD
Albania,AL: Film Gold 3 HD
Albania,AL: FOX Movies FHD
Albania,AL: Lugina Islam 2
Albania,AL: RTSH MUZIKË HD
Albania,AL: RTV 21 PLUS HD
Albania,AL: SUPER SONIC TV
Albania,AL: X PREMIUM 1 HD
Albania,AL: X PREMIUM 2 HD
Albania,AL: X PREMIUM 3 HD
Albania,AL: X Premium 4 HD
Albania,AL: 8ova ilahi HD
Albania,AL: ALB ACTION HD
Albania,AL: ALB MUSIC FHD
Albania,AL: Disney XD FHD
Albania,AL: FILM BOX PLUS
Albania,AL: FILM DRAMË HD
Albania,AL: FILM HITS FHD
Albania,AL: FILM THRILLER
Albania,AL: FIRST Channel
Albania,AL: Kanali 7 NEWS
Albania,AL: Klan Plus FHD
Albania,AL: RTSH SHQIP HD
Albania,AL: RTSH SPORT HD
Albania,AL: RTV 21 MIX HD
Albania,AL: TRING History
Albania,AL: Tv POLLOGU HD
Albania,AL: ALB HUMOR HD
Albania,AL: ARTA NEWS HD
Albania,AL: FOX Crime HD
Albania,AL: FOX LIFE FHD
Albania,AL: K Sport 1 HD
Albania,AL: K Sport 2 HD
Albania,AL: K Sport 3 HD
Albania,AL: K Sport 4 HD
Albania,AL: KINO PREMIUM
Albania,AL: Lugina Islam
Albania,AL: ORA NWES FHD
Albania,AL: PEACE TV FHD
Albania,AL: RTSH FILM HD
Albania,AL: RTV ISLAM HD
Albania,AL: SHOTA TV FHD
Albania,AL: STAR PLUS HD
Albania,AL: SYRI BLUE HD
Albania,AL: Tring Komedi
Albania,AL: TRING PLANET
Albania,AL: TV DIELLI HD
Albania,AL: TV Dukagjini
Albania,AL: TV MITROVICA
Albania,AL: TV SHARRI HD
Albania,AL: X ROMANCE HD
Albania,AL: X SHKENCA HD
Albania,AL: X Western HD
Albania,AL BBF MUSIC TV
Albania,AL X History HD
Albania,AL: ALSAT M FHD
Albania,AL: B GOLD 4 HD
Albania,AL: Euro Film 1
Albania,AL: euronews HD
Albania,AL: FILM DY FHD
Albania,AL: Film GOLD 1
Albania,AL: Film Gold 2
Albania,AL: FILM KOMEDI
Albania,AL: FILM NJË HD
Albania,AL: Film Stinet
Albania,AL: Filma 24 HD
Albania,AL: FOX News HD
Albania,AL: NAT GEO FHD
Albania,AL: RTSH FEMIJE
Albania,AL: RTSH KUVEND
Albania,AL: RTV PENDIMI
Albania,AL: SYRI VISION
Albania,AL: TOP NEWS HD
Albania,AL: TRING SMILE
Albania,AL: TRING TRING
Albania,AL: TRING WORLD
Albania,AL: TV Diaspora
Albania,AL: TV PRIZRENI
Albania,AL: X ACTION HD
Albania,AL: X COMEDY HD
Albania,AL: X FAMILY HD
Albania,AL: X GOLD 2 HD
Albania,AL: X GOLD 3 HD
Albania,AL: X GOLD 4 HD
Albania,AL: X NATYRA HD
Albania,AL ALBA MUZIKË
Albania,AL: 24 KITCHEN
Albania,AL: ARENA 2 HD
Albania,AL: BABY TV HD
Albania,AL: EURO AL HD
Albania,AL: FAMILY FHD
Albania,AL: FASHION TV
Albania,AL: FILM AUTOR
Albania,AL: History HD
Albania,AL: Living FHD
Albania,AL: Mekka Live
Albania,AL: NICK TOONS
Albania,AL: RTK SAT HD
Albania,AL: RTK SERIAL
Albania,AL: RTSH 24 HD
Albania,AL: RTSH KORÇA
Albania,AL: SCAN TV HD
Albania,AL: Sky Aksion
Albania,AL: SKY KOMEDI
Albania,AL: SKY NOVELA
Albania,AL: STUPCAT HD
Albania,AL: SUPER FOLK
Albania,AL: TRING KIDS
Albania,AL: TRING LIFE
Albania,AL: TV ASHKALI
Albania,AL: TV KOPLIKU
Albania,AL: A1 Report
Albania,AL: ABC STORY
Albania,AL: Adria Net
Albania,AL: AKSION HD
Albania,AL: ALBUK FHD
Albania,AL: BOOMERANG
Albania,AL: ELRODI TV
Albania,AL: EURO FILM
Albania,AL: Jolly FHD
Albania,AL: JUNIOR HD
Albania,AL: REPORT HD
Albania,AL: ROZAFA TV
Albania,AL: RROKUM HD
Albania,AL: RTK 1 FHD
Albania,AL: RTK 3 FHD
Albania,AL: RTK 4 FHD
Albania,AL: RTSH 1 HD
Albania,AL: RTSH 2 HD
Albania,AL: RTSH 3 HD
Albania,AL: RTSH PLUS
Albania,AL: RTV 21 HD
Albania,AL: SKY DRAMA
Albania,AL: Tirana TV
Albania,AL: TV Shenja
Albania,AL: USKANA HD
Albania,AL: X DARK HD
Albania,AL: ABC NEWS
Albania,AL: Click HD
Albania,AL: DASMA TV
Albania,AL: DRITA TV
Albania,AL: Fax News
Albania,AL: HBO 2 HD
Albania,AL: MTV Hits
Albania,AL: My Music
Albania,AL: QURAN TV
Albania,AL: RTK 2 HD
Albania,AL: RTV ALDI
Albania,AL: STV Folk
Albania,AL: TV Opoja
Albania,AL: BESA TV
Albania,AL: CLUB TV
Albania,AL: DUCK TV
Albania,AL: HBO FHD
Albania,AL: Humor 1
Albania,AL: Klan HD
Albania,AL: Klan MK
Albania,AL: KOHA HD
Albania,AL: KTV FHD
Albania,AL: MUSE TV
Albania,AL: NEWS 24
Albania,AL: ORA FHD
Albania,AL: PLUS HD
Albania,AL: SKY MAX
Albania,AL: TEMA HD
Albania,AL: TV Koha
Albania,AL: VALI TV
Albania,AL: ERA TV
Albania,AL: FOLK +
Albania,AL: FOX HD
Albania,AL: Jug Tv
Albania,AL: Novela
Albania,AL: TIP TV
Albania,AL: A MOL
Albania,AL: Mekka
Albania,AL: MRT 2
Albania,AL: ON TV
Albania,AL: Smile
Albania,AL: T FHD
Albania,AL: 7 HD
Albania,AL: ÇUFO
Albania,AL: Tvsh
Albania,ALB Kids
Albania,AL: BBF
Albania,AL: DTV
Albania,AL: T7
AR: Algeria,ALG: Algerie TV 4 Tamazight
AR: Algeria,ALG: Algerie Elmaarifa TV7
AR: Algeria,ALG: Algerie TV8 Edhakira
AR: Algeria,ALG: Algérie Canal TV 2
AR: Algeria,ALG: Tv5 Monde Style HD
AR: Algeria,ALG: El Hayat Algeria
AR: Algeria,ALG: Algerie EN TV 1
AR: Algeria,ALG: Algérie TV 6 HD
AR: Algeria,ALG: Almagharibia TV
AR: Algeria,ALG: Elmourabiton TV
AR: Algeria,ALG: Echourouk News
AR: Algeria,ALG: El Fadjr TV DZ
AR: Algeria,ALG: Algeria A3 HD
AR: Algeria,ALG: Echorouk HEVC
AR: Algeria,ALG: Echorouk News
AR: Algeria,ALG: El Djazairia1
AR: Algeria,ALG: Dzair Jannah
AR: Algeria,ALG: El Heddaf TV
AR: Algeria,ALG: EL Badil TV
AR: Algeria,ALG: Al Qanat 9
AR: Algeria,ALG: Berbere TV
AR: Algeria,ALG: Ennahar TV
AR: Algeria,ALG: Awraas TV
AR: Algeria,ALG: Coran TV5
AR: Algeria,ALG: Echourouk
AR: Algeria,ALG: Bahia TV
AR: Algeria,ALG: El Bilad
AR: Algeria,ALG: Samir TV
AR: Algeria,ALG: Al Anis
AR: Algeria,ALG: Beur TV
AR: Algeria,ALG: Dzair 3
AR: Algeria,ALG: Numidia
AR: Arab BeIN sports VIP,AR: BEIN SPORTS Premium 3 HEVC HD
AR: Arab BeIN sports VIP,AR: BEIN SPORTS Premium 1 HD
AR: Arab BeIN sports VIP,AR: BEIN SPORTS Premium 2 HD
AR: Arab BeIN sports VIP,AR: BEIN SPORTS Premium 1
AR: Arab BeIN sports VIP,BeIN SPORTS 2 English FHD
AR: Arab BeIN sports VIP,BeIN Sports English 3 FHD
AR: Arab BeIN sports VIP,BeIN Sports English 1 HD
AR: Arab BeIN sports VIP,AR: beIN Sports News HD
AR: Arab BeIN sports VIP,AR: beIN Sports 1 FHD
AR: Arab BeIN sports VIP,AR: beIN Sports 2 FHD
AR: Arab BeIN sports VIP,AR: beIN Sports 6 FHD
AR: Arab BeIN sports VIP,AR: beIN Sports 7 FHD
AR: Arab BeIN sports VIP,AR: beIN Sports Max 1
AR: Arab BeIN sports VIP,AR: beIN Sports Max 2
AR: Arab BeIN sports VIP,AR: beIN Sports Max 4
AR: Arab BeIN sports VIP,AR: beIN Sports Max 5
AR: Arab BeIN sports VIP,AR: beIN Sports Max 6
AR: Arab BeIN sports VIP,AR: beIN Sports Max 7
AR: Arab BeIN sports VIP,AR: beIN Sports Max 9
AR: Arab BeIN sports VIP,AR beIN Sports 3 FHD
AR: Arab BeIN sports VIP,AR beIN Sports 4 FHD
AR: Arab BeIN sports VIP,AR beIN Sports 5 FHD
AR: Arab BeIN sports VIP,AR- BeIN Sports SD 1
AR: Arab BeIN sports VIP,AR- BeIN Sports SD 2
AR: Arab BeIN sports VIP,AR- BeIN Sports SD 3
AR: Arab BeIN sports VIP,AR- BeIN Sports SD 5
AR: Arab BeIN sports VIP,AR- BeIN Sports SD 7
AR: Arab BeIN sports VIP,AR: BeIN Sports SD 4
AR: Arab BeIN sports VIP,AR: beIN Sports HD
AR: Arab BeIN sports VIP,beIN SPORTS MAX 8
AR: Arab BeIN VIP,AR: beIN Cartoon Network HD
AR: Arab BeIN VIP,AR: beIN Movies Action 2 HD
AR: Arab BeIN VIP,AR: beIN Movies Family 4 HD
AR: Arab BeIN VIP,AR: beIN Movies HD 2 Action
AR: Arab BeIN VIP,AR: beIN Movies Premiere HD
AR: Arab BeIN VIP,AR: beIN Movies DRAMA 3 HD
AR: Arab BeIN VIP,AR: beIN Movies Family HD
AR: Arab BeIN VIP,AR: beIN Movies 4 Family
AR: Arab BeIN VIP,AR: beIN Movies Drama HD
AR: Arab BeIN VIP,AR: beIN Dream Works HD
AR: Arab BeIN VIP,AR: beIN Movies 3 Drama
AR: Arab BeIN VIP,AR: beIN Fox Movies HD
AR: Arab BeIN VIP,AR: beIN Boomerang HD
AR: Arab BeIN VIP,AR: beIN FATAFEAT HD
AR: Arab BeIN VIP,AR: beIN Movies 1 HD
AR: Arab BeIN VIP,AR: beIN Movies 2 HD
AR: Arab BeIN VIP,AR: beIN Movies 3 HD
AR: Arab BeIN VIP,AR: beIN Movies 4 HD
AR: Arab BeIN VIP,AR: beIN Series 1 HD
AR: Arab BeIN VIP,AR: beIN Series 2 HD
AR: Arab BeIN VIP,AR: beIN Drama 1 HD
AR: Arab BeIN VIP,AR: beIN Gourmet HD
AR: Arab BeIN VIP,AR: beIN Outdoor HD
AR: Arab BeIN VIP,AR: beIN Baraem HD
AR: Arab BeIN VIP,AR: beIN Be Junior
AR: Arab BeIN VIP,AR: beIN Junior HD
AR: Arab BeIN VIP,AR: beIN Series HD
AR: Arab BeIN VIP,AR: beIN Travel HD
AR: Arab BeIN VIP,AR: beIN Jeem HD
AR: Arab BeIN VIP,AR: beIN Drama
AR: Arab BeIN VIP,AR: beIN DTX
AR: Arab Food Channels,Food: PNC Food Network
AR: Arab Food Channels,Food: Panorama Food
AR: Arab Food Channels,Food: Bein GOURMET
AR: Arab Food Channels,Food: CBC Sofra
AR: Arab Food Channels,Food: Samira TV
AR: Arab Food Channels,Food: Fatafeat
AR: Arab Food Channels,Food: Citruss
AR: Arab Food Channels,Food: Beity
AR: Arab Kids,AR: CN Arabic Cartoon Arabic
AR: Arab Kids,AR: Masha and the Bear 1 HD
AR: Arab Kids,AR: Karameesh Children
AR: Arab Kids,KIDS: Boomerang Arabia
AR: Arab Kids,AR: KIDS Islamic 1 HD
AR: Arab Kids,AR: MR Bean KIDS 1 HD
AR: Arab Kids,AR: Akwam Kids 10 HD
AR: Arab Kids,AR: Akwam Kids 11 HD
AR: Arab Kids,AR: Akwam Kids 12 HD
AR: Arab Kids,AR: Akwam Kids 13 HD
AR: Arab Kids,AR: Akwam Kids 14 HD
AR: Arab Kids,AR: Akwam Kids 15 HD
AR: Arab Kids,AR: Akwam Kids 16 HD
AR: Arab Kids,AR: Sasoki KIDS 1 HD
AR: Arab Kids,KIDS: Disney Channel
AR: Arab Kids,KIDS: Mickey Channel
AR: Arab Kids,AR: Akwam Kids 1 HD
AR: Arab Kids,AR: Akwam Kids 2 HD
AR: Arab Kids,AR: Akwam Kids 3 HD
AR: Arab Kids,AR: Akwam Kids 4 HD
AR: Arab Kids,AR: Akwam Kids 5 HD
AR: Arab Kids,AR: Akwam Kids 6 HD
AR: Arab Kids,AR: Akwam Kids 7 HD
AR: Arab Kids,AR: Akwam Kids 8 HD
AR: Arab Kids,AR: Akwam Kids 9 HD
AR: Arab Kids,KIDS: Disney Junior
AR: Arab Kids,KIDS: Movies Disney
AR: Arab Kids,AR: Kuwait Kids HD
AR: Arab Kids,AR: Majid kids FHD
AR: Arab Kids,AR: Rotana Kids HD
AR: Arab Kids,AR: Toyor Al Janeh
AR: Arab Kids,AR: Atfal Mawaheb
AR: Arab Kids,AR: Hodhod Arabic
AR: Arab Kids,AR: Tom and Jerry
AR: Arab Kids,KIDS: Nickelodeon
AR: Arab Kids,AR: iEN Doros 13
AR: Arab Kids,AR: iEN Doros 14
AR: Arab Kids,AR: iEN Doros 15
AR: Arab Kids,AR: iEN Doros 16
AR: Arab Kids,AR: iEN Doros 17
AR: Arab Kids,AR: iEN Doros 18
AR: Arab Kids,AR: iEN Doros 19
AR: Arab Kids,AR: iEN Doros 20
AR: Arab Kids,AR: iEN Doros 21
AR: Arab Kids,AR: iEN Doros 22
AR: Arab Kids,AR: iEN Doros 23
AR: Arab Kids,AR: Space Toon 1
AR: Arab Kids,AR: Thikrayat HD
AR: Arab Kids,AR: Batoot Kids
AR: Arab Kids,KIDS: Disney XD
AR: Arab Kids,KIDS: Mody Kids
AR: Arab Kids,AR: Sirag 1 HD
AR: Arab Kids,AR: Sirag 2 HD
AR: Arab Kids,AR: Toyor Baby
AR: Arab Kids,KIDS: Gulli HD
AR: Arab Kids,KIDS: Kokki TV
AR: Arab Kids,AR: Shehab TV
AR: Arab Kids,AR: Spacetoon
AR: Arab Kids,KIDS: Baby TV
AR: Arab Kids,KIDS: Jeem HD
AR: Arab Kids,KIDS: NETFLIX
AR: Arab Kids,AR: Doros 10
AR: Arab Kids,AR: Doros 11
AR: Arab Kids,AR: Doros 12
AR: Arab Kids,AR: Koogi TV
AR: Arab Kids,AR: Doros 1
AR: Arab Kids,AR: Doros 2
AR: Arab Kids,AR: Doros 3
AR: Arab Kids,AR: Doros 4
AR: Arab Kids,AR: Doros 5
AR: Arab Kids,AR: Doros 6
AR: Arab Kids,AR: Doros 7
AR: Arab Kids,AR: Doros 8
AR: Arab Kids,AR: Doros 9
AR: Arab Kids,KIDS: MBC 3
AR: Arab Kids,AR: Taha
AR: Arab MBC,AR:  MyHD Fox Action Movies
AR: Arab MBC,AR: MBC PANORAMA FM FHD
AR: Arab MBC,AR: MBC PLUS VARIETY HD
AR: Arab MBC,AR: MBC DRAMA PLUS FHD
AR: Arab MBC,AR:  MyHD FOX Rewayat
AR: Arab MBC,AR: MBC BOLLYWOOD FHD
AR: Arab MBC,AR: MBC MASER 2 FHD
AR: Arab MBC,AR: MBC ACTION FHD
AR: Arab MBC,AR: MBC PERSIA FHD
AR: Arab MBC,AR: MBC DRAMA FHD
AR: Arab MBC,AR: MBC IRAQ HEVC
AR: Arab MBC,AR: MBC MASER FHD
AR: Arab MBC,AR:  MBC Variety
AR: Arab MBC,AR: BOLLYWOOD 1
AR: Arab MBC,AR: MBC MAX FHD
AR: Arab MBC,AR: MBC FM FHD
AR: Arab MBC,AR: B4U Aflam
AR: Arab MBC,AR: MBC 1 FHD
AR: Arab MBC,AR: MBC 2 FHD
AR: Arab MBC,AR: MBC 3 FHD
AR: Arab MBC,AR: MBC 4 FHD
AR: Arab MBC,AR: MBC 5 FHD
AR: Arab MBC,AR: Zee Aflam
AR: Arab MBC,AR: Zee Alwan
AR: Arab MBC,AR: B4U Plus
AR: Arab News,AR: Al Jazeera Documentary HD
AR: Arab News,News: Al Ekhbariya Saudi HEVC
AR: Arab News,LIVE: Corona Virus World Map
AR: Arab News,AR: Russia Today English HD
AR: Arab News,AR: Al Jazeera Mubasher HD
AR: Arab News,AR: BBC World News ENGLISH
AR: Arab News,AR: Al Arabiya Hadath FHD
AR: Arab News,AR: Al Jazeera English HD
AR: Arab News,AR: BBC World News ARABIC
AR: Arab News,AR: Rusia Today Arabic HD
AR: Arab News,AR: Saudia Asharq News HD
AR: Arab News,NEWS: Al Ghad Al Araby HD
AR: Arab News,AR: France 24 ENGLISH HD
AR: Arab News,AR: Sky News Arabia HEVC
AR: Arab News,News: Alsharqiya News HD
AR: Arab News,AR: France 24 ARABIC HD
AR: Arab News,AR: I24 News English HD
AR: Arab News,Coronavirus World Map 2
AR: Arab News,News: Al Hadath Iraq HD
AR: Arab News,AR: Al Jazera Mubasher
AR: Arab News,AR: Hadramout TV  News
AR: Arab News,AR: iNews TV Arabic HD
AR: Arab News,News: Syria Alikhbaria
AR: Arab News,AR: Al Haqeqa Dawalah
AR: Arab News,News: Alhurra Iraq HD
AR: Arab News,AR: Al Hadath Alyoum
AR: Arab News,AR: CGTN Documentary
AR: Arab News,News: Al Iraqia News
AR: Arab News,News: Al Mustakillah
AR: Arab News,News: Libya 218 News
AR: Arab News,AR: Al Jazeera HEVC
AR: Arab News,AR: TRT NEWS ARABIC
AR: Arab News,News: Echorouk News
AR: Arab News,News: Al Hiwar FHD
AR: Arab News,AR: Al Arabiya HD
AR: Arab News,News: Al Mayadeen
AR: Arab News,News: CNBC Arabia
AR: Arab News,News: Euronews DE
AR: Arab News,News: Euronews EN
AR: Arab News,News: Euronews FR
AR: Arab News,News: Euronews RU
AR: Arab News,News: i24 News FR
AR: Arab News,AR: Alyaum TV HD
AR: Arab News,AR: DW Arabic HD
AR: Arab News,AR: Sky News FHD
AR: Arab News,News: Alhurra TV
AR: Arab News,News: DW Deutsch
AR: Arab News,News: RT Russian
AR: Arab News,AR: Al Araby HD
AR: Arab News,AR: i24 News HD
AR: Arab News,AR: Press TV HD
AR: Arab News,News: Al Aan TV
AR: Arab News,News: Bloomberg
AR: Arab News,News: Nile News
AR: Arab News,News: TRT HABER
AR: Arab News,AR: Al Ayam TV
AR: Arab News,AR: DW English
AR: Arab News,AR: Extra News
AR: Arab News,News: Al Manar
AR: Arab News,News: CNN TURK
AR: Arab News,News: Fox News
AR: Arab News,AR: CNN News
AR: Arab News,AR: Al Alam
AR: Arab News,Noursat TV*
AR: Arab OSN VIP (Orbit Showtime Network),AR: OSN Movies Box Office 1 HD
AR: Arab OSN VIP (Orbit Showtime Network),AR: OSN Movies Box Office 3 HD
AR: Arab OSN VIP (Orbit Showtime Network),AR: OSN ON DEMAND EXTRA 1 HD
AR: Arab OSN VIP (Orbit Showtime Network),AR: OSN ON DEMAND EXTRA 2 HD
AR: Arab OSN VIP (Orbit Showtime Network),AR: OSN ON DEMAND EXTRA 3 HD
AR: Arab OSN VIP (Orbit Showtime Network),AR OSN Discovery Science HD
AR: Arab OSN VIP (Orbit Showtime Network),AR: OSN Movies Comedy +2 HD
AR: Arab OSN VIP (Orbit Showtime Network),AR: OSN Movies Festival HD
AR: Arab OSN VIP (Orbit Showtime Network),AR: OSN Movies First +2 HD
AR: Arab OSN VIP (Orbit Showtime Network),AR: OSN Movies Premiere +2
AR: Arab OSN VIP (Orbit Showtime Network),AR: OSN Movies Premiere HD
AR: Arab OSN VIP (Orbit Showtime Network),AR: OSN Movies Thriller +2
AR: Arab OSN VIP (Orbit Showtime Network),AR: Osn Movies Thriller HD
AR: Arab OSN VIP (Orbit Showtime Network),Arab OSN MOVIES PREMIERE 2
AR: Arab OSN VIP (Orbit Showtime Network),AR: OSN Home Cinema 1 FHD
AR: Arab OSN VIP (Orbit Showtime Network),AR: OSN Home Cinema 2 FHD
AR: Arab OSN VIP (Orbit Showtime Network),AR: OSN NAT GEO People HD
AR: Arab OSN VIP (Orbit Showtime Network),AR: OSN YA HALA CINEMA HD
AR: Arab OSN VIP (Orbit Showtime Network),AR: OSN Action Movies HD
AR: Arab OSN VIP (Orbit Showtime Network),AR: OSN Movies Action HD
AR: Arab OSN VIP (Orbit Showtime Network),AR: OSN Movies Comedy HD
AR: Arab OSN VIP (Orbit Showtime Network),AR: OSN Movies Family HD
AR: Arab OSN VIP (Orbit Showtime Network),AR: OSN Series First FHD
AR: Arab OSN VIP (Orbit Showtime Network),AR OSN ANIMAL PLANET HD
AR: Arab OSN VIP (Orbit Showtime Network),AR OSN Disney JUNIOR HD
AR: Arab OSN VIP (Orbit Showtime Network),AR: OSN Box Office 2 HD
AR: Arab OSN VIP (Orbit Showtime Network),AR: OSN Box Office 3 HD
AR: Arab OSN VIP (Orbit Showtime Network),AR: OSN Gulli Arabie HD
AR: Arab OSN VIP (Orbit Showtime Network),AR: OSN History Channel
AR: Arab OSN VIP (Orbit Showtime Network),AR: OSN Movies Drama HD
AR: Arab OSN VIP (Orbit Showtime Network),AR: OSN Movies FIRST HD
AR: Arab OSN VIP (Orbit Showtime Network),AR: OSN NAT GEO WILD HD
AR: Arab OSN VIP (Orbit Showtime Network),AR: OSN Premiere Movies
AR: Arab OSN VIP (Orbit Showtime Network),AR: OSN Series First HD
AR: Arab OSN VIP (Orbit Showtime Network),AR: OSN Star Movies FHD
AR: Arab OSN VIP (Orbit Showtime Network),AR: OSN Thriller Movies
AR: Arab OSN VIP (Orbit Showtime Network),AR: OSN Fine Living HD
AR: Arab OSN VIP (Orbit Showtime Network),AR: OSN FIRST Movies 2
AR: Arab OSN VIP (Orbit Showtime Network),AR: OSN FOX Rewayat HD
AR: Arab OSN VIP (Orbit Showtime Network),AR: OSN Movies Kids HD
AR: Arab OSN VIP (Orbit Showtime Network),AR: OSN ON DEMAND 1 HD
AR: Arab OSN VIP (Orbit Showtime Network),AR: OSN ON DEMAND 2 HD
AR: Arab OSN VIP (Orbit Showtime Network),AR: OSN ON DEMAND 3 HD
AR: Arab OSN VIP (Orbit Showtime Network),AR: OSN Yahala Oula HD
AR: Arab OSN VIP (Orbit Showtime Network),AE: OSN Famely Movies
AR: Arab OSN VIP (Orbit Showtime Network),AR OSN NAT GEO Pepole
AR: Arab OSN VIP (Orbit Showtime Network),AR OSN nickelodeon HD
AR: Arab OSN VIP (Orbit Showtime Network),AR: OSN Alfa Cinema 1
AR: Arab OSN VIP (Orbit Showtime Network),AR: OSN Alfa Cinema 2
AR: Arab OSN VIP (Orbit Showtime Network),AR: OSN AMC Movies HD
AR: Arab OSN VIP (Orbit Showtime Network),AR: OSN KidsCo Movies
AR: Arab OSN VIP (Orbit Showtime Network),AR: OSN Movie First 2
AR: Arab OSN VIP (Orbit Showtime Network),AR: OSN Star World HD
AR: Arab OSN VIP (Orbit Showtime Network),AR: OSN ALFA Al Youm
AR: Arab OSN VIP (Orbit Showtime Network),AR: OSN Kids Zone HD
AR: Arab OSN VIP (Orbit Showtime Network),AR: OSN Movies +2 HD
AR: Arab OSN VIP (Orbit Showtime Network),AR: OSN Muslsalat HD
AR: Arab OSN VIP (Orbit Showtime Network),AR: OSN My Cinema HD
AR: Arab OSN VIP (Orbit Showtime Network),AR OSN BBC FIRST HD
AR: Arab OSN VIP (Orbit Showtime Network),AR OSN Discovery HD
AR: Arab OSN VIP (Orbit Showtime Network),AR OSN Music Now HD
AR: Arab OSN VIP (Orbit Showtime Network),AR: OSN CINEMA 1 HD
AR: Arab OSN VIP (Orbit Showtime Network),AR: OSN TRACE URBAN
AR: Arab OSN VIP (Orbit Showtime Network),AR OSN FOX LIFE HD
AR: Arab OSN VIP (Orbit Showtime Network),AR: OSN NAT GEO HD
AR: Arab OSN VIP (Orbit Showtime Network),AR: OSN Nick JR HD
AR: Arab OSN VIP (Orbit Showtime Network),AR: OSN Outdoor HD
AR: Arab OSN VIP (Orbit Showtime Network),AR: OSN The Movies
AR: Arab OSN VIP (Orbit Showtime Network),AR: OSN Ya Hala HD
AR: Arab OSN VIP (Orbit Showtime Network),Arab OSN BOOMERANG
AR: Arab OSN VIP (Orbit Showtime Network),AR: ART Hekayat 1
AR: Arab OSN VIP (Orbit Showtime Network),AR: ART Hekayat 2
AR: Arab OSN VIP (Orbit Showtime Network),AR: OSN Comedy HD
AR: Arab OSN VIP (Orbit Showtime Network),AR: OSN COMEDY HD
AR: Arab OSN VIP (Orbit Showtime Network),AR: OSN Dreamwork
AR: Arab OSN VIP (Orbit Showtime Network),AR: OSN Living HD
AR: Arab OSN VIP (Orbit Showtime Network),AR OSN History 2
AR: Arab OSN VIP (Orbit Showtime Network),AR: OSN FataFeat
AR: Arab OSN VIP (Orbit Showtime Network),AR: OSN W Movies
AR: Arab OSN VIP (Orbit Showtime Network),AR : OSN Fox HD
AR: Arab OSN VIP (Orbit Showtime Network),AR OSN MTV LIVE
AR: Arab OSN VIP (Orbit Showtime Network),AR OSN NickToon
AR: Arab OSN VIP (Orbit Showtime Network),AR: AlKass 1 HD
AR: Arab OSN VIP (Orbit Showtime Network),AR: AlKass 2 HD
AR: Arab OSN VIP (Orbit Showtime Network),AR: AlKass 3 HD
AR: Arab OSN VIP (Orbit Showtime Network),AR: AlKass 4 HD
AR: Arab OSN VIP (Orbit Showtime Network),AR: AlKass 5 HD
AR: Arab OSN VIP (Orbit Showtime Network),AR: ART Aflam 1
AR: Arab OSN VIP (Orbit Showtime Network),AR: ART Aflam 2
AR: Arab OSN VIP (Orbit Showtime Network),AR: OSN Al yawm
AR: Arab OSN VIP (Orbit Showtime Network),AR: OSN BING HD
AR: Arab OSN VIP (Orbit Showtime Network),AR: OSN Syfy HD
AR: Arab OSN VIP (Orbit Showtime Network),AR: ART Cinema
AR: Arab OSN VIP (Orbit Showtime Network),AR: OSN Enigma
AR: Arab OSN VIP (Orbit Showtime Network),AR: OSN TLC HD
AR: Arab OSN VIP (Orbit Showtime Network),AR: OSN WWE HD
AR: Arab OSN VIP (Orbit Showtime Network),AR OSN JimJam
AR: Arab OSN VIP (Orbit Showtime Network),AR OSN E! HD
AR: Arab OSN VIP (Orbit Showtime Network),AR: OSN Fann
AR: Arab OSN VIP (Orbit Showtime Network),AR: OSN Kids
AR: Arab OSN VIP (Orbit Showtime Network),AR MTV 00's
AR: Arab Rotana,AR: Rotana Khalijeah HEVC
AR: Arab Rotana,AR: Rotana Cinema HD KSA
AR: Arab Rotana,AR: Rotana Classic HEVC
AR: Arab Rotana,AR: Rotana Cinema HEVC
AR: Arab Rotana,AR: Rotana Comedy HEVC
AR: Arab Rotana,AR: Rotana Drama HEVC
AR: Arab Rotana,AR: Rotana Masriya HD
AR: Arab Rotana,AR: Rotana Music HEVC
AR: Arab Rotana,AR: Rotana Aflam+ HD
AR: Arab Rotana,AR: Rotana M+ HD
AR: Arab Rotana,AR: Rotana Clip
AR: Arab Rotana,AR: Rotana HD +
AR: Arab Rotana,AR: Wanasah FHD
AR: Arab Rotana,AR: Rotana
AR: Arab TARAB,AR: Music Al Remas TV
AR: Arab TARAB,AR: Rotana Music HD
AR: Arab TARAB,TARAB: Souryana FM
AR: Arab TARAB,AR: Arabica HEVC
AR: Arab TARAB,AR: Hawacom HEVC
AR: Arab TARAB,AR: Aghani HEVC
AR: Arab TARAB,AR: ONE SD HEVC
AR: Arab TARAB,AR: Aghapy TV+
AR: Arab TARAB,AR: Music 1 HD
AR: Arab TARAB,AR: Music 2 HD
AR: Arab TARAB,TARAB: Sham fm
AR: Arab TARAB,TARAB: Wanasah
AR: Arab TARAB,AR: SHA3BEYAT
AR: Arab TARAB,AR: Free TV
AR: Arab TARAB,AR: Mazzika
AR: Arabic +6H,AR: AL KAHERA WA ALNAS PLUS 2 +6H
AR: Arabic +6H,AR: LBC International FHD +6H
AR: Arabic +6H,AR: AL GHAD AL ARABY FHD +6H
AR: Arabic +6H,AR: AL SHARQIYA NEWS FHD +6H
AR: Arabic +6H,AR: MBC PANORAMA FM FHD +6H
AR: Arabic +6H,AR: SADA AL BALAD DRAMA +6H
AR: Arabic +6H,AR: AL KAHERA WA ALNAS +6H
AR: Arabic +6H,AR: AL SHARQIYA TV FHD +6H
AR: Arabic +6H,AR: MBC DRAMA PLUS FHD +6H
AR: Arabic +6H,AR: SYRIA SATELLITE TV +6H
AR: Arabic +6H,AR: AL HURRA IRAQ HD +6H
AR: Arabic +6H,AR: IRAQ TV NEWS FHD +6H
AR: Arabic +6H,AR: MBC BOLLYWOOD HD +6H
AR: Arabic +6H,AR: ON TIME SPORT HD +6H
AR: Arabic +6H,AR: TELE LEBANON FHD +6H
AR: Arabic +6H,AR: AL ETHJAH TV HD +6H
AR: Arabic +6H,AR: AL MAGHRABIA HD +6H
AR: Arabic +6H,AR: OTV LEBANON FHD +6H
AR: Arabic +6H,AR: SYRIA EDUCATION +6H
AR: Arabic +6H,AR: AL HAYAT DRAMA +6H
AR: Arabic +6H,AR: AL IRAQIA 2 HD +6H
AR: Arabic +6H,AR: AL NAHAR DRAMA +6H
AR: Arabic +6H,AR: IRAQ EDUCATION +6H
AR: Arabic +6H,AR: IRAQ FUTURE TV +6H
AR: Arabic +6H,AR: LDC LEBANON HD +6H
AR: Arabic +6H,AR: MBC PERSIA FHD +6H
AR: Arabic +6H,AR: MTV LEBANON 4K +6H
AR: Arabic +6H,AR: ONE TV LEBANON +6H
AR: Arabic +6H,AR: AL GHADEER TV +6H
AR: Arabic +6H,AR: ART HEKAYAT 1 +6H
AR: Arabic +6H,AR: ART HEKAYAT 2 +6H
AR: Arabic +6H,AR: IRAQIA SYRIAC +6H
AR: Arabic +6H,AR: KARBALA TV HD +6H
AR: Arabic +6H,AR: MBC ACTION HD +6H
AR: Arabic +6H,AR: MBC MASR 2 HD +6H
AR: Arabic +6H,AR: SADA AL BALAD +6H
AR: Arabic +6H,AR: AL NAHAR ONE +6H
AR: Arabic +6H,AR: ALYAUM TV HD +6H
AR: Arabic +6H,AR: ARRYIADIA HD +6H
AR: Arabic +6H,AR: ASSADISSA HD +6H
AR: Arabic +6H,AR: HONA BAGHDAD +6H
AR: Arabic +6H,AR: MBC DRAMA HD +6H
AR: Arabic +6H,AR: MEDI 1 TV HD +6H
AR: Arabic +6H,AR: NOOR AL SHAM +6H
AR: Arabic +6H,AR: SYRIAN TV HD +6H
AR: Arabic +6H,AR: AL AOULA HD +6H
AR: Arabic +6H,AR: AL HIWAR HD +6H
AR: Arabic +6H,AR: AL HURRA HD +6H
AR: Arabic +6H,AR: AL MAYADEEN +6H
AR: Arabic +6H,AR: ARRABIAA HD +6H
AR: Arabic +6H,AR: ART AFLAM 2 +6H
AR: Arabic +6H,AR: DIJLA TARAB +6H
AR: Arabic +6H,AR: INEWS TV HD +6H
AR: Arabic +6H,AR: LAAYOUNE HD +6H
AR: Arabic +6H,AR: LANA TV FHD +6H
AR: Arabic +6H,AR: MBC IRAQ HD +6H
AR: Arabic +6H,AR: MBC MASR HD +6H
AR: Arabic +6H,AR: SYRIA DRAMA +6H
AR: Arabic +6H,AR: AL AYAM TV +6H
AR: Arabic +6H,AR: AL EBAA TV +6H
AR: Arabic +6H,AR: AL KAWTHER +6H
AR: Arabic +6H,AR: AL SUMARIA +6H
AR: Arabic +6H,AR: ART CINEMA +6H
AR: Arabic +6H,AR: IRAQ 24 HD +6H
AR: Arabic +6H,AR: MBC FM FHD +6H
AR: Arabic +6H,AR: MBC MAX HD +6H
AR: Arabic +6H,AR: RAFIDEN TV +6H
AR: Arabic +6H,AR: SYRIA NEWS +6H
AR: Arabic +6H,AR: TAGHIER HD +6H
AR: Arabic +6H,AR: TELE MAROC +6H
AR: Arabic +6H,AR: AL RASHED +6H
AR: Arabic +6H,AR: DMC TV HD +6H
AR: Arabic +6H,AR: M24 MAROC +6H
AR: Arabic +6H,AR: SAMRRA TV +6H
AR: Arabic +6H,AR: 2M MAROC +6H
AR: Arabic +6H,AR: AL FORAT +6H
AR: Arabic +6H,AR: AL ITHAD +6H
AR: Arabic +6H,AR: AL MANAR +6H
AR: Arabic +6H,AR: ALJADEED FHD
AR: Arabic +6H,AR: CHADA TV +6H
AR: Arabic +6H,AR: DIJLA TV +6H
AR: Arabic +6H,AR: MBC 2 HD +6H
AR: Arabic +6H,AR: MBC 3 HD +6H
AR: Arabic +6H,AR: MBC 4 HD +6H
AR: Arabic +6H,AR: MBC 5 HD +6H
AR: Arabic +6H,AR: ON DRAMA +6H
AR: Arabic +6H,AR: UTV IRAQ +6H
AR: Arabic +6H,AR: AFAK TV +6H
AR: Arabic +6H,AR: LBC FHD +6H
AR: Arabic +6H,AR: NBN FHD +6H
AR: Arabic +6H,AR: ON E HD +6H
AR: Arabic +6H,AR: SAMA TV +6H
AR: Arabic +6H,AR: SHAM TV +6H
AR: Arabic +6H,AR: AL AHD +6H
AR: Arabic +6H,AR: ANB +6H
AR: Arabic +6H,CGTN Arabic
AR: Arabic BOX OFFICE,AR: OSN Movies Box Office 2 HD
AR: Arabic BOX OFFICE,AR: OSN Box Office 1 HD
AR: Arabic BOX OFFICE,AR: BOX OFFICE 100 FHD
AR: Arabic BOX OFFICE,AR: BOX OFFICE 10 FHD
AR: Arabic BOX OFFICE,AR: BOX OFFICE 11 FHD
AR: Arabic BOX OFFICE,AR: BOX OFFICE 12 FHD
AR: Arabic BOX OFFICE,AR: BOX OFFICE 13 FHD
AR: Arabic BOX OFFICE,AR: BOX OFFICE 14 FHD
AR: Arabic BOX OFFICE,AR: BOX OFFICE 15 FHD
AR: Arabic BOX OFFICE,AR: BOX OFFICE 16 FHD
AR: Arabic BOX OFFICE,AR: BOX OFFICE 17 FHD
AR: Arabic BOX OFFICE,AR: BOX OFFICE 18 FHD
AR: Arabic BOX OFFICE,AR: BOX OFFICE 19 FHD
AR: Arabic BOX OFFICE,AR: BOX OFFICE 20 FHD
AR: Arabic BOX OFFICE,AR: BOX OFFICE 21 FHD
AR: Arabic BOX OFFICE,AR: BOX OFFICE 22 FHD
AR: Arabic BOX OFFICE,AR: BOX OFFICE 23 FHD
AR: Arabic BOX OFFICE,AR: BOX OFFICE 24 FHD
AR: Arabic BOX OFFICE,AR: BOX OFFICE 25 FHD
AR: Arabic BOX OFFICE,AR: BOX OFFICE 26 FHD
AR: Arabic BOX OFFICE,AR: BOX OFFICE 27 FHD
AR: Arabic BOX OFFICE,AR: BOX OFFICE 28 FHD
AR: Arabic BOX OFFICE,AR: BOX OFFICE 29 FHD
AR: Arabic BOX OFFICE,AR: BOX OFFICE 30 FHD
AR: Arabic BOX OFFICE,AR: BOX OFFICE 31 FHD
AR: Arabic BOX OFFICE,AR: BOX OFFICE 32 FHD
AR: Arabic BOX OFFICE,AR: BOX OFFICE 33 FHD
AR: Arabic BOX OFFICE,AR: BOX OFFICE 34 FHD
AR: Arabic BOX OFFICE,AR: BOX OFFICE 35 FHD
AR: Arabic BOX OFFICE,AR: BOX OFFICE 36 FHD
AR: Arabic BOX OFFICE,AR: BOX OFFICE 37 FHD
AR: Arabic BOX OFFICE,AR: BOX OFFICE 38 FHD
AR: Arabic BOX OFFICE,AR: BOX OFFICE 39 FHD
AR: Arabic BOX OFFICE,AR: BOX OFFICE 40 FHD
AR: Arabic BOX OFFICE,AR: BOX OFFICE 41 FHD
AR: Arabic BOX OFFICE,AR: BOX OFFICE 42 FHD
AR: Arabic BOX OFFICE,AR: BOX OFFICE 43 FHD
AR: Arabic BOX OFFICE,AR: BOX OFFICE 44 FHD
AR: Arabic BOX OFFICE,AR: BOX OFFICE 45 FHD
AR: Arabic BOX OFFICE,AR: BOX OFFICE 46 FHD
AR: Arabic BOX OFFICE,AR: BOX OFFICE 47 FHD
AR: Arabic BOX OFFICE,AR: BOX OFFICE 48 FHD
AR: Arabic BOX OFFICE,AR: BOX OFFICE 49 FHD
AR: Arabic BOX OFFICE,AR: BOX OFFICE 50 FHD
AR: Arabic BOX OFFICE,AR: BOX OFFICE 51 FHD
AR: Arabic BOX OFFICE,AR: BOX OFFICE 52 FHD
AR: Arabic BOX OFFICE,AR: BOX OFFICE 53 FHD
AR: Arabic BOX OFFICE,AR: BOX OFFICE 54 FHD
AR: Arabic BOX OFFICE,AR: BOX OFFICE 55 FHD
AR: Arabic BOX OFFICE,AR: BOX OFFICE 56 FHD
AR: Arabic BOX OFFICE,AR: BOX OFFICE 57 FHD
AR: Arabic BOX OFFICE,AR: BOX OFFICE 58 FHD
AR: Arabic BOX OFFICE,AR: BOX OFFICE 59 FHD
AR: Arabic BOX OFFICE,AR: BOX OFFICE 60 FHD
AR: Arabic BOX OFFICE,AR: BOX OFFICE 61 FHD
AR: Arabic BOX OFFICE,AR: BOX OFFICE 62 FHD
AR: Arabic BOX OFFICE,AR: BOX OFFICE 63 FHD
AR: Arabic BOX OFFICE,AR: BOX OFFICE 64 FHD
AR: Arabic BOX OFFICE,AR: BOX OFFICE 65 FHD
AR: Arabic BOX OFFICE,AR: BOX OFFICE 66 FHD
AR: Arabic BOX OFFICE,AR: BOX OFFICE 67 FHD
AR: Arabic BOX OFFICE,AR: BOX OFFICE 68 FHD
AR: Arabic BOX OFFICE,AR: BOX OFFICE 69 FHD
AR: Arabic BOX OFFICE,AR: BOX OFFICE 70 FHD
AR: Arabic BOX OFFICE,AR: BOX OFFICE 71 FHD
AR: Arabic BOX OFFICE,AR: BOX OFFICE 72 FHD
AR: Arabic BOX OFFICE,AR: BOX OFFICE 73 FHD
AR: Arabic BOX OFFICE,AR: BOX OFFICE 74 FHD
AR: Arabic BOX OFFICE,AR: BOX OFFICE 75 FHD
AR: Arabic BOX OFFICE,AR: BOX OFFICE 76 FHD
AR: Arabic BOX OFFICE,AR: BOX OFFICE 77 FHD
AR: Arabic BOX OFFICE,AR: BOX OFFICE 78 FHD
AR: Arabic BOX OFFICE,AR: BOX OFFICE 79 FHD
AR: Arabic BOX OFFICE,AR: BOX OFFICE 80 FHD
AR: Arabic BOX OFFICE,AR: BOX OFFICE 81 FHD
AR: Arabic BOX OFFICE,AR: BOX OFFICE 82 FHD
AR: Arabic BOX OFFICE,AR: BOX OFFICE 83 FHD
AR: Arabic BOX OFFICE,AR: BOX OFFICE 84 FHD
AR: Arabic BOX OFFICE,AR: BOX OFFICE 85 FHD
AR: Arabic BOX OFFICE,AR: BOX OFFICE 86 FHD
AR: Arabic BOX OFFICE,AR: BOX OFFICE 87 FHD
AR: Arabic BOX OFFICE,AR: BOX OFFICE 88 FHD
AR: Arabic BOX OFFICE,AR: BOX OFFICE 89 FHD
AR: Arabic BOX OFFICE,AR: BOX OFFICE 90 FHD
AR: Arabic BOX OFFICE,AR: BOX OFFICE 91 FHD
AR: Arabic BOX OFFICE,AR: BOX OFFICE 92 FHD
AR: Arabic BOX OFFICE,AR: BOX OFFICE 93 FHD
AR: Arabic BOX OFFICE,AR: BOX OFFICE 94 FHD
AR: Arabic BOX OFFICE,AR: BOX OFFICE 95 FHD
AR: Arabic BOX OFFICE,AR: BOX OFFICE 96 FHD
AR: Arabic BOX OFFICE,AR: BOX OFFICE 97 FHD
AR: Arabic BOX OFFICE,AR: BOX OFFICE 98 FHD
AR: Arabic BOX OFFICE,AR: BOX OFFICE 99 FHD
AR: Arabic BOX OFFICE,AR: BOX OFFICE 1 FHD
AR: Arabic BOX OFFICE,AR: BOX OFFICE 2 FHD
AR: Arabic BOX OFFICE,AR: BOX OFFICE 3 FHD
AR: Arabic BOX OFFICE,AR: BOX OFFICE 4 FHD
AR: Arabic BOX OFFICE,AR: BOX OFFICE 5 FHD
AR: Arabic BOX OFFICE,AR: BOX OFFICE 6 FHD
AR: Arabic BOX OFFICE,AR: BOX OFFICE 7 FHD
AR: Arabic BOX OFFICE,AR: BOX OFFICE 8 FHD
AR: Arabic BOX OFFICE,AR: BOX OFFICE 9 FHD
AR: Arabic FLIX SERIES,AR: FLIX ARABIC SERIES 10 HD
AR: Arabic FLIX SERIES,AR: FLIX ARABIC SERIES 11 HD
AR: Arabic FLIX SERIES,AR: FLIX ARABIC SERIES 12 HD
AR: Arabic FLIX SERIES,AR: FLIX ARABIC SERIES 13 HD
AR: Arabic FLIX SERIES,AR: FLIX ARABIC SERIES 14 HD
AR: Arabic FLIX SERIES,AR: FLIX ARABIC SERIES 15 HD
AR: Arabic FLIX SERIES,AR: FLIX ARABIC SERIES 16 HD
AR: Arabic FLIX SERIES,AR: FLIX ARABIC SERIES 17 HD
AR: Arabic FLIX SERIES,AR: FLIX ARABIC SERIES 18 HD
AR: Arabic FLIX SERIES,AR: FLIX ARABIC SERIES 19 HD
AR: Arabic FLIX SERIES,AR: FLIX ARABIC SERIES 20 HD
AR: Arabic FLIX SERIES,AR: FLIX ARABIC SERIES 21 HD
AR: Arabic FLIX SERIES,AR: FLIX ARABIC SERIES 22 HD
AR: Arabic FLIX SERIES,AR: FLIX ARABIC SERIES 23 HD
AR: Arabic FLIX SERIES,AR: FLIX ARABIC SERIES 24 HD
AR: Arabic FLIX SERIES,AR: FLIX ARABIC SERIES 25 HD
AR: Arabic FLIX SERIES,AR: FLIX ARABIC SERIES 26 HD
AR: Arabic FLIX SERIES,AR: FLIX ARABIC SERIES 27 HD
AR: Arabic FLIX SERIES,AR: FLIX ARABIC SERIES 28 HD
AR: Arabic FLIX SERIES,AR: FLIX ARABIC SERIES 29 HD
AR: Arabic FLIX SERIES,AR: FLIX ARABIC SERIES 30 HD
AR: Arabic FLIX SERIES,AR: FLIX ARABIC SERIES 31 HD
AR: Arabic FLIX SERIES,AR: FLIX ARABIC SERIES 32 HD
AR: Arabic FLIX SERIES,AR: FLIX ARABIC SERIES 33 HD
AR: Arabic FLIX SERIES,AR: FLIX ARABIC SERIES 34 HD
AR: Arabic FLIX SERIES,AR: FLIX ARABIC SERIES 35 HD
AR: Arabic FLIX SERIES,AR: FLIX ARABIC SERIES 36 HD
AR: Arabic FLIX SERIES,AR: FLIX ARABIC SERIES 37 HD
AR: Arabic FLIX SERIES,AR: FLIX ARABIC SERIES 38 HD
AR: Arabic FLIX SERIES,AR: FLIX ARABIC SERIES 39 HD
AR: Arabic FLIX SERIES,AR: FLIX ARABIC SERIES 1 HD
AR: Arabic FLIX SERIES,AR: FLIX ARABIC SERIES 2 HD
AR: Arabic FLIX SERIES,AR: FLIX ARABIC SERIES 3 HD
AR: Arabic FLIX SERIES,AR: FLIX ARABIC SERIES 4 HD
AR: Arabic FLIX SERIES,AR: FLIX ARABIC SERIES 5 HD
AR: Arabic FLIX SERIES,AR: FLIX ARABIC SERIES 6 HD
AR: Arabic FLIX SERIES,AR: FLIX ARABIC SERIES 7 HD
AR: Arabic FLIX SERIES,AR: FLIX ARABIC SERIES 8 HD
AR: Arabic FLIX SERIES,AR: FLIX ARABIC SERIES 9 HD
AR: Arabic FLIX SERIES,AR: Ghawaar 2 HD
AR: Arabic FLIX SERIES,AR: Ghawaar 3 HD
AR: Arabic Sports,SPO: ON Time Sports 2 HEVC
AR: Arabic Sports,SPO: Abu Dhabi Sport 1 HD
AR: Arabic Sports,SPO: Abu Dhabi Sport 2 HD
AR: Arabic Sports,SPO: Abu Dhabi Sport 3 HD
AR: Arabic Sports,SPO: Dubai Racing 1 TV HD
AR: Arabic Sports,SPO: Abu DhabiSport 4 HD
AR: Arabic Sports,SPO: ON Time Sports 2 HD
AR: Arabic Sports,SPO: ON Time Sports 3 HD
AR: Arabic Sports,SPO: ON Time Sports HEVC
AR: Arabic Sports,SPO: Al Shabab Sport HD
AR: Arabic Sports,SPO: Bahrian Sport 1 HD
AR: Arabic Sports,SPO: Bahrian Sport 2 HD
AR: Arabic Sports,SPO : Libya Sport 2 HD
AR: Arabic Sports,SPO: Abu Dhabi sport 1
AR: Arabic Sports,SPO: Kuwait Sports+ HD
AR: Arabic Sports,SPO: SAUDI 24 SPORT HD
AR: Arabic Sports,SPO: Saudia Sport 1 HD
AR: Arabic Sports,SPO: Saudia Sport 2 HD
AR: Arabic Sports,SPO: AD Sports 1 HEVC
AR: Arabic Sports,SPO: AD Sports 2 HEVC
AR: Arabic Sports,SPO: AD Sports 3 HEVC
AR: Arabic Sports,SPO: Dubai Sport 3 HD
AR: Arabic Sports,SPO: Iraqia Sport FHD
AR: Arabic Sports,SPO: KAS Sport 1 Plus
AR: Arabic Sports,SPO: KSA Sport 1 HEVC
AR: Arabic Sports,SPO: KSA Sport 2 HEVC
AR: Arabic Sports,SPO: KSA Sport 3 HEVC
AR: Arabic Sports,SPO: ON Time Sport HD
AR: Arabic Sports,SPO: Sharjah Sport HD
AR: Arabic Sports,SPO: AD Sports 4 FHD
AR: Arabic Sports,SPO: Dubai Sport1 HD
AR: Arabic Sports,SPO: KSA Sport 4 FHD
AR: Arabic Sports,SPO: KSA Sports 3 HD
AR: Arabic Sports,SPO: Kuwait Sport HD
AR: Arabic Sports,SPO: Palestine Sport
AR: Arabic Sports,SPO: Al Kass 1 HEVC
AR: Arabic Sports,SPO: Al Kass 2 HEVC
AR: Arabic Sports,SPO: Al Kass 4 HEVC
AR: Arabic Sports,SPO: Dubai Racing 2
AR: Arabic Sports,SPO: Dubai Racing 3
AR: Arabic Sports,SPO: Zamalek Sports
AR: Arabic Sports,SPO: Oman Sport TV
AR: Arabic Sports,SPO: Yas Sport FHD
AR: Arabic Sports,SPO: Al Kass 1 HD
AR: Arabic Sports,SPO: Al Kass 2 HD
AR: Arabic Sports,SPO: Al Kass 4 HD
AR: Arabic Sports,SPO: Al Kass 5 HD
AR: Arabic Sports,SPO: Dubai Sport2
AR: Arabic Sports,SPO: Jordan Sport
AR: Arabic Sports,SPO: Nileen Sport
AR: Arabic Sports,SPO: Nile Sport
AR: Arabic Sports,SPO: Elheddaf
AR: Arabic Sports,SPO: SSC1 HD
AR: Arabic Sports,SPO: SSC1 SD
AR: Arabic Sports,SPO: SSC2 4K
AR: Arabic Sports,SPO: SSC2 HD
AR: Arabic Sports,SPO: SSC3 4K
AR: Arabic Sports,SPO: SSC3 HD
AR: Arabic Sports,SPO: SSC4 4K
AR: Arabic Sports,SPO: SSC4 HD
AR: Arabic Sports,SPO: SSC5 4K
AR: Arabic Sports,SPO: SSC5 HD
AR: Arabic Sports,SPO: SSC5 SD
AR: Arabic Sports,SPO: SSC6 HD
AR: Arabic Sports,SPO: SSC6 SD
AR: Arabic Sports,SPO: SSC7 HD
AR: Arabic Sports,SPO: SSC7 SD
AR: Bahrain,AR: Bahrain International HD
AR: Bahrain,BAH: Bahrain Sport 1
AR: Bahrain,BAH: Bahrain Sport 2
AR: Bahrain,BAH: Bahrain Quran
AR: Bahrain,AR: Bahrain Lawal
AR: Bahrain,AR: Bahrain HD
AR: Bein 4K,BS: beIN SPORT-2 4K
AR: Bein 4K,BS: beIN SPORT-3 4K
AR: Bein 4K,BS: beIN SPORT-5 4K
AR: Christian,Ar: Nour Sharq
AR: Christian,AR: Nour Al Koddass HD
AR: Christian,AR: Nour El ShabAb HD
AR: Christian,AR: Nour Al Sharq HD
AR: Christian,Ar: Nour Al Koddass
AR: Christian,AR: Al-karma TV HD
AR: Christian,Ar: Nour Al Shabab
AR: Christian,AR: Nour Mariam HD
AR: Christian,AR: Al Horreya TV
AR: Christian,Ar: Al Horreya TV
AR: Christian,AR: CTV Christian
AR: Christian,AR: Sat 7 Kids HD
AR: Christian,AR: SAT 7 ARABIC
AR: Christian,Ar: Al Malakoot
AR: Christian,Ar: Noursat TV*
AR: Christian,Ar: Logos TV
AR: Christian,Ar: MIRACLE
AR: Christian,AR: Aghapy
AR: Christian,AR: Anb
AR: Egypt,AR: Al Kahera Wa Alnas Plus 2
AR: Egypt,AR: Al Bait Baitak Cinema
AR: Egypt,AR: Sada Elbalad Drama +2
AR: Egypt,AR: Al Ghad Al Araby FHD
AR: Egypt,AR: Cairo One Action Box
AR: Egypt,AR: Al Oula Masria HEVC
AR: Egypt,AR: Sada Al Balad Drama
AR: Egypt,EGY: Al masraweya Aflam
AR: Egypt,AR: Al Kahera Wa Alnas
AR: Egypt,AR: Al Shasha Muslslat
AR: Egypt,EG: Al Malakoot Sat TV
AR: Egypt,EG: Al Shasha Drama TV
AR: Egypt,AR: Al Masrawia Aflam
AR: Egypt,AR: Al Masryia Air TV
AR: Egypt,AR: Sada Al Bald Plus
AR: Egypt,AR:  Panorama FM FHD
AR: Egypt,AR: Apple Mosalsalat
AR: Egypt,AR: DOLLY MOSALSALAT
AR: Egypt,AR: Panorama Drama 2
AR: Egypt,AR: ShoofDrama- HD10
AR: Egypt,AR: ShoofDrama- HD11
AR: Egypt,AR: ShoofDrama- HD12
AR: Egypt,AR: ShoofDrama- HD13
AR: Egypt,AR: ShoofDrama- HD20
AR: Egypt,AR: ShoofDrama- HD22
AR: Egypt,EGY: Sada El Balad 2
AR: Egypt,AR:  MKAMALEYN NEWS
AR: Egypt,AR: Al Askandaria 5
AR: Egypt,AR: Al Delta Masr 6
AR: Egypt,AR: Al hayat cinema
AR: Egypt,AR: Al Kanal Masr 4
AR: Egypt,AR: AL SA3AA Comedy
AR: Egypt,AR: Al Saeed Masr 7
AR: Egypt,AR: Njoom Hollywood
AR: Egypt,AR: ON Time Sport 1
AR: Egypt,AR: ON Time Sport 2
AR: Egypt,AR: OSN Cinema 2 HD
AR: Egypt,AR: Radio Al Kul TV
AR: Egypt,AR: Rotana Aflam HD
AR: Egypt,AR: SHABABIK CINEMA
AR: Egypt,AR: ShoofDrama- HD1
AR: Egypt,AR: ShoofDrama- HD3
AR: Egypt,AR: ShoofDrama- HD4
AR: Egypt,AR: ShoofDrama- HD9
AR: Egypt,EG: Hareem Alsultan
AR: Egypt,EG: MOSALSALAT TUBE
AR: Egypt,EG: Panorama Yom Tv
AR: Egypt,EGY: Zilzal Classic
AR: Egypt,AR: Abnaa Al Balad
AR: Egypt,AR: Al Hayat Drama
AR: Egypt,AR: Al Nahar Drama
AR: Egypt,AR: Egyptian TV HD
AR: Egypt,AR: Family Hikayat
AR: Egypt,AR: Nile Education
AR: Egypt,AR: Panorama Drama
AR: Egypt,AR: Sowt Alarab TV
AR: Egypt,AR: Watan TV Egypt
AR: Egypt,AR: Zilzal Classic
AR: Egypt,EG: Al Masriya 2TV
AR: Egypt,EG: AlHadath Today
AR: Egypt,EG: DR. ABO ELNASR
AR: Egypt,EG: Melody Classic
AR: Egypt,AR: Alshasha Film
AR: Egypt,AR: Apple Hekayat
AR: Egypt,AR: Cima Ali Baba
AR: Egypt,AR: Coptic TV CTV
AR: Egypt,AR: Family Cinema
AR: Egypt,AR: iFilm English
AR: Egypt,AR: Maspero Zaman
AR: Egypt,AR: Mekameleen TV
AR: Egypt,AR: Mix Hollywood
AR: Egypt,AR: Panorama Film
AR: Egypt,AR: Panorama Food
AR: Egypt,AR: Rotana Masria
AR: Egypt,AR: Sada Al Balad
AR: Egypt,AR: Star Cinema 1
AR: Egypt,AR: Star Cinema 2
AR: Egypt,EG: Al Masriya TV
AR: Egypt,EG: Cima Ali baba
AR: Egypt,EGY: Apple Cinema
AR: Egypt,EGY: Belody Aflam
AR: Egypt,AR: Al Nahar One
AR: Egypt,AR: Apple Comedy
AR: Egypt,AR: Cairo Cinema
AR: Egypt,AR: DMC Drama TV
AR: Egypt,AR: Family Drama
AR: Egypt,AR: iFilm Arabic
AR: Egypt,AR: Melody Aflam
AR: Egypt,AR: Melody Drama
AR: Egypt,AR: Modern Aflam
AR: Egypt,AR: Nile Culture
AR: Egypt,AR: Nogoum FM TV
AR: Egypt,AR: Toktok Aflam
AR: Egypt,EG: AL Ostora TV
AR: Egypt,EGY: TIME SPORTS
AR: Egypt,AR: Al Hayat HD
AR: Egypt,AR: Al Hiwar HD
AR: Egypt,AR: Al Kahera 3
AR: Egypt,AR: Al Qanat TV
AR: Egypt,AR: Al Thanya 2
AR: Egypt,AR: Almosare TV
AR: Egypt,AR: Alyom Zaman
AR: Egypt,AR: Apple Aflam
AR: Egypt,AR: Apple Drama
AR: Egypt,AR: Apple Today
AR: Egypt,AR: Cairo Drama
AR: Egypt,AR: Home Cinema
AR: Egypt,AR: Misr Elbald
AR: Egypt,AR: Nile Cinema
AR: Egypt,AR: Nile Comedy
AR: Egypt,AR: Nile Family
AR: Egypt,AR: ON Sport HD
AR: Egypt,AR: Peace TV HD
AR: Egypt,AR: Ramadan HD4
AR: Egypt,AR: Ramadan HD5
AR: Egypt,AR: Ramadan HD6
AR: Egypt,AR: Toktok Cima
AR: Egypt,EG: El Sharq TV
AR: Egypt,AR: Al Ahly TV
AR: Egypt,AR: Alsahat TV
AR: Egypt,AR: Cinema Pro
AR: Egypt,AR: Extra News
AR: Egypt,AR: Madrasetna
AR: Egypt,AR: Moga Aflam
AR: Egypt,AR: Nile Drama
AR: Egypt,AR: ONE E HEVC
AR: Egypt,AR: Show Aflam
AR: Egypt,EG: ALFATEH TV
AR: Egypt,EG: Nile Sport
AR: Egypt,EGY: Sha3beyat
AR: Egypt,AR: Al Haqiqa
AR: Egypt,AR: Al Mehwer
AR: Egypt,AR: CBC Drama
AR: Egypt,AR: CBC Sofra
AR: Egypt,AR: Halaba TV
AR: Egypt,AR: Nile Live
AR: Egypt,AR: Nile News
AR: Egypt,EG: Azhari TV
AR: Egypt,EG: CBC Extra
AR: Egypt,EG: Hekaya TV
AR: Egypt,EG: Mehwar TV
AR: Egypt,EGY: Oscar TV
AR: Egypt,EGY: Scare TV
AR: Egypt,AR: Al Maaly
AR: Egypt,AR: Al Naeem
AR: Egypt,AR: Alostora
AR: Egypt,AR: Cinema 1
AR: Egypt,AR: Cinema 1
AR: Egypt,AR: Cinema 2
AR: Egypt,AR: DMC HEVC
AR: Egypt,AR: ON Drama
AR: Egypt,EG: D Cinema
AR: Egypt,EG: PNC FOOD
AR: Egypt,EGY: Hala TV
AR: Egypt,EGY: M Drama
AR: Egypt,EGY: Mazzika
AR: Egypt,AR: El Mold
AR: Egypt,AR: Hala TV
AR: Egypt,AR: Nile TV
AR: Egypt,EG: Zamalik
AR: Egypt,EGY: Al Nas
AR: Egypt,AR:  iFilm
AR: Egypt,AR: Tebe 8
AR: Egypt,AR: Ten TV
AR: Egypt,EG: MIX TV
AR: Egypt,AR: Ikids
AR: Egypt,AR: ON HD
AR: Egypt,AR: Cima
AR: Egypt,AR: CBC
AR: Iraq,AR: Al Massar Al Uola IRAQ
AR: Iraq,Sport- Al Shabab Sport HD
AR: Iraq,AR: Al Sharqiya News FHD
AR: Iraq,AR: Al Hurra Iraq HD
AR: Iraq,AR: Iraq Al Salam TV
AR: Iraq,AR: Iraq TV News FHD
AR: Iraq,AR: WTV Watan TV FHD
AR: Iraq,IRAQ: Al Iraqia News
AR: Iraq,AR: Al Ethjah TV HD
AR: Iraq,AR: OM Al Baneen TV
AR: Iraq,IR: ALHIWAR TV NEWS
AR: Iraq,IRAQ: Hodhod Arabic
AR: Iraq,AR: Al Iraqia 2 HD
AR: Iraq,AR: Al Karama News
AR: Iraq,AR: Al Rabiaa Iraq
AR: Iraq,AR: Imam Hussein 2
AR: Iraq,AR: Iraq Education
AR: Iraq,AR: Iraq Future TV
AR: Iraq,AR: Sawt Alitra TV
AR: Iraq,IRAQ: Iraqia Sport
AR: Iraq,AR: Al Ghadeer TV
AR: Iraq,AR: Al Rafiden TV
AR: Iraq,AR: Al Taghier HD
AR: Iraq,AR: Iraqia Syriac
AR: Iraq,AR: Karbala TV HD
AR: Iraq,AR: Saout Alaqila
AR: Iraq,IR:  Turkmania TV
AR: Iraq,IRAQ: Al Sirat TV
AR: Iraq,IRAQ: Aletejah Tv
AR: Iraq,AR: Al Baghdadia
AR: Iraq,AR: Al Eshraq TV
AR: Iraq,AR: Al Rashed HD
AR: Iraq,AR: Al Shaaer TV
AR: Iraq,AR: Al TALEAA TV
AR: Iraq,AR: Hona Baghdad
AR: Iraq,IR:  MARJAEYAT 2
AR: Iraq,IRAQ: Al Anwar 2
AR: Iraq,IRAQ: Al Iraqiya
AR: Iraq,IRAQ: Al Rasheed
AR: Iraq,IRAQ: Al Sumaria
AR: Iraq,IRAQ: Samarra TV
AR: Iraq,AR: Al Hurra HD
AR: Iraq,AR: Al Mawsleya
AR: Iraq,AR: Alnojaba TV
AR: Iraq,AR: Dijla Tarab
AR: Iraq,AR: Dua Channel
AR: Iraq,AR: Salahdin TV
AR: Iraq,AR: UTV Iraq HD
AR: Iraq,IRAQ: Al Hadath
AR: Iraq,IRAQ: Al Mehwer
AR: Iraq,IRAQ: Beladi TV
AR: Iraq,AR: Al Ebaa TV
AR: Iraq,AR: Al Kawther
AR: Iraq,AR: Al Sumaria
AR: Iraq,AR: Iraq 24 HD
AR: Iraq,IR: ALNABAA HD
AR: Iraq,IRAQ: Al Anwar
AR: Iraq,IRAQ: Al Awhad
AR: Iraq,IRAQ: Al Mahdi
AR: Iraq,IRAQ: Al Masar
AR: Iraq,IRAQ: Al Naeem
AR: Iraq,IRAQ: Al Qamar
AR: Iraq,IRAQ: Imam Ali
AR: Iraq,IRAQ: iNews HD
AR: Iraq,AR: 12 Arabia
AR: Iraq,AR: Al Ahd HD
AR: Iraq,AR: Al Basira
AR: Iraq,AR: Al Maaref
AR: Iraq,AR: Samrra TV
AR: Iraq,IRAQ: Afak TV
AR: Iraq,IRAQ: Al Ayam
AR: Iraq,AR: Ahvaz TV
AR: Iraq,AR: Al Anbar
AR: Iraq,AR: Al Forat
AR: Iraq,AR: Dijla TV
AR: Iraq,AR: Afak TV
AR: Iraq,AR: Asia TV
AR: Iraq,AR: Beladi
AR: Iraq,AR: ANB
AR: Islamic Channels,AR: Quran TV Abd Albaset Abd Alsamad
AR: Islamic Channels,Islam: Peace TV English
AR: Islamic Channels,AR: AL MAJD SCIENTIFIC
AR: Islamic Channels,AR: Masr Quran Kareem
AR: Islamic Channels,Islam: Al Istiqama TV
AR: Islamic Channels,AR: Algeria TV Coran
AR: Islamic Channels,Islam: Peace TV Urdu
AR: Islamic Channels,AR: Dohat Al Quraan
AR: Islamic Channels,AR: Sudia Quran FHD
AR: Islamic Channels,AR: AL MAJD HADITH
AR: Islamic Channels,Islam: Makkah Live
AR: Islamic Channels,AR: Al Wilayah TV
AR: Islamic Channels,AR: Bahrain Quran
AR: Islamic Channels,AR: Bin Othaimeen
AR: Islamic Channels,AR: Saudia Sunnah
AR: Islamic Channels,Islamic: Kaifa TV
AR: Islamic Channels,AR: Ahl Al Quran
AR: Islamic Channels,AR: Ahlulbayt TV
AR: Islamic Channels,AR: Al Farqadayn
AR: Islamic Channels,AR: Almajd Quran
AR: Islamic Channels,AR: Alresalah TV
AR: Islamic Channels,AR: MTA 3 Arabic
AR: Islamic Channels,AR: Ressala HEVC
AR: Islamic Channels,Islam: Wesal Haq
AR: Islamic Channels,AR: Al Aqila TV
AR: Islamic Channels,AR: Al Majad TV
AR: Islamic Channels,AR: Imam Ali HD
AR: Islamic Channels,AR: Al Anwar 2
AR: Islamic Channels,AR: Al Baeenah
AR: Islamic Channels,AR: Al Iman TV
AR: Islamic Channels,AR: Quran 1 HD
AR: Islamic Channels,AR: Alfath TV
AR: Islamic Channels,AR: Al Anwar
AR: Islamic Channels,AR: Al Awhad
AR: Islamic Channels,AR: Al Mahdi
AR: Islamic Channels,AR: Al Qamar
AR: Islamic Channels,AR: Al Rahma
AR: Islamic Channels,AR: Al Salam
AR: Islamic Channels,AR: Al Sirat
AR: Islamic Channels,AR: Coran TV
AR: Islamic Channels,AR: Iqraa TV
AR: Islamic Channels,AR: AL Nada
AR: Islamic Channels,Islam: Safa
AR: Islamic Channels,AR: Azhari
AR: Islamic Channels,AR: Zad TV
AR: Islamic Channels,AR: Mecca
AR: Jordan,AR: Almamlaka TV HD
AR: Jordan,JOR: Jordan Sport
AR: Jordan,AR: Jordan TV HD
AR: Jordan,AR: Jordan-Amen
AR: Jordan,AR: Sama Jordan
AR: Jordan,AR: Jordan Now
AR: Jordan,AR: Amman TV
AR: Jordan,AR: Roya FHD
AR: Jordan,JOR: Kaif TV
AR: Kuwait,AR: Kuwait Khallik Bilbait
AR: Kuwait,AR: Al Adalah TV ATV
AR: Kuwait,AR: Kuwait Ethraa HD
AR: Kuwait,AR: Kuwait Al Arabi
AR: Kuwait,AR: Kuwait TV 1 HD
AR: Kuwait,AR: Kuwait TV 2 HD
AR: Kuwait,AR: Al Majlis HD
AR: Kuwait,AR: Alrai TV FHD
AR: Kuwait,KW: kuwait Sport
AR: Kuwait,AR: Scope TV HD
AR: Kuwait,KW: Al Sabah TV
AR: Kuwait,KW: Kuwait Kids
AR: Kuwait,KW: Kuwait PLUS
AR: Kuwait,AR: Funoon HD
AR: Lebanon,AR: LBCI International HEVC
AR: Lebanon,LEB: LBC International
AR: Lebanon,AR: Tele Lebanon HEVC
AR: Lebanon,AR: MTV Lebanon HEVC
AR: Lebanon,LB: TV Seventeen HD
AR: Lebanon,AR: AL Jadeed HEVC
AR: Lebanon,AR: LDC Lebanon HD
AR: Lebanon,AR: One TV Lebanon
AR: Lebanon,AR: Lebanon TV HD
AR: Lebanon,AR: Al Mayadeen
AR: Lebanon,AR: Taqallyn TV
AR: Lebanon,LB: OTV Lebanon
AR: Lebanon,AR: AL Jadeed
AR: Lebanon,AR: Future TV
AR: Lebanon,AR: AL MANAR
AR: Lebanon,AR: Angel TV
AR: Lebanon,AR: El Sharq
AR: Lebanon,AR: LBC HEVC
AR: Lebanon,AR: NBN HEVC
AR: Lebanon,AR: OTV HEVC
AR: Lebanon,AR: LBC SAT
AR: Lebanon,LB: LBC TV
AR: Lebanon,AR: Alaan
AR: Libya,AR: Libya Al Wasat TV HD
AR: Libya,LIB: Libya Al Ahrar HEVC
AR: Libya,AR: Libya Mostaqbal HD
AR: Libya,AR: Libya Aljamahiria
AR: Libya,LIB: Libya Al Rasmiya
AR: Libya,AR: Libya Alwataniya
AR: Libya,AR: Libya Channel HD
AR: Libya,AR: Libya Al Hadath
AR: Libya,AR: Libya 218 News
AR: Libya,AR: Libya Febrayer
AR: Libya,AR: Libya Panorama
AR: Libya,AR: Libya Salam TV
AR: Libya,LIB: Libya WTV HD
AR: Libya,AR: Libya Alhrar
AR: Libya,AR: Libya One TV
AR: Libya,AR: Libya Alaan
AR: Libya,AR: Tanasuh TV
AR: Libya,AR: Libya 218
AR: Libya,AR: Libyan TV
AR: Libya,LIB: Waad Fm
AR: Mauritania,MA: Almourabitoune HD
AR: Mauritania,MA: Sahel TV HD
AR: Mauritania,MA: El Mahadra
AR: Morocco,MAR: Al Aoula Laayoune HD
AR: Morocco,MAR: TV5 MONDE STYLE HEVC
AR: Morocco,MAR: Medi 1 TV Arabic HD
AR: Morocco,MAR: Al Aoula Inter FHD
AR: Morocco,MAR: Arryadia Live HD
AR: Morocco,MAR: Al Maghribia HD
AR: Morocco,MAR: Athaqafia HD
AR: Morocco,MAR: Tamazight HD
AR: Morocco,MAR: 2M National
AR: Morocco,MAR: Tele Maroc
AR: Morocco,MAR: TV 5 Monde
AR: Morocco,MAR: Assadissa
AR: Morocco,MAR: M24 MAROC
AR: Morocco,MAR: 2M Monde
AR: Morocco,MAR: ARRYADIA
AR: Morocco,MAR: Chada TV
AR: Morocco,MAR:  AL ONS
AR: Morocco,MAR: AFLAM 7
AR: Morocco,MAR: TV5
AR: Oman,AR: Oman Alistiqama TV
AR: Oman,AR: Oman Culture TV HD
AR: Oman,AR: OMAN TV General HD
AR: Oman,AR: OMAN TV Live HD
AR: Oman,AR: Oman Sport
AR: Oman,AR: Oman TV HD
AR: Oman,AR: OMAN HD
AR: Palestine,AR: Al Seraj Al Aqsa
AR: Palestine,PAL: Palestine Sport
AR: Palestine,AR: Palestine Today
AR: Palestine,AR: Palestine Live
AR: Palestine,AR: PALESTINE NEWS
AR: Palestine,PAL: Alquds Alyoum
AR: Palestine,AR: Palestin Sat
AR: Palestine,AR: Palestine HD
AR: Palestine,PAL: Al Fajr 2
AR: Palestine,AR: Al Kofiya
AR: Palestine,PAL: Ajyal TV
AR: Palestine,AR: Awdah TV
AR: Palestine,AR: Maan TV
AR: Qatar,AR: Al Rayyan Al Qadeem HD
AR: Qatar,AR: Qatar TV HD
AR: Qatar,AR: Rayyan HD
AR: Qatar,AR: Qatar 2
AR: Saudi Arabia KSA,AR: Almajd Religious Science
AR: Saudi Arabia KSA,AR: Saudia Thekrayat TV HD
AR: Saudi Arabia KSA,AR: Saudia Asharq News HD
AR: Saudi Arabia KSA,AR: Al Hadeeth Al Nabawy
AR: Saudi Arabia KSA,AR: Almajd Al Tabeeaiyah
AR: Saudi Arabia KSA,AR: Saudia Al Ekhbariya
AR: Saudi Arabia KSA,AR: Almajd Documentary
AR: Saudi Arabia KSA,KSA: Al Ekhbariya HEVC
AR: Saudi Arabia KSA,AR: Almajd Taghareed
AR: Saudi Arabia KSA,AR: Al Erth Alnabwi
AR: Saudi Arabia KSA,AR: Al Shahed TV HD
AR: Saudi Arabia KSA,AR: Almajd Ekhbarie
AR: Saudi Arabia KSA,AR: Almajd Space TV
AR: Saudi Arabia KSA,AR: KSA SPORTS 1 HD
AR: Saudi Arabia KSA,AR: KSA Sports 2 HD
AR: Saudi Arabia KSA,AR: KSA Sports 3 HD
AR: Saudi Arabia KSA,AR: KSA SPORTS 4 HD
AR: Saudi Arabia KSA,KSA: Saudi 24 Sport
AR: Saudi Arabia KSA,KSA: Saudi Quran HD
AR: Saudi Arabia KSA,AR: Almajd General
AR: Saudi Arabia KSA,AR: Baynounah HEVC
AR: Saudi Arabia KSA,AR: Saudia Thkryat
AR: Saudi Arabia KSA,AR: Saudia TV 1 HD
AR: Saudi Arabia KSA,AR:   IEN DOROS 1
AR: Saudi Arabia KSA,AR:   IEN DOROS 4
AR: Saudi Arabia KSA,AR:   IEN DOROS 6
AR: Saudi Arabia KSA,AR:  Almajd Masat
AR: Saudi Arabia KSA,AR: Almajd Basmah
AR: Saudi Arabia KSA,AR: Orpit AL Youm
AR: Saudi Arabia KSA,AR: Orpit Hekayat
AR: Saudi Arabia KSA,AR: Oyoon Alwatan
AR: Saudi Arabia KSA,KSA: Al Khalij TV
AR: Saudi Arabia KSA,KSA: Saudi Sunnah
AR: Saudi Arabia KSA,AR: Al Khalij TV
AR: Saudi Arabia KSA,AR: Al Mergab TV
AR: Saudi Arabia KSA,AR: Almajd  Info
AR: Saudi Arabia KSA,AR: Almajd Rawda
AR: Saudi Arabia KSA,KSA: Al Aqila TV
AR: Saudi Arabia KSA,AR: Al Sabah TV
AR: Saudi Arabia KSA,AR: Al Wesam TV
AR: Saudi Arabia KSA,AR: Bayyinat TV
AR: Saudi Arabia KSA,AR: Drama Alwan
AR: Saudi Arabia KSA,AR: IEN DOROS 7
AR: Saudi Arabia KSA,AR: Orpit Drama
AR: Saudi Arabia KSA,AR: ALWAQIE TV
AR: Saudi Arabia KSA,AR: Naba Saudi
AR: Saudi Arabia KSA,AR: Saudia SBC
AR: Saudi Arabia KSA,KSA: Yas Sport
AR: Saudi Arabia KSA,AR: Al Bawadi
AR: Saudi Arabia KSA,AR: Al Sahraa
AR: Saudi Arabia KSA,AR: LUALUA TV
AR: Saudi Arabia KSA,KSA: Saudi 24
AR: Saudi Arabia KSA,AR: Al Ithad
AR: Saudi Arabia KSA,AR: Al Masa
AR: Saudi Arabia KSA,AR: Al Saha
AR: Saudi Arabia KSA,AR: Citruss
AR: Saudi Arabia KSA,AR: Nada TV
AR: Saudi Arabia KSA,AR: AIC TV
AR: Saudi Arabia KSA,AR: Safa
AR: Sudan,AR: Sudan Al Istijaba TV
AR: Sudan,AR: Sudan Al Barlemania
AR: Sudan,SU: Al Sudan Monwaat TV
AR: Sudan,AR: Blue Nile Channel
AR: Sudan,AR: Sudan Al Hilal TV
AR: Sudan,AR: Sudan El Mahadra
AR: Sudan,AR: Sudan Kassala TV
AR: Sudan,AR: Sudan Knowledge
AR: Sudan,AR: Sudan Sahel TV
AR: Sudan,AR: Sudania 24 HD
AR: Sudan,AR: Al Shareyyah
AR: Sudan,AR: Om Dorman TV
AR: Sudan,SUD: Sudan Tayba
AR: Sudan,AR: Khartoum TV
AR: Sudan,AR: Shamalia TV
AR: Sudan,AR: Sudan Bukra
AR: Sudan,AR: Sudan Drama
AR: Sudan,AR: Sudan Music
AR: Sudan,SU: Sudan Sport
AR: Sudan,SUD: Sudania 24
AR: Sudan,AR: Red Sea TV
AR: Sudan,AR: Teba Sudan
AR: Sudan,SUD: ShoroqTV
AR: Sudan,SUD: Sudan TV
AR: Sudan,AR: OMDURMAN
AR: Sudan,AR: Sudan TV
AR: Syria,SYR: Syria Satellite TV
AR: Syria,SYR: Al Alam Syria TV
AR: Syria,SYR: Syrian Education
AR: Syria,SYR: Al Yaum TV FHD
AR: Syria,SYR: Al Horreya TV
AR: Syria,SYR: Lana Plus FSD
AR: Syria,SYR: Syria TV HEVC
AR: Syria,SYR: Al Khabar TV
AR: Syria,SYR: Lana TV HEVC
AR: Syria,SYR: Noor Al Sham
AR: Syria,SYR: Souryana FM
AR: Syria,SYR: Syria Drama
AR: Syria,SYR: Syria News
AR: Syria,SYR: Minbij TV
AR: Syria,SYR: Sama TV
AR: Syria,SYR: Sham fm
AR: Syria,SYR: Sham TV
AR: Syria,SYR: ZAD TV
AR: Tunisia,AR: Tunisie Immobilier TV HD
AR: Tunisia,AR: Sahel Tunisian Voice HD
AR: Tunisia,AR: Tunisie Televsion 1
AR: Tunisia,AR: Tunisia National 1
AR: Tunisia,AR: Tunisia National 2
AR: Tunisia,TN: Tunisia Nat 1 HEVC
AR: Tunisia,AR:   ZITOUNA HEDAYA
AR: Tunisia,AR: Al Hiwar Tunisia
AR: Tunisia,AR: Al Janoubia TV
AR: Tunisia,AR: Nessma Tunisia
AR: Tunisia,AR: Carthage Plus
AR: Tunisia,AR: Al Mustakila
AR: Tunisia,AR: Al Insen TV
AR: Tunisia,AR: M Tunisia
AR: Tunisia,AR: Telvza TV
AR: Tunisia,AR: Attessia
AR: Tunisia,AR: Hannibal
AR: Tunisia,AR: ZAYTOONA
AR: Tunisia,TN: Sahel TV
AR: Tunisia,AR: Tunisna
AR: United Arab Emirates UAE,AR: Abu Dhabi Natioanl Geo FHD
AR: United Arab Emirates UAE,AR: Al Wousta from Al Dhaid HD
AR: United Arab Emirates UAE,AR: Sharqiya from Kalba FHD
AR: United Arab Emirates UAE,AR:  Abu Dhabi Sports 1
AR: United Arab Emirates UAE,AR: Abu Dhabi Emarat SD
AR: United Arab Emirates UAE,AR: Abu Duabi Drama FHD
AR: United Arab Emirates UAE,AR: Abu Dhabi TV HEVC
AR: United Arab Emirates UAE,UAE: Al Sharjah Sport
AR: United Arab Emirates UAE,AR: Fujairah TV HEVC
AR: United Arab Emirates UAE,UAE: Dubai Racing 1
AR: United Arab Emirates UAE,UAE: Dubai Racing 2
AR: United Arab Emirates UAE,UAE: Dubai Racing 3
AR: United Arab Emirates UAE,AR: Al Emarat HEVC
AR: United Arab Emirates UAE,AR: Dubai one HEVC
AR: United Arab Emirates UAE,AR: Dubai Racing 3
AR: United Arab Emirates UAE,UAE: Dubai Sport 1
AR: United Arab Emirates UAE,UAE: Dubai Sport 2
AR: United Arab Emirates UAE,UAE: Dubai Sport 3
AR: United Arab Emirates UAE,AR: Dubai TV HEVC
AR: United Arab Emirates UAE,AR: Ajman TV HD
AR: United Arab Emirates UAE,AR: Alaan TV HD
AR: United Arab Emirates UAE,AR: Dubai Zaman
AR: United Arab Emirates UAE,AR: Dafrah FHD
AR: United Arab Emirates UAE,AR: Noor Dubai
AR: United Arab Emirates UAE,AR: Sama Dubai
AR: United Arab Emirates UAE,AR: Sharjah HD
AR: Yeman,YEM: Al Masirah Mubasher TV
AR: Yeman,AR: Yemen Al Hawyah TV
AR: Yeman,AR: Yemen Almahriah HD
AR: Yeman,AR: Yemen Hadramout TV
AR: Yeman,AR: Al Ghad Almushreq
AR: Yeman,AR: Yemen Al Saeedah
AR: Yeman,AR: Yaman Shabab HD
AR: Yeman,AR: Yemen Today TV
AR: Yeman,YEM: Al Shareyyah
AR: Yeman,AR: Aden Live
AR: Yeman,AR: Suhall TV
AR: Yeman,AR: Sheba TV
AR: Yeman,AR: Yemen TV
AR: Yeman,AR: Belqees
ARG: Argentina Documentary,ARG: National Geographic Kids HD
ARG: Argentina Documentary,ARG: National Geographic Wild HD
ARG: Argentina Documentary,ARG: National Geographic HD
ARG: Argentina Documentary,ARG: TRUTV HD
ARG: Argentina Documentary,ARG: History
ARG: Argentina Entertainment,ARG: STUDIO UNIVERSAL HD
ARG: Argentina Entertainment,ARG: Comedy Central
ARG: Argentina Entertainment,ARG: FILM & ARTS HD
ARG: Argentina Entertainment,ARG: FOX Channel HD
ARG: Argentina Entertainment,ARG: Provincial TV
ARG: Argentina Entertainment,ARG: TNT Series HD
ARG: Argentina Entertainment,ARG: CINECANAL HD
ARG: Argentina Entertainment,ARG: PARAMOUNT HD
ARG: Argentina Entertainment,ARG: UNIVERSAL HD
ARG: Argentina Entertainment,ARG: CINEMAX FHD
ARG: Argentina Entertainment,ARG: FOX LIFE HD
ARG: Argentina Entertainment,ARG: LIFETIME HD
ARG: Argentina Entertainment,ARG: MAS CHIC HD
ARG: Argentina Entertainment,ARG: GOURMET HD
ARG: Argentina Entertainment,ARG: TELEMAX HD
ARG: Argentina Entertainment,ARG: CONSTRUIR
ARG: Argentina Entertainment,ARG: EUROPA HD
ARG: Argentina Entertainment,ARG: LN Mas HD
ARG: Argentina Entertainment,ARG: TELEMUNDO
ARG: Argentina Entertainment,ARG: WARNER HD
ARG: Argentina Entertainment,ARG: CONEXION
ARG: Argentina Entertainment,ARG: GLITZ HD
ARG: Argentina Entertainment,ARG: RURAL HD
ARG: Argentina Entertainment,ARG: SPACE HD
ARG: Argentina Entertainment,ARG: SONY HD
ARG: Argentina Entertainment,ARG: A&E HD
ARG: Argentina Entertainment,ARG: AMC HD
ARG: Argentina Entertainment,ARG: AXN HD
ARG: Argentina Entertainment,ARG: CINEAR
ARG: Argentina Entertainment,ARG: TBS HD
ARG: Argentina Entertainment,ARG: TNT HD
ARG: Argentina Entertainment,ARG: VOLVER
ARG: Argentina Entertainment,ARG: E! HD
ARG: Argentina Entertainment,ARG: FX HD
ARG: Argentina Entertainment,ARG: SYFY
ARG: Argentina Entertainment,ARG: TCM
ARG: Argentina Entertainment,ARG: H2
ARG: Argentina General,ARG: Television Publica HD
ARG: Argentina General,ARG: CANAL DE LA CIUDAD
ARG: Argentina General,ARG: CIUDAD MAGAZINE HD
ARG: Argentina General,ARG: El Nueve Vivo FHD
ARG: Argentina General,ARG: ARGENTINISIMA HD
ARG: Argentina General,ARG: MultiVision HD
ARG: Argentina General,ARG: AMERICA 24 HD
ARG: Argentina General,ARG: El Trece FHD
ARG: Argentina General,ARG: CANAL 9 HD
ARG: Argentina General,ARG: CRONICA HD
ARG: Argentina General,ARG: Net TV FHD
ARG: Argentina General,ARG: Telefe FHD
ARG: Argentina General,ARG: TV PUBLICA
ARG: Argentina General,ARG: ENCUENTRO
ARG: Argentina General,ARG: TV5 Monde
ARG: Argentina General,ARG: CANAL 13
ARG: Argentina General,ARG: CANAL 21
ARG: Argentina General,ARG: AMERICA
ARG: Argentina General,ARG: TELESUR
ARG: Argentina General,ARG: SENADO
ARG: Argentina General,ARG: TVE HD
ARG: Argentina General,ARG TV5
ARG: Argentina General,ARG: DW
ARG: Argentina Kids,ARG: Cartoon Network FHD
ARG: Argentina Kids,ARG: Discovery Kids FHD
ARG: Argentina Kids,ARG: Disney Channel FHD
ARG: Argentina Kids,ARG: Disney JUNIOR HD
ARG: Argentina Kids,ARG: Nickelodeon FHD
ARG: Argentina Kids,ARG: Disney Channel
ARG: Argentina Kids,ARG: Nick Junior HD
ARG: Argentina Kids,ARG: BOOMERANG HD
ARG: Argentina Kids,ARG: Disney XD HD
ARG: Argentina Kids,ARG: Teennick FHD
ARG: Argentina Kids,ARG: TOONCAST HD
ARG: Argentina Kids,ARG: BABY TV HD
ARG: Argentina Kids,ARG: PAKA PAKA
ARG: Argentina Kids,ARG: ZOOMOO
ARG: Argentina Movies,ARG: FOX PREMIUM CLASSICS HD
ARG: Argentina Movies,ARG: FOX PREMIUM ACTION HD
ARG: Argentina Movies,ARG: FOX PREMIUM CINEMA HD
ARG: Argentina Movies,ARG: FOX PREMIUM COMEDY HD
ARG: Argentina Movies,ARG: FOX PREMIUM MOVIES HD
ARG: Argentina Movies,ARG: FOX PREMIUM Series HD
ARG: Argentina Movies,ARG: FOX PREMIUM FAMILY
ARG: Argentina Movies,ARG: DIREC TV SPORT 1
ARG: Argentina Movies,ARG: HBO FAMILY HD
ARG: Argentina Movies,ARG: HBO SIGNATURE
ARG: Argentina Movies,ARG: HBO PLUS HD
ARG: Argentina Movies,ARG: HBO 2 HD
ARG: Argentina Movies,ARG: HBO HD
ARG: Argentina Music,ARG: CANAL DE LA MUSICA
ARG: Argentina Music,ARG: MUCH MUSIC HD
ARG: Argentina Music,ARG: QUIERO MUSICA
ARG: Argentina Music,ARG: MTV HD
ARG: Argentina Music,ARG: VH1 HD
ARG: Argentina Music,ARG: HTV
ARG: Argentina News,ARG: Canal 5 Noticias  C5N HD
ARG: Argentina News,ARG: CNN en Espanol HD
ARG: Argentina News,ARG: CNN Internacional
ARG: Argentina News,ARG: CANAL 26 HD
ARG: Argentina News,ARG: FOX NEWS
ARG: Argentina News,ARG: TN HD
ARG: Argentina Sports,ARG: FOX SPORTS PREMIUM
ARG: Argentina Sports,ARG: DIREC TV SPORT 2
ARG: Argentina Sports,ARG: GOLF Channel FHD
ARG: Argentina Sports,ARG: FOX SPORTS 2 HD
ARG: Argentina Sports,ARG: FOX SPORTS 3 HD
ARG: Argentina Sports,ARG: FOX SPORTS HD
ARG: Argentina Sports,ARG: TNT SPORTS HD
ARG: Argentina Sports,ARG: TYC SPORTS HD
ARG: Argentina Sports,ARG: ESPN Extra
ARG: Argentina Sports,ARG: ESPN 1 HD
ARG: Argentina Sports,ARG: ESPN 2 HD
ARG: Argentina Sports,ARG: GARAGE HD
ARG: Argentina Sports,ARG: ESPN 3
Armenia,ARM: ARTN Shant TV FHD
Armenia,ARM: Yerkir Media TV
Armenia,ARM: Kentron TV HD
Armenia,ARM: 1TV Armenia
Armenia,ARM: Armenia TV
Armenia,ARM: ARTN TV HD
Armenia,ARM: Horizon TV
Armenia,ARM: H2 TV HD
Armenia,ARM: SHANT TV
Armenia,ARM: Suryoyo
Armenia,ARM: AABC
Armenia,ARM: AMGA
Australia,AU Snowy Mountains Television Sydney
Australia,AU SBS World Movies National
Australia,AU Olympics_Channel Sydney
Australia,AU SBS World Movies Sydney
Australia,AU Fox_Sports_News Sydney
Australia,AU Outdoor_Channel Sydney
Australia,AU SBS Viceland Melbourne
Australia,AU SBS World Movies Perth
Australia,AU SBS Viceland National
Australia,AU ABC Comedy Melbourne
Australia,AU RACING COM Melbourne
Australia,AU Redbull TV Melbourne
Australia,AU ABC Comedy Adelaide
Australia,AU ABC Comedy Brisbane
Australia,AU ABC Comedy Canberra
Australia,AU Channel_9 Adelaide 
Australia,AU Channel_9 Melbourne
Australia,AU Racing com National
Australia,AU Redbull TV National
Australia,AU SBS VICELAND Sydney
Australia,AU ABC KIDS Melbourne
Australia,AU ABC NEWS Melbourne
Australia,AU Channel_9 Brisbane
Australia,AU Channel_9 Canberra
Australia,AU Fox Sports 501 FHD
Australia,AU Fox Sports 502 FHD
Australia,AU Fox Sports 503 FHD
Australia,AU Fox Sports 504 FHD
Australia,AU Fox Sports 505 FHD
Australia,AU Fox Sports 506 FHD
Australia,AU Fox Sports 507 FHD
Australia,AU SBS Food Melbourne
Australia,AU SBS Viceland Perth
Australia,AU TVSN Shopping (NZ)
Australia,AU ABC Comedy Darwin
Australia,AU ABC Comedy Hobart
Australia,AU ABC Comedy Sydney
Australia,AU ABC KIDS Adelaide
Australia,AU ABC KIDS Brisbane
Australia,AU ABC KIDS Canberra
Australia,AU ABC Kids National
Australia,AU ABC NEWS Adelaide
Australia,AU ABC NEWS Brisbane
Australia,AU ABC NEWS Canberra
Australia,AU ABC News National
Australia,AU Al_Jazeera Sydney
Australia,AU RACING COM Sydney
Australia,AU Redbull TV Sydney
Australia,AU SBS Food Adelaide
Australia,AU SBS Food Brisbane
Australia,AU SBS Food Canberra
Australia,AU SBS Food National
Australia,AU ABC Comedy Perth
Australia,AU ABC ME Melbourne
Australia,AU ausbiz_TV Sydney
Australia,AU Channel_9 Darwin
Australia,AU Channel_9 Hobart
Australia,AU Channel_9 Sydney
Australia,AU Racing com Perth
Australia,AU Redbull TV Perth
Australia,AU 7flix Melbourne
Australia,AU 7mate Melbourne
Australia,AU 9Go_ Hobart (D)
Australia,AU 9Life Melbourne
Australia,AU 9Rush Melbourne
Australia,AU ABC KIDS Darwin
Australia,AU ABC KIDS Hobart
Australia,AU ABC KIDS Sydney
Australia,AU ABC ME Adelaide
Australia,AU ABC ME Brisbane
Australia,AU ABC ME Canberra
Australia,AU ABC ME National
Australia,AU ABC NEWS Darwin
Australia,AU ABC NEWS Hobart
Australia,AU ABC NEWS Sydney
Australia,AU Channel_9 Perth
Australia,AU Fox Sports News
Australia,AU openshop Sydney
Australia,AU PAC-12 National
Australia,AU SBS Food Darwin
Australia,AU SBS Food Hobart
Australia,AU SBS Food Sydney
Australia,AU Seven Melbourne
Australia,AU 7flix Adelaide
Australia,AU 7flix Brisbane
Australia,AU 7flix Canberra
Australia,AU 7mate Adelaide
Australia,AU 7mate Brisbane
Australia,AU 7mate Canberra
Australia,AU 7TWO Melbourne
Australia,AU 9Gem Melbourne
Australia,AU 9Go! Melbourne
Australia,AU 9Life Adelaide
Australia,AU 9Life Brisbane
Australia,AU 9Life Canberra
Australia,AU 9Rush Brisbane
Australia,AU 9Rush Canberra
Australia,AU ABC Kids Perth
Australia,AU ABC NEWS Perth
Australia,AU Fuel_TV Sydney
Australia,AU SBS Food Perth
Australia,AU Seven Adelaide
Australia,AU Seven Brisbane
Australia,AU Seven Canberra
Australia,AU 7TWO Adelaide
Australia,AU 7TWO Brisbane
Australia,AU 7TWO Canberra
Australia,AU 9Gem Adelaide
Australia,AU 9Gem Brisbane
Australia,AU 9Gem Canberra
Australia,AU 9Go! Brisbane
Australia,AU 9Go_ Adelaide
Australia,AU 9Go_ Canberra
Australia,AU ABC ME Darwin
Australia,AU ABC ME Hobart
Australia,AU ABC ME Sydney
Australia,AU ABC Melbourne
Australia,AU beIN Sports 1
Australia,AU beIN Sports 2
Australia,AU beIN Sports 3
Australia,AU PAC_12 Sydney
Australia,AU SBS Melbourne
Australia,AU Ten Melbourne
Australia,AU 7flix Darwin
Australia,AU 7flix Hobart
Australia,AU 7flix Sydney
Australia,AU 7mate Darwin
Australia,AU 7mate Hobart
Australia,AU 7mate Sydney
Australia,AU 9Life Darwin
Australia,AU 9Life Hobart
Australia,AU 9Life Sydney
Australia,AU 9Rush Darwin
Australia,AU 9Rush Hobart
Australia,AU 9Rush Sydney
Australia,AU ABC Adelaide
Australia,AU ABC Brisbane
Australia,AU ABC Canberra
Australia,AU ABC ME Perth
Australia,AU ACCTV Sydney
Australia,AU SBS Adelaide
Australia,AU SBS Brisbane
Australia,AU SBS Canberra
Australia,AU Seven Darwin
Australia,AU Seven Hobart
Australia,AU Seven Sydney
Australia,AU TEN Adelaide
Australia,AU Ten Brisbane
Australia,AU TEN Canberra
Australia,AU 7flix Perth
Australia,AU 7mate Perth
Australia,AU 7TWO Darwin
Australia,AU 7TWO Hobart
Australia,AU 7Two Sydney
Australia,AU 9Gem Darwin
Australia,AU 9Gem Hobart
Australia,AU 9Gem Sydney
Australia,AU 9Go! Sydney
Australia,AU 9Go_ Darwin
Australia,AU 9Life Perth
Australia,AU 9Rush Perth
Australia,AU ACCTV Perth
Australia,AU NITV Sydney
Australia,AU SBS Hobart 
Australia,AU Seven Perth
Australia,AU Sky News HD
Australia,AU 7TWO Perth
Australia,AU 9Gem Perth
Australia,AU 9Go! Perth
Australia,AU ABC Darwin
Australia,AU ABC Hobart
Australia,AU ABC Sydney
Australia,AU Al Jazeera
Australia,AU Racing.com
Australia,AU Redbull TV
Australia,AU SBS Darwin
Australia,AU SBS Sydney
Australia,AU TEN Darwin
Australia,AU TEN Hobart
Australia,AU Ten Sydney
Australia,AU ABC Perth
Australia,AU SBS Perth
Australia,AU Ten Perth
Australia,AU ESPN 1
Australia,AU ESPN 2
Austria,AT: Sky Sport Austria 1 HD
Austria,AT: KABEL EINS DOKU
Austria,AT: ORF Sport + HD
Austria,AT: Sky Sport 2 HD
Austria,AT: Krone Hit TV
Austria,AT: SIXX AUSTRIA
Austria,AT: Sky Sport HD
Austria,AT: Genius Tele
Austria,AT: Nickelodeon
Austria,AT: SRF Zwei HD
Austria,AT: KABEL EINS
Austria,AT: SAT 1 GOLD
Austria,AT: 3 SAT FHD
Austria,AT: ATV II HD
Austria,AT: Puls 4 HD
Austria,AT: Telebasel
Austria,AT: ORF 1 HD
Austria,AT: ORF 2 HD
Austria,AT: ORF 3 HD
Austria,AT: RTL + HD
Austria,AT: RTL Zwei
Austria,AT: DORF TV
Austria,AT: OE24 TV
Austria,AT: TOGGO +
Austria,AT: ATV HD
Austria,AT: FS 1
Azerbaijan,AZ: SPACE TV CBC SPORT HD
Azerbaijan,AZ: SETANTA SPORTS 1 FHD
Azerbaijan,AZ: AZAD AZARBEYCAN TV
Azerbaijan,AZ: CBC AZERBEYCAN
Azerbaijan,AZ: CBC SPORT HD
Azerbaijan,AZ: Medeniyet Tv
Azerbaijan,AZ: ICTIMAI TV
Azerbaijan,AZ: Azad Atv 
Azerbaijan,AZ: Azad Atv2
Azerbaijan,AZ: Dunya TV
Azerbaijan,AZ: GUNAZ TV
Azerbaijan,AZ: IDMAN TV
Azerbaijan,AZ: Lider Tv
Azerbaijan,AZ: SPACE TV
Azerbaijan,AZ: TURAN TV
Azerbaijan,AZ: XEZER TV
Azerbaijan,AZ: AZAD TV
Azerbaijan,AZ: UMID TV
Azerbaijan,AZ: ARB 24
Azerbaijan,AZ: ARB TV
Azerbaijan,AZ: Muz TV
Azerbaijan,AZ: AZ TV
Azerbaijan,AZ: ATV
Azerbaijan,AZ: CBC
Bangladesh,BD: ZEE BANGAL CINEMA HD (IND)
Bangladesh,BD: ATN BANGAL (UK) (IND)
Bangladesh,BD: ABP ANANDA HD (IND)
Bangladesh,BD: STAR JALSA HD (IND)
Bangladesh,BD: MAASRANGA HD (IND)
Bangladesh,BD: MY CINEMA HD (IND)
Bangladesh,BD: ASIAN TV HD (IND)
Bangladesh,BD: DHOOM MUSIC (IND)
Bangladesh,BD: GAZI TV HD (IND)
Bangladesh,BD: ATN BANGL (IND)
Bangladesh,BD: Bongo Movies TV
Bangladesh,BD: CHANNEL NEWS HD
Bangladesh,BD: DEEPTO HD (IND)
Bangladesh,BD: AL Istiqama TV
Bangladesh,BD: Bangla Ruposhi
Bangladesh,BD: BIJOY TV (IND)
Bangladesh,BD: Gaan Bangla TV
Bangladesh,BD: Independent TV
Bangladesh,BD: INDIA TODAY TV
Bangladesh,BD: RA INEWS 24 TV
Bangladesh,BD: Sangeet Bangla
Bangladesh,BD: BANGAL VISION
Bangladesh,BD: CHANNEL 24 HD
Bangladesh,BD: COLORS BANGLA
Bangladesh,BD: Ekushey TV HD
Bangladesh,BD: Homeliving HD
Bangladesh,BD: Zee Bangla TV
Bangladesh,BD: Aljazeera TV
Bangladesh,BD: Banglavision
Bangladesh,BD: BOISHAKHI TV
Bangladesh,BD: BOISHAKHI TV
Bangladesh,BD: Boishakhi TV
Bangladesh,BD: CHANNEL S TV
Bangladesh,BD: My cinema tv
Bangladesh,BD: Star plus tv
Bangladesh,BD: Dhoom Music
Bangladesh,BD: STAR JALSHA
Bangladesh,BD: EKATTOR TV
Bangladesh,BD: Nagorik TV
Bangladesh,BD: NEWS 24 TV
Bangladesh,BD: Ruposhi TV
Bangladesh,BD: Somoy News
Bangladesh,BD: Zee Cinema
Bangladesh,BD: BTV WORLD
Bangladesh,BD: Carina TV
Bangladesh,BD: CHANNEL 9
Bangladesh,BD: Channel 9
Bangladesh,BD: CHANNEL I
Bangladesh,BD: CHANNEL S
Bangladesh,BD: Channel S
Bangladesh,BD: COLORS HD
Bangladesh,BD: JAMUNA TV
Bangladesh,BD: Jonakk TV
Bangladesh,BD: KANSHI TV
Bangladesh,BD: MADANI TV
Bangladesh,BD: MOHONA TV
Bangladesh,BD: MOHONA TV
Bangladesh,BD: NANDAN TV
Bangladesh,BD: SONY Aath
Bangladesh,BD: taposh TV
Bangladesh,BD: ASIAN TV
Bangladesh,BD: ATN NEWS
Bangladesh,BD: Bijoy Tv
Bangladesh,BD: BOISAKHI
Bangladesh,BD: DESHI TV
Bangladesh,BD: iIQRA TV
Bangladesh,BD:Mohona TV
Bangladesh,BD: CNBC TV
Bangladesh,BD: NEWS 18
Bangladesh,BD: Rupashi
Bangladesh,BD: TIME TV
Bangladesh,BD: 92news
Bangladesh,BD: ATN TV
Bangladesh,BD: BTV TV
Bangladesh,BD: ETG TV
Bangladesh,BD: GTV HD
Bangladesh,BD: NEWS18
Bangladesh,BD: NTV US
Bangladesh,BD: RTP TV
Bangladesh,BD: TV ETV
Bangladesh,BD: TVT TV
Bangladesh,BD: Movie
Bangladesh,BD: MY TV
Bangladesh,BD: SA TV
Bangladesh,BD: IQRA
Bangladesh,BD: NTV
Bangladesh,BD: RTV
Bangladesh,BD: RTV
Bangladesh,BD: DD
Belgium,BE: Eleven Pro League 1 FHD
Belgium,BE: VOO SPORT WORLD 2 FHD
Belgium,BE: VOO SPORT WORLD 3 FHD
Belgium,BE: Voo Sport World 1 HD
Belgium,BE: ELEVEN SPORTS 1 FHD
Belgium,BE: ELEVEN SPORTS 2 FHD
Belgium,BE: ELEVEN SPORTS 3 HD
Belgium,BE: PLAY SPORTS 2 HD
Belgium,BE: VOO SPORT 1 FHD
Belgium,BE: ATV Antwerpen
Belgium,BE: Ketnet Junior
Belgium,BE: Play Sports 1
Belgium,BE: CLUB RTL FHD
Belgium,BE: PLUG RTL FHD
Belgium,BE: LA DEUX FHD
Belgium,BE: RTL TVI FHD
Belgium,BE: VOO SPORT 2
Belgium,BE: Canal Zoom
Belgium,BE: CANVAS FHD
Belgium,BE: LA UNE FHD
Belgium,BE: NAT GEO HD
Belgium,BE: VITAYA FHD
Belgium,BE: VOO SPORTS
Belgium,BE: Bx1 Belge
Belgium,BE: Eclips TV
Belgium,BE: OUF TIVI
Belgium,BE: VIER FHD
Belgium,BE: VTM 2 HD
Belgium,BE: VTM Kids
Belgium,BE: BEL RTL
Belgium,BE: Een FHD
Belgium,BE: VIJF HD
Belgium,BE: VTM FHD
Belgium,BE: 192 TV
Belgium,BE: 2BE HD
Belgium,BE: AB1 HD
Belgium,BE: AB3 HD
Belgium,BE: CAZ HD
Belgium,BE: EEN HD
Belgium,BE: Q2 FHD
Belgium,BE: TVL HD
Belgium,BE: ZES HD
Belgium,BE: LN24
Belgium,BE: BX1
Belgium,BE: FOX
Bolivia,BO: TV Latina Canal 42
Bolivia,BO: Tigo Sports 2 HD
Bolivia,BO: TIGO SPORTS 3 HD
Bolivia,BO: TV UNIVERSITARIA
Bolivia,BO: Bolivision HD
Bolivia,BO: TIGO SPORTS 1
Bolivia,BO: RTP BOLIVIA
Bolivia,BO: Bolivia TV
Bolivia,BO: Gigavision
Bolivia,BO: Rec Online
Bolivia,BO: Cadena H
Bolivia,BO: Canal 7
Bolivia,BO: Red ATB
Bolivia,BO: Red UNO
Bolivia,BO: Unitel
Bolivia,BO: TV U
Bolivia,BO: ATB
Bolivia,BO: RTP
Bosnia,BIH: Investigation Discovery
Bosnia,BIH: MOJA TV BH PREMIER LIGA
Bosnia,BIH: Cinestar TV Premiere 2
Bosnia,BIH: NOVA BiH (Pink BiH)
Bosnia,BIH: Discovery Science
Bosnia,BIH: Alfa Tv Sarajevo
Bosnia,BIH: Arena Sport 6 HD
Bosnia,BIH: RTV Herceg Bosne
Bosnia,BIH: Cinestar Action
Bosnia,BIH: RTV PODRINJE HD
Bosnia,BIH: Viasat Explorer
Bosnia,BIH: Alternativa TV
Bosnia,BIH: ATV BANJA LUKA
Bosnia,BIH: FIGHT Channel*
Bosnia,BIH: Lov i Ribolov*
Bosnia,BIH: TV Sarajevo HD
Bosnia,BIH: Viasat History
Bosnia,BIH: Alfa TV Bosna
Bosnia,BIH: ANIMAL PLANET
Bosnia,BIH: Arena Sport 1
Bosnia,BIH: Arena Sport 2
Bosnia,BIH: Arena Sport 3
Bosnia,BIH: Arena Sport 4
Bosnia,BIH: Arena Sport 5
Bosnia,BIH: BN Televizija
Bosnia,BIH: FEDERALNA FTV
Bosnia,BIH: GLAS DRINE HD
Bosnia,BIH: NTV IC KAKANJ
Bosnia,BIH: OTV VALENTINO
Bosnia,BIH: RTV VISOKO HD
Bosnia,BIH: RTV Vojvodina
Bosnia,BIH: TV 5 HD islam
Bosnia,BIH: TV SLON EXTRA
Bosnia,BIH: Viasat Nature
Bosnia,BIH: ALTERNATIVNA
Bosnia,BIH: Federalna TV
Bosnia,BIH: Filmbox Plus
Bosnia,BIH: HIT BRCKO TV
Bosnia,BIH: MTV IGMAN HD
Bosnia,BIH: NAT GEO Wild
Bosnia,BIH: Sevdah TV HD
Bosnia,RS: BELLE AMIE HD
Bosnia,BIH: Arena Sport
Bosnia,BIH: Banovina TV
Bosnia,BIH: CineStar TV
Bosnia,BIH: EUROSPORT 1
Bosnia,BIH: EUROSPORT 2
Bosnia,BIH: HAYAT MUSIK
Bosnia,BIH: nickelodeon
Bosnia,BIH: POSAVINA TV
Bosnia,BIH: TV POSAVINA
Bosnia,RS: RTV Presheva
Bosnia,BIH: 24 Kitchen
Bosnia,BIH: Al Jazeera
Bosnia,BIH: Fox Movies
Bosnia,BIH: Hayat Folk
Bosnia,BIH: Hayat Plus
Bosnia,BIH: IZVORNA TV
Bosnia,BIH: KANAL 6 HD
Bosnia,BIH: Prva World
Bosnia,BIH: RTL Living
Bosnia,BIH: RTV Zenica
Bosnia,BIH: Super Kids
Bosnia,BIH: Cinemax 1
Bosnia,BIH: Cinemax 2
Bosnia,BIH: Fox Crime
Bosnia,BIH: HAYATOVCI
Bosnia,BIH: Klasik TV
Bosnia,BIH: N1 BIH HD
Bosnia,BIH: Prva Plus
Bosnia,BIH: RTRS PLUS
Bosnia,BIH: RTS Zivot
Bosnia,BIH: TV Sehara
Bosnia,BIH: TV ZENICA
Bosnia,BIH: VALENTINO
Bosnia,BIH: BHT 1 HD
Bosnia,BIH: BN Music
Bosnia,BIH: BN MUSIK
Bosnia,BIH: Fox Life
Bosnia,BIH: HAYAT HD
Bosnia,BIH: MEKKA TV
Bosnia,BIH: N1 Bosna
Bosnia,BIH: NOVA BH*
Bosnia,BIH: RTV SANA
Bosnia,BIH: TV TUZLA
Bosnia,BIH: CITY TV
Bosnia,BIH: Duga TV
Bosnia,BIH: FACE HD
Bosnia,BIH: HEMA TV
Bosnia,BIH: Kanal 5
Bosnia,BIH: Minimax
Bosnia,BIH: NAT GEO
Bosnia,BIH: RTRS TV
Bosnia,BIH: TV Mini
Bosnia,BIH: TV SLON
Bosnia,RS: RTV CG 1
Bosnia,BIH: BHT HD
Bosnia,BIH: BN Sat
Bosnia,BIH: DM Sat
Bosnia,BIH: IDJTV*
Bosnia,BIH: NOVA M
Bosnia,BIH: TV USK
Bosnia,BIH: USK HD
Bosnia,BIH: BH TV
Bosnia,BIH: BN HD
Bosnia,BIH: HBO 2
Bosnia,BIH: HBO 3
Bosnia,BIH: K3 TV
Bosnia,BIH: N1 HD
Bosnia,BIH: N1 RS
Bosnia,BIH: RTS 1
Bosnia,BIH: RTS 2
Bosnia,BIH: RTS 3
Bosnia,BIH: TV TK
Bosnia,BIH: Alfa
Bosnia,BIH: HNTV
Bosnia,BIH: NOVA
Bosnia,BIH: Prva
Bosnia,BIH: TV 1
Bosnia,BIH: ATV
Bosnia,BIH: AXN
Bosnia,BIH: FOX
Bosnia,BIH: FTV
Bosnia,BIH: HBO
Bosnia,BIH: OBN
Bosnia,BIH: RTL
Bosnia,BIH: RTV
Bosnia,BIH: TLC
Bosnia,RS: RTCG
Brazil,BR: PREMIERE 6
Brazil,BR: GLOBO TV VERDES MARES FORTALEZA HD
Brazil,BR: GLOBO TV VANGUARDA S.J DOS CAMPOS
Brazil,BR: GLOBO EPTV RIBEIRÃO PRETO HD
Brazil,BR: GLOBO RIO GRANDE DO NORTE HD
Brazil,BR: ID-INVESTIGACAO DISCOVERY HD
Brazil,BR: DISCOVERY HOME & HEALTH HD
Brazil,BR: GLOBO TV TRIBUNA SANTOS HD
Brazil,BR: GLOBO RBS PORTO ALEGRE HD
Brazil,BR: SBT TV CIDADE VERDE PIAUI
Brazil,BR: GLOBO EPTV SAO CARLOS HD
Brazil,BR: Globo RBS Pelotas TV FHD
Brazil,BR: GLOBO TV TEM SOROCABA HD
Brazil,BR: GLOBO EPTV CAMPINAS HD
Brazil,BR: GLOBO INTERNACIONAL HD
Brazil,BR: DISCOVERY CHANNEL FHD
Brazil,BR: DISCOVERY THEATER FHD
Brazil,BR: Globo TV Tem Bauru HD
Brazil,BR: UNIVERSAL CHANNEL FHD
Brazil,BR: DISCOVERY SCIENCE HD
Brazil,BR: PARAMOUNT CHANNEL HD
Brazil,BR: PREMIERE CLUBES HEVC
Brazil,BR: STUDIO UNIVERSAL FHD
Brazil,BR: Telecine Premium FHD
Brazil,BR: Discovery Turbo FHD
Brazil,BR: DISCOVERY WORLD FHD
Brazil,BR: ELEVEN SPORTS 5 FHD
Brazil,BR: Globo TV Tribuna HD
Brazil,BR: Telecine Action FHD
Brazil,BR: Telecine Pipoca FHD
Brazil,BR: COMEDY CENTRAL FHD
Brazil,BR: DISCOVERY KIDS FHD
Brazil,BR: DISNEY CHANNEL FHD
Brazil,BR: Globo Amazônica HD
Brazil,BR: Globo Fortaleza HD
Brazil,BR: GLOBO NORDESTE FHD
Brazil,BR: HISTORY CHANNEL HD
Brazil,BR: RECORD AMAZONAS HD
Brazil,BR: RECORD CAMPINAS HD
Brazil,BR: RECORD NORDESTE HD
Brazil,BR: Telecine Touch FHD
Brazil,BR: Fox Premium 2 FHD
Brazil,BR: GLOBO BRASILIA HD
Brazil,BR: GLOBO TV BELEM HD
Brazil,BR: HBO SIGNATURE FHD
Brazil,BR: TELECINE CULT FHD
Brazil,BR: ANIMAL PLANET 4K
Brazil,BR: BAND CAMPINAS HD
Brazil,BR: DISCOVERY TLC HD
Brazil,BR: FOOD NETWORK FHD
Brazil,BR: FOX PREMIUM 1 HD
Brazil,BR: MUSIC BOX BRAZIL
Brazil,BR: NAT GEO KIDS FHD
Brazil,BR: NAT GEO WILD FHD
Brazil,BR: RECORD ESP SANTO
Brazil,BR: Telecine Fun FHD
Brazil,BR: CARTOON NETWORK
Brazil,BR: GLOBO CUIABA HD
Brazil,BR: GLOBO MINAS FHD
Brazil,BR: RECORD NEWS FHD
Brazil,BR: Warner Bros FHD
Brazil,BR: ESPN Brasil HD
Brazil,BR: GLOBO BAHIA HD
Brazil,BR: HBO FAMILY FHD
Brazil,BR: HBO XTREME FHD
Brazil,BR: nickelodeon HD
Brazil,BR: TNT SERIES FHD
Brazil,BR CONMEBOL TV 01
Brazil,BR CONMEBOL TV 02
Brazil,BR CONMEBOL TV 03
Brazil,BR CONMEBOL TV 04
Brazil,BR: CNN BRASIL HD
Brazil,BR: DISNEY JR FHD
Brazil,BR: DISNEY XD FHD
Brazil,BR: ESPN EXTRA HD
Brazil,BR: GLOBO NEWS HD
Brazil,BR: GLOBO PREMIUM
Brazil,BR: LIFE TIME FHD
Brazil,BR: MULTISHOW FHD
Brazil,BR: BAND NEWS HD
Brazil,BR: CANAL BRASIL
Brazil,BR: FOX LIFE FHD
Brazil,BR: FOX SPORTS 2
Brazil,BR: Globo RPC HD
Brazil,BR: GLOBO SP FHD
Brazil,BR: HBO PLUS FHD
Brazil,BR: MEGA PIX FHD
Brazil,BR: MTV LIVE FHD
Brazil,BR: RECORD MG HD
Brazil,BR: RECORD RJ HD
Brazil,BR: RECORD SP HD
Brazil,BR: TV GAZETA HD
Brazil,BR REDE FAMILIA
Brazil,BR: Band Sports
Brazil,BR: CINEMAX FHD
Brazil,BR: COMBATE FHD
Brazil,BR: Globo RJ HD
Brazil,BR: NAT GEO FHD
Brazil,BR: NICK JR FHD
Brazil,BR: SPORTV 2 HD
Brazil,BR: TOONCAST HD
Brazil,BR: ARTE 1 FHD
Brazil,BR: BABY TV HD
Brazil,BR: BOOMERANG 
Brazil,BR: CULTURA HD
Brazil,BR: FOX SPORTS
Brazil,BR: Premiere 1
Brazil,BR: PREMIERE 2
Brazil,BR: PREMIERE 3
Brazil,BR: PREMIERE 4
Brazil,BR: PREMIERE 5
Brazil,BR: Premiere 7
Brazil,BR: PREMIERE 8
Brazil,BR: RECORD FHD
Brazil,BR: ESPN 2 HD
Brazil,BR: FOX CRIME
Brazil,BR: FUTURA HD
Brazil,BR: GLOOB FHD
Brazil,BR: GLOOBINHO
Brazil,BR: Hbo 2 FHD
Brazil,BR: MAX PRIME
Brazil,BR: RECORD BA
Brazil,BR: RECORD DF
Brazil,BR: RECORD RS
Brazil,BR: REDE VIDA
Brazil,BR: SPACE FHD
Brazil,BR: WOOHOO HD
Brazil,BR: ESPN FHD
Brazil,BR: SONY FHD
Brazil,BR: SPORTV 3
Brazil,BR: SYFY FHD
Brazil,BR: VIVA FHD
Brazil,BR: A&E FHD
Brazil,BR: AXN FHD
Brazil,BR: BIS FHD
Brazil,BR: DAZN HD
Brazil,BR: FISH TV
Brazil,BR: FOX FHD
Brazil,BR: GNT FHD
Brazil,BR: Hbo FHD
Brazil,BR: HGTV HD
Brazil,BR: OFF FHD
Brazil,BR: REDE TV
Brazil,BR: TBS FHD
Brazil,BR: TNT FHD
Brazil,BR DAZN #1
Brazil,BR DAZN #2
Brazil,BR DAZN #3
Brazil,BR DAZN #4
Brazil,BR: AMC HD
Brazil,BR: CURTA!
Brazil,BR: FX FHD
Brazil,BR: H2 FHD
Brazil,BR: MTV HD
Brazil,BR: SPORTV
Brazil,BR: VH1 HD
Brazil,BR: E! HD
Brazil,BR: SBT 
Brazil,BR: TCM
Bulgaria,BG: Investigation Discovery Xtra FHD
Bulgaria,BG: National Geographic Wild HD
Bulgaria,BG: Tiankov Orient Folk FHD
Bulgaria,BG: Viasat Explorer / Spice
Bulgaria,BG: National Geographic HD
Bulgaria,BG: Discovery Science HD
Bulgaria,BG: History Channel FHD
Bulgaria,BG: Balkanika Music HD
Bulgaria,BG: Diema Sport 2 FHD
Bulgaria,BG: Discovery Channel
Bulgaria,BG: Travel Channel HD
Bulgaria,BG: ANIMAL PLANET HD
Bulgaria,BG: BG Music Channel
Bulgaria,BG: Diema Sport 1 HD
Bulgaria,BG: FilmBox Extra HD
Bulgaria,BG: MAX Sports 2 FHD
Bulgaria,BG: Tiankov Folk FHD
Bulgaria,BG: BULGARIA 24 FHD
Bulgaria,BG: Bulgaria On Air
Bulgaria,BG: CARTOON NETWORK
Bulgaria,BG: Diema Family HD
Bulgaria,BG: EUROSPORT 1 FHD
Bulgaria,BG: EUROSPORT 2 FHD
Bulgaria,BG: FilmBox Plus HD
Bulgaria,BG: Nova SPORTS FHD
Bulgaria,BG: Disney Channel
Bulgaria,BG: Eurochannel HD
Bulgaria,BG: MAX Sport 3 HD
Bulgaria,BG: Retro Music TV
Bulgaria,BG: 24 Kitchen HD
Bulgaria,BG: bTV Action HD
Bulgaria,BG: Disney Junior
Bulgaria,BG: FILMBOX STARS
Bulgaria,BG: Fox Crime FHD
Bulgaria,BG: Movie Star HD
Bulgaria,BG: AXN Black HD
Bulgaria,BG: Cinemax 2 HD
Bulgaria,BG: Fox Life FHD
Bulgaria,BG: iConcerts HD
Bulgaria,BG: MAX Sports 1
Bulgaria,BG: Planeta Folk
Bulgaria,BG: BG Music HD
Bulgaria,BG: CINEMA PLUS
Bulgaria,BG: Comedy Plus
Bulgaria,BG: Hobby TV HD
Bulgaria,BG: Kanal 3 FHD
Bulgaria,BG: MAX Sport 4
Bulgaria,BG: Nick Junior
Bulgaria,BG: Nickelodeon
Bulgaria,BG: Planeta FHD
Bulgaria,BG: RING BG FHD
Bulgaria,BG: Action+ HD
Bulgaria,BG: Box TV FHD
Bulgaria,BG: BTV CINEMA
Bulgaria,BG: BTV COMEDY
Bulgaria,BG: Cinemax HD
Bulgaria,BG: CITY MUSIC
Bulgaria,BG: Folklor TV
Bulgaria,BG: NOVA TV HD
Bulgaria,BG: Fen TV HD
Bulgaria,BG: Hobby Lov
Bulgaria,BG: KINO NOVA
Bulgaria,BG: Rodina TV
Bulgaria,BG: The Voice
Bulgaria,BG: TV Europa
Bulgaria,BG: BNT 1 HD
Bulgaria,BG: BNT 2 HD
Bulgaria,BG: BNT 4 HD
Bulgaria,BG: bTV Lady
Bulgaria,BG: DIEMA TV
Bulgaria,BG: Djazz HD
Bulgaria,BG: HBO 1 HD
Bulgaria,BG: HBO 2 HD
Bulgaria,BG: HBO 3 HD
Bulgaria,BG: Magic TV
Bulgaria,BG: MTV Base
Bulgaria,BG: MTV Hits
Bulgaria,BG: Alfa TV
Bulgaria,BG: AXN FHD
Bulgaria,BG: Baby TV
Bulgaria,BG: BNT3 HD
Bulgaria,BG: Duck TV
Bulgaria,BG: Jim Jam
Bulgaria,BG: Skat TV
Bulgaria,BG: SPORT +
Bulgaria,BG: TV 1000
Bulgaria,BG: TV PLUS
Bulgaria,BG: BTV HD
Bulgaria,BG: E-KIDS
Bulgaria,BG: F Plus
Bulgaria,BG: Fox HD
Bulgaria,BG: HBO HD
Bulgaria,BG: DSTV
Bulgaria,BG: AMC
Bulgaria,BG: TLC
Bulgaria,BG: VH1
Bulgaria,BG: VTK
CA: Canada FR,CA (FR) L'Assemblee nationale du Quebec HD
CA: Canada FR,CA (FR) ICI Tele Ottawa-Gatineau HD
CA: Canada FR,CA LCN (FR) Le Canal Nouvelles HD
CA: Canada FR,CA (FR) ICI Tele Saskatchewan HD
CA: Canada FR,CA TVA Riviere-du-Loup (CIMT)
CA: Canada FR,CA (FR) ICI Tele CB-Yukon HD
CA: Canada FR,CA (FR) ICI Tele Manitoba HD
CA: Canada FR,CA (FR) ICI Tele Mauricie HD
CA: Canada FR,CA (FR) ICI Tele Saguenay HD
CA: Canada FR,CA La chaÃ®ne Disney (FR) HD
CA: Canada FR,CA (FR) ICI Tele Alberta HD
CA: Canada FR,CA (FR) ICI Tele Ontario HD
CA: Canada FR,CA (FR) ICI Tele Acadie HD
CA: Canada FR,CA (FR) ICI Tele Estrie HD
CA: Canada FR,CA (FR) ICI Tele Quebec HD
CA: Canada FR,CA (FR) TVA Carleton HD
CA: Canada FR,CA (FR) Trace Tropical
CA: Canada FR,CA Disney La Chaine HD
CA: Canada FR,CA TELE QUEBEC (FR) HD
CA: Canada FR,CA (FR) ICI Tele 2 HD
CA: Canada FR,CA ICI Vancouver (FR)
CA: Canada FR,CA TELEMAGINO (FR) HD
CA: Canada FR,CA TVA Quebec City HD
CA: Canada FR,CA (FR) NOOVO V-Tele
CA: Canada FR,CA (FR) Trace Africa
CA: Canada FR,CA ICI Montreal (FR)
CA: Canada FR,CA TELEMAG QUEBEC HD
CA: Canada FR,CA TVA MONTREAL (fr)
CA: Canada FR,CA: Investigation HD
CA: Canada FR,CA (FR) Planete+ HD
CA: Canada FR,CA (FR) TELETOON HD
CA: Canada FR,CA (FR) Trace Mziki
CA: Canada FR,CA (FR) Trace Naija
CA: Canada FR,CA (FR) Trace Urban
CA: Canada FR,CA Addik TV (FR) HD
CA: Canada FR,CA (FR) Cinepop HD
CA: Canada FR,CA (FR) ICI RDI HD
CA: Canada FR,CA (FR) Seasons HD
CA: Canada FR,CA (FR) Trace Toca
CA: Canada FR,CA Canal D (FR) HD
CA: Canada FR,CA MOI et CIE (FR)
CA: Canada FR,CA Salt + Light TV
CA: Canada FR,CA TV5 (FR) Quebec
CA: Canada FR,CA TVA Hull (CHOT)
CA: Canada FR,CA VRAK TV (FR) HD
CA: Canada FR,CA Frissons TV HD
CA: Canada FR,CA Z Tele (FR) HD
CA: Canada FR,CA (FR)  EMCI TV
CA: Canada FR,CA ELLE Fictions
CA: Canada FR,CA Historia (FR)
CA: Canada FR,CA RDS INFO (FR)
CA: Canada FR,CA SUPER ECRAN 1
CA: Canada FR,CA SUPER ECRAN 2
CA: Canada FR,CA SUPER ECRAN 3
CA: Canada FR,CA SUPER ECRAN 4
CA: Canada FR,CA Zeste (FR) HD
CA: Canada FR,CA: Unis TV (FR)
CA: Canada FR,CA (FR) Canal V
CA: Canada FR,CA Canal Savoir
CA: Canada FR,CA CASA (FR) HD
CA: Canada FR,CA Evasion (FR)
CA: Canada FR,CA Prise 2 (FR)
CA: Canada FR,CA Series+ (FR)
CA: Canada FR,CA AMI-TELE FR
CA: Canada FR,CA ICI ARTV HD
CA: Canada FR,CA Vie (FR) HD
CA: Canada FR,CA RDS 2 (FR)
CA: Canada FR,CA (FR) EWTN
CA: Canada FR,CA RDS (FR)
CA: Canada FR,CA RDS (HD)
CA: Canada FR,CA TFO (FR)
CA: Canada FR,CA Canal M
CA: Canada FR,CA ICI RDI
CA: Canada FR,CA ICI TV
CA: Canada FR,CA MAX
CA: Canada General,CA FAITH TV
CA: Canada General,CA Aboriginal Peoples Television Network
CA: Canada General,CA CTV Prince Albert Saskatchewan HD
CA: Canada General,CA Legislative Assembly of Ontario
CA: Canada General,CA Rogers TV St. Thomas/Strathroy
CA: Canada General,CA Sony Entertainment Television
CA: Canada General,CA Investigation Discovery HD
CA: Canada General,CA Super Channel Heart & Home
CA: Canada General,CA BBC Toronto Gaunda Punjab
CA: Canada General,CA Global Durham (CHEX-DT-2)
CA: Canada General,CA STINGRAY COUNTRY CLASSICS
CA: Canada General,CA CTV Life Channel (Gusto)
CA: Canada General,CA Rogers TV (Corner Brook)
CA: Canada General,CA Super Channel Vault  HD
CA: Canada General,CA: Global Regina News (E)
CA: Canada General,CA CTV 2 VANCOUVER Island
CA: Canada General,CA CTV News Live Events 3
CA: Canada General,CA Global Peterborough HD
CA: Canada General,CA Hollywood Suite 2000's
CA: Canada General,CA LIFETIME MOVIE NETWORK
CA: Canada General,CA Rogers TV (St. John's)
CA: Canada General,CA SILVER SCREEN CLASSICS
CA: Canada General,CA SMITHSONIAN Channel HD
CA: Canada General,CA: World Fishing Network
CA: Canada General,CA Crime & Investigation
CA: Canada General,CA CTV 2 Windsor Ontario
CA: Canada General,CA Global Toronto (CIII)
CA: Canada General,CA: CBC St. Johns (CBNT)
CA: Canada General,CA (TA) Tamil Vision TV
CA: Canada General,CA Global News Montreal
CA: Canada General,CA Global okanagan News
CA: Canada General,CA Hollywood Suite 70's
CA: Canada General,CA Hollywood Suite 80's
CA: Canada General,CA Hollywood Suite 90's
CA: Canada General,CA SPIKE TV / PARAMOUNT
CA: Canada General,CA Global Maritimes HD
CA: Canada General,CA GLOBAL VANCOUVER HD
CA: Canada General,CA National Geographic
CA: Canada General,CA Real Estate Channel
CA: Canada General,CA THE WEATHER NETWORK
CA: Canada General,CA TV Rogers (Moncton)
CA: Canada General,CA (PA) Prime Asia TV
CA: Canada General,CA CTV TORONTO (CFTO)
CA: Canada General,CA Discovery Velocity
CA: Canada General,CA GINX eSports TV HD
CA: Canada General,CA History Channel HD
CA: Canada General,CA Rogers TV (DURHAM)
CA: Canada General,CA Rogers TV (London)
CA: Canada General,CA Rogers TV (Ottawa)
CA: Canada General,CA Rogers TV Bathurst
CA: Canada General,CA Rogers TV Waterloo
CA: Canada General,CA STINGRAY NO FENCES
CA: Canada General,CA Super Channel Fuse
CA: Canada General,CA TSN5 HD Blackout 2
CA: Canada General,CA CBC Charlottetown
CA: Canada General,CA CNN INTERNATIONAL
CA: Canada General,CA CTV 2 Atlantic HD
CA: Canada General,CA Discovery Channel
CA: Canada General,CA DISCOVERY SCIENCE
CA: Canada General,CA GAME SHOW NETWORK
CA: Canada General,CA Knowledge Network
CA: Canada General,CA Montreal Greek TV
CA: Canada General,CA Paramount Network
CA: Canada General,CA CBC News Network
CA: Canada General,CA CTV News Channel
CA: Canada General,CA E! Entertainment
CA: Canada General,CA Global Saskatoon
CA: Canada General,CA Rogers TV Barrie
CA: Canada General,CA Rogers TV Guelph
CA: Canada General,CA TSN4 HD Blackout
CA: Canada General,CA Zee TV Canada HD
CA: Canada General,CA CBC Fredericton
CA: Canada General,CA COOKING CHANNEL
CA: Canada General,CA CTV Atlantic HD
CA: Canada General,CA Global (Durham)
CA: Canada General,CA GLOBAL EDMONTON
CA: Canada General,CA GLOBAL KINGSTON
CA: Canada General,CA GLOBAL MONTREAL
CA: Canada General,CA Global National
CA: Canada General,CA Global Winnipeg
CA: Canada General,CA MEDIASET ITALIA
CA: Canada General,CA: CTV Sudbury HD
CA: Canada General,CA (ES) TeleNinos
CA: Canada General,CA AMI TELEVISION
CA: Canada General,CA BBC WORLD NEWS
CA: Canada General,CA CITY VANCOUVER
CA: Canada General,CA CTV 2 (London)
CA: Canada General,CA CTV 2 (Ottawa)
CA: Canada General,CA CTV Lethbridge
CA: Canada General,CA CTV Moncton HD
CA: Canada General,CA DOCUMENTARY HD
CA: Canada General,CA GLOBAL CALGARY
CA: Canada General,CA GLOBAL HALIFAX
CA: Canada General,CA GLOBAL NEWS HD
CA: Canada General,CA GLOBAL TORONTO
CA: Canada General,CA Stingray Retro
CA: Canada General,CA: CTV Saskatoon
CA: Canada General,CA BNN Bloomberg
CA: Canada General,CA CablePulse 24
CA: Canada General,CA CBC VANCOUVER
CA: Canada General,CA CITY MONTREAL
CA: Canada General,CA CITY WINNIPEG
CA: Canada General,CA CTV Kitchener
CA: Canada General,CA CTV Regina HD
CA: Canada General,CA CTV Sydney HD
CA: Canada General,CA CTV VANCOUVER
CA: Canada General,CA Rai Italia HD
CA: Canada General,CA Stingray Loud
CA: Canada General,CA TRAVEL ESCAPE
CA: Canada General,CA TSN5 Blackout
CA: Canada General,CA: MOVIETIME HD
CA: Canada General,CA BBC Earth HD
CA: Canada General,CA CBC Edmonton
CA: Canada General,CA CBC Montreal
CA: Canada General,CA CBC Winnipeg
CA: Canada General,CA CITY CALGARY
CA: Canada General,CA CITY TORONTO
CA: Canada General,CA COTTAGE LIFE
CA: Canada General,CA CTV Edmonton
CA: Canada General,CA CTV MONTREAL
CA: Canada General,CA CTV WINNIPEG
CA: Canada General,CA FAMILY CHRGD
CA: Canada General,CA Food Network
CA: Canada General,CA MSNBC CANADA
CA: Canada General,CA Nat Geo Wild
CA: Canada General,CA Newfoundland
CA: Canada General,CA Quo Vadis TV
CA: Canada General,CA: FAIRCHILD 2
CA: Canada General,CA CBC Calgary
CA: Canada General,CA CBC Halifax
CA: Canada General,CA CBC Toronto
CA: Canada General,CA CBC West SD
CA: Canada General,CA CBC Windsor
CA: Canada General,CA CTV CALGARY
CA: Canada General,CA CTV HALIFAX
CA: Canada General,CA CTV TORONTO
CA: Canada General,CA CTV Yorkton
CA: Canada General,CA CTV2 Barrie
CA: Canada General,CA DIY Network
CA: Canada General,CA Love Nature
CA: Canada General,CA MLB Network
CA: Canada General,CA NFL Network
CA: Canada General,CA Toronto 360
CA: Canada General,CA Adult Swim
CA: Canada General,CA CBC Ottawa
CA: Canada General,CA CBC Regina
CA: Canada General,CA CPAC FR HD
CA: Canada General,CA CTV COMEDY
CA: Canada General,CA CTV OTTAWA
CA: Canada General,CA CTV SCI-FI
CA: Canada General,CA DAYSTAR TV
CA: Canada General,CA Global FHD
CA: Canada General,CA MUCH_MUSIC
CA: Canada General,CA TV Ontario
CA: Canada General,CA (ES) TLN+
CA: Canada General,CA ABC_Spark
CA: Canada General,CA BBC First
CA: Canada General,CA CTV Drama
CA: Canada General,CA FAIRCHILD
CA: Canada General,CA JOY TV 10
CA: Canada General,CA PEACHTREE
CA: Canada General,CA TV Rogers
CA: Canada General,CA W NETWORK
CA: Canada General,CA BRAVO HD
CA: Canada General,CA CHRGD HD
CA: Canada General,CA DEJAVIEW
CA: Canada General,CA FOX NEWS
CA: Canada General,CA Lifetime
CA: Canada General,CA SHOPPING
CA: Canada General,CA Showcase
CA: Canada General,CA Teletoon
CA: Canada General,CA YTV WEST
CA: Canada General,CA CP24 HD
CA: Canada General,CA CPAC EN
CA: Canada General,CA Crave 1
CA: Canada General,CA Crave 2
CA: Canada General,CA Crave 3
CA: Canada General,CA Crave 4
CA: Canada General,CA Game TV
CA: Canada General,CA IIPC TV
CA: Canada General,CA Makeful
CA: Canada General,CA MIRACLE
CA: Canada General,CA PHOENIX
CA: Canada General,CA Starz 1
CA: Canada General,CA Starz 2
CA: Canada General,CA Wild TV
CA: Canada General,CA CNN HD
CA: Canada General,CA FAMILY
CA: Canada General,CA MAKFUL
CA: Canada General,CA NBA TV
CA: Canada General,CA OMNI_1
CA: Canada General,CA OMNI_2
CA: Canada General,CA OUT TV
CA: Canada General,CA REWIND
CA: Canada General,CA TALENT
CA: Canada General,CA VISION
CA: Canada General,CA YES TV
CA: Canada General,CA DTOUR
CA: Canada General,CA Game+
CA: Canada General,CA HBO 1
CA: Canada General,CA HBO 2
CA: Canada General,CA MAVTV
CA: Canada General,CA MTV 2
CA: Canada General,CA SLICE
CA: Canada General,CA APTN
CA: Canada General,CA CHCH
CA: Canada General,CA CNBC
CA: Canada General,CA CTV2
CA: Canada General,CA HGTV
CA: Canada General,CA Much
CA: Canada General,CA QVTV
CA: Canada General,CA A&E
CA: Canada General,CA AMC
CA: Canada General,CA BET
CA: Canada General,CA CMT
CA: Canada General,CA FXX
CA: Canada General,CA HLN
CA: Canada General,CA MTV
CA: Canada General,CA NTV
CA: Canada General,CA OLN
CA: Canada General,CA ONE
CA: Canada General,CA OWN
CA: Canada General,CA TCM
CA: Canada General,CA TLC
CA: Canada General,CA TLN
CA: Canada General,CA TSC
CA: Canada General,CA TVO
CA: Canada General,CA WGN
CA: Canada General,CA YTV
CA: Canada General,CA FX
CA: Canada General,CA H2
CA: Canada Kids,CA (FR) La Chaine Disney HD
CA: Canada Kids,CA: Disney Junior | HD
CA: Canada Kids,CA: DISNEY CHANNEL HD
CA: Canada Kids,CA Cartoon Network
CA: Canada Kids,CA YOOPA (FR) HD
CA: Canada Kids,CA: Disney XD HD
CA: Canada Kids,CA FAMILY JR HD
CA: Canada Kids,CA TREEHOUSE HD
CA: Canada Kids,CA Nickelodeon
CA: Canada Kids,CA BOOMERANG
CA: Canada Sports,CA (FR) Vu! Tele a la Carte PPV
CA: Canada Sports,CA: Leafs Nation Network HD
CA: Canada Sports,CA HPItv International HD
CA: Canada Sports,CA MLB Network Canada HD
CA: Canada Sports,CA SportsNet Pacific FHD
CA: Canada Sports,CA: SPORTSMAN Channel HD
CA: Canada Sports,CA Sportsnet Event 1 HD
CA: Canada Sports,CA Sportsnet Event 2 HD
CA: Canada Sports,CA Sportsnet Event 3 HD
CA: Canada Sports,CA Sportsnet Event 4 HD
CA: Canada Sports,CA Sportsnet Event 5 HD
CA: Canada Sports,CA Sportsnet Event 6 HD
CA: Canada Sports,CA Sportsnet Event 7 HD
CA: Canada Sports,CA Sportsnet Event 8 HD
CA: Canada Sports,CA SPORTS NET WORLD HD
CA: Canada Sports,CA SportsNet West FHD
CA: Canada Sports,CA Sportsnet World HD
CA: Canada Sports,CA Fox Sports Racing
CA: Canada Sports,CA SportsNet East HD
CA: Canada Sports,CA SPORTSNET ONTARIO
CA: Canada Sports,CA SportsNet West HD
CA: Canada Sports,CA EURO WORLD SPORT
CA: Canada Sports,CA TVA Sports 2 HD
CA: Canada Sports,CA beIN Sports HD
CA: Canada Sports,CA SPORTSNET EAST
CA: Canada Sports,CA Fight Network
CA: Canada Sports,CA HPItv East HD
CA: Canada Sports,CA HPITV WEST HD
CA: Canada Sports,CA SPORTSNET 360
CA: Canada Sports,CA SPORTSNET ONE
CA: Canada Sports,CA SPORTSNET_PPV
CA: Canada Sports,CA TVA Sports HD
CA: Canada Sports,CA SportsNet NY
CA: Canada Sports,CA BEIN SPORTS
CA: Canada Sports,CA WWE Network
CA: Canada Sports,CA One Soccer
CA: Canada Sports,CA REV TV HD
CA: Canada Sports,CA SportsNet
CA: Canada Sports,CA HPItv HD
CA: Canada Sports,CA TSN 1 HD
CA: Canada Sports,CA TSN 2 HD
CA: Canada Sports,CA TSN 3 HD
CA: Canada Sports,CA TSN 4 HD
CA: Canada Sports,CA TSN 5 HD
CA: Canada Sports,CA TSN 1
CA: Canada Sports,CA TSN 2
CA: Canada Sports,CA TSN 3
CA: Canada Sports,CA TSN 4
CA: Canada Sports,CA TSN 5
CA: Canada Sports,CA GOLF
CA: DAZN Canada,CA DAZN 10 HD (D)
CA: DAZN Canada,CA DAZN 11 HD (D)
CA: DAZN Canada,CA DAZN 12 HD (D)
CA: DAZN Canada,CA DAZN 13 HD (D)
CA: DAZN Canada,CA DAZN 1 HD (D)
CA: DAZN Canada,CA DAZN 2 HD (D)
CA: DAZN Canada,CA DAZN 3 HD (D)
CA: DAZN Canada,CA DAZN 4 HD (D)
CA: DAZN Canada,CA DAZN 5 HD (D)
CA: DAZN Canada,CA DAZN 6 HD (D)
CA: DAZN Canada,CA DAZN 7 HD (D)
CA: DAZN Canada,CA DAZN 8 HD (D)
CA: DAZN Canada,CA DAZN 9 HD (D)
CA: Super Sports,CA: SUPER SPORTS CH 267
CA: Super Sports,CA: SUPER SPORTS CH 433
CA: Super Sports,CA: SUPER SPORTS CH 434
CA: Super Sports,CA: SUPER SPORTS CH 435
CA: Super Sports,CA: SUPER SPORTS CH 436
CA: Super Sports,CA SUPER SPORTS CH 296
CA: Super Sports,CA SUPER SPORTS CH 297
CA: Super Sports,CA SUPER SPORTS CH 322
CA: Super Sports,CA SUPER SPORTS CH 323
CA: Super Sports,CA SUPER SPORTS CH 324
CA: Super Sports,CA SUPER SPORTS CH 368
CA: Super Sports,CA SUPER SPORTS CH 422
CA: Super Sports,CA SUPER SPORTS CH 431
CA: Super Sports,CA SUPER SPORTS CH 432
CA: Super Sports,CA SUPER SPORTS CH 433
CA: Super Sports,CA SUPER SPORTS CH 434
CA: Super Sports,CA SUPER SPORTS CH 435
CA: Super Sports,CA SUPER SPORTS CH 436
CA: Super Sports,CA SUPER SPORTS CH 437
CA: Super Sports,CA SUPER SPORTS CH 438
CA: Super Sports,CA SUPER SPORTS CH 439
CA: Super Sports,CA SUPER SPORTS CH 440
CA: Super Sports,CA SUPER SPORTS CH 441
CA: Super Sports,CA SUPER SPORTS CH 442
CA: Super Sports,CA SUPER SPORTS CH 443
CA: Super Sports,CA SUPER SPORTS CH 444
CA: Super Sports,CA SUPER SPORTS CH 450
CA: Super Sports,CA SUPER SPORTS CH 452
CA: Super Sports,CA SUPER SPORTS CH 453
CA: Super Sports,CA SUPER SPORTS CH 454
CA: Super Sports,CA SUPER SPORTS CH 455
CA: Super Sports,CA SUPER SPORTS CH 456
CA: Super Sports,CA SUPER SPORTS CH 457
CA: Super Sports,CA SUPER SPORTS CH 458
CA: Super Sports,CA SUPER SPORTS CH 459
CA: Super Sports,CA SUPER SPORTS CH 460
CA: Super Sports,CA SUPER SPORTS CH 461
CA: Super Sports,CA SUPER SPORTS CH 462
CA: Super Sports,CA SUPER SPORTS CH 464
CA: Super Sports,CA SUPER SPORTS CH 465
CA: Super Sports,CA SUPER SPORTS CH 472
CA: Super Sports,CA SUPER SPORTS CH 473
CA: Super Sports,CA SUPER SPORTS CH 474
CA: Super Sports,CA SUPER SPORTS CH 475
CA: Super Sports,CA SUPER SPORTS CH 476
CA: Super Sports,CA SUPER SPORTS CH 477
CA: Super Sports,CA SUPER SPORTS CH 478
CA: Super Sports,CA SUPER SPORTS CH 480
CA: Super Sports,CA SUPER SPORTS CH 481
CA: Super Sports,CA SUPER SPORTS CH 482
CA: Super Sports,CA SUPER SPORTS CH 483
CA: Super Sports,CA SUPER SPORTS CH 484
Cambodia,KH: HANG MEAS HD KHMER
Cambodia,KH: Green channel
Cambodia,KH: CTN KHMER
Cambodia,KH: PNN TV HD
Cambodia,KH: TVK KHMER
Carib RUSH Sports,Carib RUSH_Sports_2_HD
Carib RUSH Sports,Carib RUSH_Sports_3_HD
Carib RUSH Sports,Carib RUSH_Sports_4_HD
Carib RUSH Sports,Carib RUSH_Sports_5_HD
Carib RUSH Sports,Carib RUSH_Sports_6_HD
Carib RUSH Sports,Carib Rush Plus
Carib RUSH Sports,Carib Rush
Caribbean,CAR: IBN (ISLAMIC BROADCASTING NETWORK)
Caribbean,CAR: OCTV One Caribbean Television
Caribbean,CAR: (Haiti) Radio Tele Puissance
Caribbean,CAR: (Haiti) TMA Caraibes FHD
Caribbean,Carib FOX_Premium_Action_West
Caribbean,Carib FOX_Premium_Movies_East
Caribbean,Carib Investigation_Discovery
Caribbean,Carib Discovery_Civilization
Caribbean,Carib Jamaica_Travel_Channel
Caribbean,LATIN CO Telecaribe Deportes
Caribbean,CAR: CDM INTERNATIONAL | SD
Caribbean,Carib Discovery_Home_Health
Caribbean,Carib World_Fishing_Network
Caribbean,CAR: E! ENTERTAINMENT | HD
Caribbean,CAR: TV CARIB (ST MAARTIN)
Caribbean,CAR: SPORTSMAX CRICKET HD
Caribbean,CAR: TELEUNIVERSO 29 | HD
Caribbean,Carib FOX_Premium_Classic
Caribbean,Carib: FOX Premium Action
Caribbean,Carib FOX_Premium_Comedy
Caribbean,Carib FOX_Premium_Family
Caribbean,Carib MY 33 (WBFS) Miami
Caribbean,CAR: Parliament Bahamas
Caribbean,Carib Discovery_Science
Caribbean,Carib Paramount_Network
Caribbean,Carib The_World_Network
Caribbean,CAR: TELEANTILLAS | SD
Caribbean,Carib Cartoon_Netwoork
Caribbean,Carib CGTN_Documentary
Caribbean,Carib Entertainment_LA
Caribbean,Carib Entertainment_US
Caribbean,Carib My_DestinationTV
Caribbean,Carib Studio_Universal
Caribbean,CAR: (Haiti) Kajou TV
Caribbean,CAR: CBC TV 8 (BB) HD
Caribbean,CAR: SUPER TV 55 | SD
Caribbean,CAR: TELE CONTACTO 57
Caribbean,Carib Cooking_Channel
Caribbean,Carib Discovery_Turbo
Caribbean,Carib FOX_Soccer_Plus
Caribbean,Carib Halmark_Channel
Caribbean,Carib Lifetime_Movies
Caribbean,Carib Outdoor Channel
Caribbean,CAR: Bahamas ZNS TV 
Caribbean,CAR: TV DIRECT 13 SD
Caribbean,Carib Africa_Channel
Caribbean,Carib Church_Channel
Caribbean,Carib Flow Sports 2 
Caribbean,Carib RT_Documentary
Caribbean,CAR: Church Channel
Caribbean,CAR: DISNEY XD | SD
Caribbean,CAR: TELEMUNDO | HD
Caribbean,CAR: TELESISTEMA 11
Caribbean,Carib HBO_Signature
Caribbean,LATIN CO Telecaribe
Caribbean,CAR: HBO Caribbean
Caribbean,CAR: TELE CARAIBES
Caribbean,Carib Euro_Channel
Caribbean,Carib FOX_Business
Caribbean,Carib Power_106_FM
Caribbean,Carib Trvl_Channel
Caribbean,Latin TV Quisqueya
Caribbean,CAR: CNS 6 Guyana
Caribbean,CAR: DAYSTAR | SD
Caribbean,CAR: Trace Africa
Caribbean,CAR: Trace Latina
Caribbean,CAR: TTT Trinidad
Caribbean,Carib 99_Music_FM
Caribbean,Carib Caribvision
Caribbean,Carib Diy_Network
Caribbean,Carib Flow Sports
Caribbean,Carib PBS Jamaica
Caribbean,Carib Smile_Child
Caribbean,Carib Sports Max2
Caribbean,Carib USA_Network
Caribbean,CAR: COMEDY | HD
Caribbean,CAR: CUBA V | SD
Caribbean,CAR: CVM JAMAICA
Caribbean,CAR: Flow Sports
Caribbean,CAR: ISLAND LUCK
Caribbean,CAR: JAAGRITI TV
Caribbean,CAR: MTM TV | SD
Caribbean,CAR: Nos Pais TV
Caribbean,CAR: SportsMAX 2
Caribbean,CAR: TeleCuracao
Caribbean,CAR: TRACE URBAN
Caribbean,CAR: TVJ JAMAICA
Caribbean,Carib B4U_Movies
Caribbean,Carib Baby_First
Caribbean,Carib Canal_Sony
Caribbean,Carib CTV_Comedy
Caribbean,Carib HBO_Family
Caribbean,Carib Sports Max
Caribbean,Carib Zee_Cinema
Caribbean,CAR: BET GOSPEL
Caribbean,CAR: BET HER HD
Caribbean,CAR: NOS TV FHD
Caribbean,CAR: TELE ARUBA
Caribbean,CAR: TELENORD 8
Caribbean,CAR: TVDirect13
Caribbean,Car: TVJ Sports
Caribbean,Carib B4U_Music
Caribbean,Carib Boomerang
Caribbean,Carib Cinecanal
Caribbean,Carib Fame_95FM
Caribbean,Carib Hitz_92fm
Caribbean,Carib ISLAND TV
Caribbean,Carib MAX_Prime
Caribbean,CAR: ARTS | SD
Caribbean,CAR: HTS TV HD
Caribbean,CAR: NICK | HD
Caribbean,CAR: RETV | HD
Caribbean,CAR: SportsMAX
Caribbean,CAR: TELEUNION
Caribbean,Carib Bet_Jams
Caribbean,Carib BET_Soul
Caribbean,Carib ESPN DOS
Caribbean,Carib Euronews
Caribbean,Carib FOX_News
Caribbean,Carib HBO East
Caribbean,Carib HBO West
Caribbean,Carib HBO_Plus
Caribbean,Carib Lifetime
Caribbean,Carib NBC_Golf
Caribbean,Carib RecipeTV
Caribbean,Carib RJR_94fm
Caribbean,Carib Tooncast
Caribbean,Carib Viceland
Caribbean,CAR: CALABASH
Caribbean,CAR: HLN | SD
Caribbean,CAR: LVM | SD
Caribbean,CAR: RNN | HD
Caribbean,Carib BET_Her
Caribbean,Carib History
Caribbean,Carib MelloTV
Caribbean,Carib Nat_Geo
Caribbean,Carib SYNERGY
Caribbean,CAR: Cars Tv
Caribbean,CAR: CEEN HD
Caribbean,CAR: CNC3 HD
Caribbean,CAR: TRINITY
Caribbean,Carib BabyTV
Caribbean,Carib CityTV
Caribbean,Carib HypeTV
Caribbean,Carib Jet_TV
Caribbean,Carib NickJR
Caribbean,Carib PetsTV
Caribbean,Carib Warner
Caribbean,Carib YuppTV
Caribbean,Carib ZIZ TV
Caribbean,CAR CCN TV6
Caribbean,CAR: DBS TV
Caribbean,CAR: SVG TV
Caribbean,Carib AXSTV
Caribbean,Carib Bravo
Caribbean,Carib CCTV4
Caribbean,Carib CVMTV
Caribbean,Carib ESPN2
Caribbean,Carib MavTV
Caribbean,Carib MAXUP
Caribbean,Carib MSNBC
Caribbean,Carib MTMTV
Caribbean,Carib NBCSN
Caribbean,Carib Space
Caribbean,Carib TruTV
Caribbean,Carib TVONE
Caribbean,CAR: RE TV
Caribbean,Carib 3ABN
Caribbean,Carib ESPN
Caribbean,Carib ESTV
Caribbean,Carib EWTN
Caribbean,Carib HBO2
Caribbean,Carib IETV
Caribbean,Carib INSP
Caribbean,Carib Isat
Caribbean,Carib MTV2
Caribbean,Carib SYFY
Caribbean,Carib Wgn9
Caribbean,CAR: FEVA
Caribbean,Carib AXN
Caribbean,Carib BBO
Caribbean,Carib CBC
Caribbean,Carib CNN
Caribbean,Carib CNS
Caribbean,Carib FOX
Caribbean,Carib FXM
Caribbean,Carib Fyi
Caribbean,Carib GSN
Caribbean,Carib GTN
Caribbean,Carib JNN
Caribbean,Carib MAX
Caribbean,Carib OWN
Caribbean,Carib PBS
Caribbean,Carib TBN
Caribbean,Carib TBS
Caribbean,Carib TCM
Caribbean,Carib TNT
Caribbean,Carib TVJ
Caribbean,Carib VH1
Caribbean,CAR: NBC
Caribbean,CAR: THM
Caribbean,Carib AE
Caribbean,Carib FX
Chile,CL: Camara de Diputados
Chile,CL: Canal 24 Horas HD
Chile,CL: Chilevision FHD
Chile,CL: TNT Sports FHD
Chile,CL: Tv Educa Chile
Chile,CL: CNN Chile HD
Chile,CL: FOX SPORTS 2
Chile,CL: Canal 13 HD
Chile,CL: Carolina TV
Chile,CL: CDF Premium
Chile,CL: CDO Premium
Chile,CL: Sporting HD
Chile,CL: TV Chile HD
Chile,CL: CDF Basico
Chile,CL: CDO Basico
Chile,CL: FOX SPORTS
Chile,CL: La Red HD
Chile,CL: VC Online
Chile,CL: Mega FHD
Chile,CL: TV Salud
Chile,CL: CDO HD
Chile,CL: ETC TV
Chile,CL: TV+ HD
Chile,CL: TVN HD
Chile,CL: 13C
Chile,CL: 13i
China,香港开电视 / HKSTV-HKS
China,CGTN Français
China,CGTN Español
China,CNR 中国乡村之声
China,CNR 中国交通广播
China,江苏经典流行音乐广播
China,唯心电视台wxtv
China,CNR 中国之声
China,宜兴电视紫砂频道
China,新唐人-美西频道
China,越南ANTVHD
China,上海金山电视台
China,两对夫妇的情事
China,张家港新闻综合
China,张家港社会生活
China,新唐人旧金山臺
China,海西州综合频道
China,万州三峡移民
China,东至影视频道
China,东至新闻综合
China,中牟综合频道
China,仙桃新闻综合
China,仙桃生活文体
China,六安公共频道
China,六安新闻综合
China,北碚综合频道
China,南阳新闻频道
China,吉林公共新闻
China,吴江新闻综合
China,娄底综合频道
China,孝感公共频道
China,孝感新闻综合
China,宜兴新闻频道
China,宿州公共频道
China,宿州新闻综合
China,巴中公共频道
China,巴中综合频道
China,开州综合频道
China,德州新闻频道
China,忠县文旅频道
China,忠县综合频道
China,新唐人亚太臺
China,新唐人美西臺
China,枣庄公共频道
China,枣庄新闻综合
China,武进生活频道
China,江津文化旅游
China,江津文化旅游
China,江津新闻综合
China,江津新闻综合
China,江津经济生活
China,江苏新闻广播
China,沧县电视二套
China,沧县电视综合
China,深圳卫视HD
China,清丰党建频道
China,渌湘综合频道
China,滦县综合频道
China,滨海新闻综合
China,漳州新闻综合
China,犍为新闻综合
China,白城新闻综合
China,舟山公共生活
China,舟山新闻综合
China,芜湖公共频道
China,衡水新闻综合
China,西安音乐综艺
China,西青新闻综合
China,赵县电视一套
China,赵县电视二套
China,邵东综合频道
China,重庆手持电视
China,重庆移动公交
China,重庆移动机场
China,霍山综合频道
China,青州文化旅游
China,青州生活频道
China,青州综合频道
China,韩国-CBS
China,香港耀才财经
China,鹤壁新闻综合
China,MASTV
China,保姆的目的
China,张家口一套
China,黔西南综合
China,优视频道
China,侨乡频道
China,吉林乡村
China,吉林山村
China,妇科医生
China,宿州科教
China,民视新聞
China,江门综合
China,江门综合
China,河北卫视
China,河北经济
China,深圳蛇口
China,滨海都市
China,潮安综合
China,献县1台
China,献县2台
China,电白综合
China,电白视窗
China,福州少儿
China,福州影视
China,福州综合
China,耀才财经
China,西藏卫视
China,辽宁卫视
China,重庆卫视
China,重庆时尚
China,银川公共
China,银川生活
China,阳江综合
China,黄骅一套
China,亚太台
China,忠县
Colombia,CO: Caracol International HD
Colombia,CO: Canal Institucional
Colombia,CO: Disney Channel FHD
Colombia,CO: DirectTV Sports +
Colombia,CO: DirectTV Sports 1
Colombia,CO: SENAL COLOMBIA HD
Colombia,CO: Tele Antioquia HD
Colombia,CO: Canal Capital HD
Colombia,CO: DIRECTV SPORTS 2
Colombia,CO: Las Estrellas HD
Colombia,CO: NAT GEO Kids FHD
Colombia,CO: Tele Pacifico HD
Colombia,CO: nickelodeon FHD
Colombia,CO: Telemedellin HD
Colombia,CO: Cable Noticias
Colombia,CO: Canal Trece HD
Colombia,CO: Tele Caribe HD
Colombia,CO: FOX SPORTS 1
Colombia,CO: Winsport+ HD
Colombia,CO: Winsports HD
Colombia,CO: Caracol FHD
Colombia,CO: La Kalle HD
Colombia,CO: RCN Novelas
Colombia,CO: Tele Vid HD
Colombia,CO: TeleCafe HD
Colombia,CO: Teletrak HD
Colombia,CO: CITY TV HD
Colombia,CO: Nick 2 FHD
Colombia,CO: Canal Tro
Colombia,CO: Cantinazo
Colombia,CO: CARACOL 2
Colombia,CO: El Tiempo
Colombia,CO: TV Gracia
Colombia,CO Canal Uno
Colombia,CO: Tooncast
Colombia,CO: TV Chile
Colombia,CO: Mundo +
Colombia,CO: RCN FHD
Colombia,CO: Telered
Colombia,CO: NTN24
Colombia,CO: Suram
Colombia,CO: Tvgro
Costa Rica,LA: Costa Rica - TicaVision Canal 52
Costa Rica,LA: Costa Rica - Extrema TV HD
Costa Rica,LA: Costa Rica - TELETICA 7
Costa Rica,LA: Costa Rica - 88 Stereo
Costa Rica,LA: Costa Rica - Teleuno
Costa Rica,LA: Costa Rica - FUTV
Costa Rica,CR: Tigo Sports
Croatia,HR: Investigation Discovery Xtra HD
Croatia,HR: National Geographic Wild HD
Croatia,HR: Investigation Discovery
Croatia,HR: National Geographic HD
Croatia,HR: Comedy Central Extra
Croatia,HR: Crime+ Investigation
Croatia,HR: Discovery Channel HD
Croatia,HR: Discovery Science HD
Croatia,HR: CINESTAR Fantasy TV
Croatia,HR: Cinestar Premiere 1
Croatia,HR: Cinestar Premiere 2
Croatia,HR: MAXCRO SELECT 10 HD
Croatia,HR: CINESTAR ACTION TV
Croatia,HR: CROMAX Select 3 HD
Croatia,HR: Cromax Select 4 HD
Croatia,HR: MaxCro Select 1 HD
Croatia,HR: MaxCro Select 2 HD
Croatia,HR: MaxCro Select 4 HD
Croatia,HR: MaxCro Select 6 HD
Croatia,HR: MaxCro Select 7 HD
Croatia,HR: MaxCro Select 8 HD
Croatia,HR: MAXCRO SELECT 9 HD
Croatia,HR: Arena Sport 1 FHD
Croatia,HR: Arena Sport 2 FHD
Croatia,HR: Arena Sport 3 FHD
Croatia,HR: Arena Sport 4 FHD
Croatia,HR: Arena Sport 5 FHD
Croatia,HR: HRT International
Croatia,HR: POLJOPRIVREDNA TV
Croatia,HR: RTL Televizija HD
Croatia,HR: ANIMAL PLANET HD
Croatia,HR: Arena Sport 6 HD
Croatia,HR: History Channel
Croatia,HR: Sport Klub 1 HD
Croatia,HR: Sport Klub 2 HD
Croatia,HR: Sport Klub 3 HD
Croatia,HR: Sport Klub 4 HD
Croatia,HR: Sport Klub 5 HD
Croatia,HR: Sport Klub 6 HD
Croatia,HR: Sport Klub Golf
Croatia,HR: Viasat Explorer
Croatia,HR: Nickelodeon HD
Croatia,HR: RTL Kockica HD
Croatia,HR: RTL Passion HD
Croatia,HR: Travel Channel
Croatia,HR: Viasat History
Croatia,HR: VTV Televizija
Croatia,HR: FilmBox Extra
Croatia,HR: Fox Movies HD
Croatia,HR: Kreator TV HD
Croatia,HR: Lov I Ribolov
Croatia,HR: RTL Living HD
Croatia,HR: Sport Klub HD
Croatia,HR: Viasat Nature
Croatia,HR: VINKOVACKA TV
Croatia,HR: FILMBOX PLUS
Croatia,HR: KANAL RIJEKA
Croatia,HR: RTL Crime HD
Croatia,HR: SLAVONSKA TV
Croatia,HR: SPORT CLUB 2
Croatia,HR: SPORT CLUB 3
Croatia,HR: SPORT CLUB 8
Croatia,HR: BANOVINA TV
Croatia,HR: CINESTAR TV
Croatia,HR: Nick Junior
Croatia,HR: POSAVINA TV
Croatia,HR: SPORTSKA TV
Croatia,HR: 24 Kitchen
Croatia,HR: Doma TV HD
Croatia,HR: JUGOTON TV
Croatia,HR: LAUDATO TV
Croatia,HR: OSJECKA TV
Croatia,HR: CINEMAX 1
Croatia,HR: CINEMAX 2
Croatia,HR: CMC TV HD
Croatia,HR: Fox Crime
Croatia,HR: HBO 2 FHD
Croatia,HR: HBO 3 FHD
Croatia,HR: History 2
Croatia,HR: HRT 1 FHD
Croatia,HR: HRT 2 FHD
Croatia,HR: HRT 3 FHD
Croatia,HR: HRT 4 FHD
Croatia,HR: HRT 5 FHD
Croatia,HR: JABUKA TV
Croatia,HR: JADRAN TV
Croatia,HR: KLASIK TV
Croatia,HR: RTL Adria
Croatia,HR: sci-fi HD
Croatia,HR: TV Jadran
Croatia,HR: AXN SPIN
Croatia,HR: FOX LIFE
Croatia,HR: RTL 2 HD
Croatia,HR: Baby TV
Croatia,HR: DocuBox
Croatia,HR: DOKU TV
Croatia,HR: FILMBOX
Croatia,HR: HBO1 HD
Croatia,HR: M1 Film
Croatia,HR: Mini TV
Croatia,HR: MINIMAX
Croatia,HR: NOVA HD
Croatia,HR: PRVA TV
Croatia,HR: TV 1000
Croatia,HR: FOX HD
Croatia,HR: N1 HD
Croatia,HR: Z1 HD
Croatia,HR: DIVA
Croatia,HR: HNTV
Croatia,HR: AMC
Croatia,HR: AXN
Croatia,HR: MTV
Croatia,HR: TLC
Croatia,HR: E!
Cuba,CU: Cubavision Internacional
Cuba,CU: Cubavision
Cuba,Latin CubaMax
Cyprus,CY: GROOVY TV
Cyprus,CY: SiGMA TV
Cyprus,CY: Rik Sat
Cyprus,CY: ANT1
Cyprus,CY: Mega
Cyprus,CY: RIK
Czech,CZ: Markiza International
Czech,CZ: Prima Comedy Central
Czech,CZ: Nova International
Czech,CZ: Ceskoslovensko HD
Czech,CZ: Discovery Science
Czech,CZ: Filmbox Extra FHD
Czech,CZ: Viasat History HD
Czech,CZ: Arena Sport 1 HD
Czech,CZ: NAT GEO Wild FHD
Czech,CZ: Filmbox Premium
Czech,CZ: NOVA SPORT 1 HD
Czech,CZ: Nova Sport 2 HD
Czech,CZ: Ocko Expres FHD
Czech,CZ: Televize Natura
Czech,CZ: TV Barrandov HD
Czech,CZ: Disney Channel
Czech,CZ: Filmbox Family
Czech,CZ: NOVA Action HD
Czech,CZ: Nova Cinema HD
Czech,CZ: Retro Music TV
Czech,CZ: 1 DNES V NOCI
Czech,CZ: ANIMAL PLANET
Czech,CZ: JOJ Family HD
Czech,CZ: Ocko Gold FHD
Czech,CZ: Prima Cool HD
Czech,CZ: Prima Plus HD
Czech,CZ: Prima ZOOM HD
Czech,CZ: Spektrum Home
Czech,CZ: VYCHODESKA TV
Czech,CZ: Barrandov HD
Czech,CZ: Filmbox Plus
Czech,CZ: Golf Channel
Czech,CZ: Prima Comedy
Czech,CZ: FIGHTBOX HD
Czech,CZ: Fine Living
Czech,CZ: Nickelodeon
Czech,CZ: O2 Sport HD
Czech,CZ: Prima KRIMI
Czech,CZ: Sport 2 FHD
Czech,CZ: NAT GEO HD
Czech,CZ: POLAR+ FHD
Czech,CZ: PRIMA LOVE
Czech,CZ: Sport 1 HD
Czech,CZ: TV Paprika
Czech,CZ: TV Paprika
Czech,CZ: AXN Black
Czech,CZ: AXN White
Czech,CZ: Boomerang
Czech,CZ: DISCOVERY
Czech,CZ: iConcerts
Czech,CZ: NOVA GOLD
Czech,CZ: TV Joj HD
Czech,CZ: Dajto HD
Czech,CZ: HBO 2 HD
Czech,CZ: JOJ PLUS
Czech,CZ: NOVA FHD
Czech,CZ: Ocko FHD
Czech,CZ: Prima HD
Czech,CZ: SPECTRUM
Czech,CZ: Cinemax
Czech,CZ: CS Film
Czech,CZ: Duck TV
Czech,CZ: DUGA TV
Czech,CZ: History
Czech,CZ: JIM JAM
Czech,CZ: Minimax
Czech,CZ: Mnam TV
Czech,CZ: Sport 5
Czech,CZ: CT1 HD
Czech,CZ: HBO HD
Czech,CZ: JOJ HD
Czech,CZ: NOVA 2
Czech,CZ: Slagr2
Czech,CZ: WAU HD
Czech,CZ: HBO 3
Czech,CZ: Rebel
Czech,CZ: Relax
Czech,CZ: DOMA
Czech,CZ: AMC
Czech,CZ: AXN
Czech,CZ: Noe
Czech,CZ: E!
Denmark,DK: TV2 Sport HD
Denmark,DK: Investigation Discovery HD
Denmark,DK: VIASAT SPORT PREMIUM HD
Denmark,DK: Discovery Channel FHD
Denmark,DK: Viasat Film Family HD
Denmark,DK: Discovery Science HD
Denmark,DK: TV2 Nyhetskanalen HD
Denmark,DK: VIASAT FILM PREMIERE
Denmark,DK: VIASAT SPORT GOLF HD
Denmark,DK: DANTOTO RACING LIVE
Denmark,DK: CARTOON NETWORK HD
Denmark,DK: Viasat Film Action
Denmark,DK: Disney Channel HD
Denmark,DK: PARAMOUNT NETWORK
Denmark,DK: TV2 Østjylland HD
Denmark,DK: VIASAT FOTBOLL HD
Denmark,DK: Viasat History HD
Denmark,DK: ANIMAL PLANET HD
Denmark,DK: Viasat Film Hits
Denmark,DK: Viasat NATURE HD
Denmark,DK: C More Hits FHD
Denmark,DK: DR Ramasjang HD
Denmark,DK: EUROSPORT 1 FHD
Denmark,DK: EUROSPORT 2 FHD
Denmark,DK: NAT GEO WILD HD
Denmark,DK: TV2 Bornholm HD
Denmark,DK: TV2 Livsstil HD
Denmark,DK: VIASAT EXPLORER
Denmark,DK: C More GOLF HD
Denmark,DK: Nick Junior HD
Denmark,DK: nickelodeon HD
Denmark,DK: TV2 Charlie HD
Denmark,DK: BBC Earth FHD
Denmark,DK: SPORT Live HD
Denmark,DK: TV2 Midt-Vest
Denmark,DK: Viasat Hockey
Denmark,DK: Viasat Series
Denmark,DK: BOOMERANG HD
Denmark,DK: TV2 Lorry HD
Denmark,DK: TV3 Sport HD
Denmark,DK: KANAL 4 FHD
Denmark,DK: Kanal 5 FHD
Denmark,DK: NAT GEO FHD
Denmark,DK: RTL PASSION
Denmark,DK: TV2 Denmark
Denmark,DK: TV2 News HD
Denmark,DK: TV2 Sport X
Denmark,DK: TV2 Zulu HD
Denmark,DK: TV3 PLUS HD
Denmark,DK: 6 eren FHD
Denmark,DK: Kanal 9 HD
Denmark,DK: MTV 80s HD
Denmark,DK: TV2 Fri HD
Denmark,DK: TV2 Fyn HD
Denmark,DK: TV3 Max HD
Denmark,DK: Disney JR
Denmark,DK: BBC BRIT
Denmark,DK: History 
Denmark,DK: MEZZO HD
Denmark,DK: TV2 Nord
Denmark,DK: DR1 FHD
Denmark,DK: DR2 FHD
Denmark,DK: DK4 HD
Denmark,DK: H2 FHD
Denmark,DK: KKR TV
Denmark,DK: MTV HD
Denmark,DK: TLC HD
Denmark,DK: TV2 HD
Denmark,DK: TV3 HD
Denmark,DK: 3Puls
Denmark,DK: TV6
Denmark,DK: E!
Dominican,DO: Digital Vision
Dominican,DO: La Voz de María
Dominican,DO: Color Vision canal 9 HD
Dominican,DO: Ready Television HD
Dominican,DO: Telemedios Canal 25
Dominican,DO: Teleradio America
Dominican,DO: CDN SportsMax HD
Dominican,DO: Megavision 3V TV
Dominican,DO: Telesistema 11
Dominican,DO: Xtremo Premium
Dominican,DO: CERTV Canal 4
Dominican,DO: Teleantillas
Dominican,DO: Telemicro HD
Dominican,DO: Teleuniverso
Dominican,DO: Super canal
Dominican,DO: Super TV 55
Dominican,DO: Digital 15
Dominican,DO: DOMINICANA
Dominican,DO: Telecentro
Dominican,DO: Telefuturo
Dominican,DO: Romana TV
Dominican,DO: Teleunion
Dominican,DO: ANTENA 7
Dominican,DO: Luna TV
Dominican,DO: CDN 37
Dominican,DO: CDN HD
Ecuador,EC: Ecuavisa Internacional
Ecuador,EC: DIRECTV Sports Plus
Ecuador,EC: EL CANAL DEL FUTBOL
Ecuador,ECU (DTV) GOLTV ECUADOR
Ecuador,EC: Teleamazonas Quito
Ecuador,EC: TC Television FHD
Ecuador,EC: DIRECTV Sports 1
Ecuador,EC: Directv Sports 2
Ecuador,EC: Teleamazonas FHD
Ecuador,EC: DIRECTV SPORTS
Ecuador,EC: Ecuador TV FHD
Ecuador,EC: ECUAVISA Costa
Ecuador,EC: Canal Uno FHD
Ecuador,EC: Ecuavisa FHD
Ecuador,EC: Televicentro
Ecuador,EC: Gamavision
Ecuador,EC: Canela Tv
Ecuador,EC: Gol TV HD
Ecuador,EC: Oromar TV
Ecuador,EC: Rec TV HD
Ecuador,EC: RTS FHD
Ecuador,EC: TVC
El Salvador,SV: Investigation Discovery
El Salvador,SV: Megavision Canal 19
El Salvador,SV: Discovery World
El Salvador,SV: FOX SPORTS 2
El Salvador,SV: FOX SPORTS 3
El Salvador,SV: GOLDEN EDGE
El Salvador,SV: Canal 4 HD
El Salvador,SV: Canal 5 HD
El Salvador,SV: Mexiquense
El Salvador,SV: Canal  21
El Salvador,SV: Canal 10
El Salvador,SV: Canal 12
El Salvador,SV: Canal 19
El Salvador,SV: Canal 21
El Salvador,SV: Canal 33
El Salvador,SV: TCS PLUS
El Salvador,SV: TOONCAST
El Salvador,SV: Canal 2
El Salvador,SV: Canal 6
El Salvador,SV: Wow TV
El Salvador,SV: FXM
ES: Cine Tv,ES: MOVISTAR CINEDOC&ROLL FHD
ES: Cine Tv,ES: MOVISTAR SERIESMANIA FHD
ES: Cine Tv,ES: MOVISTAR ESTRENOS FHD
ES: Cine Tv,ES: FOX PREMIUM CLASSICS
ES: Cine Tv,ES: MOVISTAR COMEDIA FHD
ES: Cine Tv,ES: HBO SUBTITULADO FHD
ES: Cine Tv,ES: MOVISTAR SERIES FHD
ES: Cine Tv,ES: GOLDEN PREMIER FHD
ES: Cine Tv,ES: MOVISTAR DRAMA FHD
ES: Cine Tv,ES: PARAMOUNT CHANNEL
ES: Cine Tv,ES: CAZA Y PESCA FHD
ES: Cine Tv,ES: ALQUILER 10 FHD
ES: Cine Tv,ES: Movistar Cine N
ES: Cine Tv,ES: ALQUILER 1 FHD
ES: Cine Tv,ES: ALQUILER 2 FHD
ES: Cine Tv,ES: ALQUILER 3 FHD
ES: Cine Tv,ES: ALQUILER 4 FHD
ES: Cine Tv,ES: ALQUILER 5 FHD
ES: Cine Tv,ES: ALQUILER 6 FHD
ES: Cine Tv,ES: ALQUILER 7 FHD
ES: Cine Tv,ES: ALQUILER 8 FHD
ES: Cine Tv,ES: ALQUILER 9 FHD
ES: Cine Tv,ES: FOX CINEMA FHD
ES: Cine Tv,ES: TELEMADRID FHD
ES: Cine Tv,ES: AXN WHITE FHD
ES: Cine Tv,ES: HOLLYWOOD FHD
ES: Cine Tv,ES: MOVIEPLEX FHD
ES: Cine Tv,ES: A3 SERIES HD
ES: Cine Tv,ES: CLARO CINEMA
ES: Cine Tv,ES: FOX LIFE FHD
ES: Cine Tv,ES: IBERALIA TV
ES: Cine Tv,ES: GOLDEN FHD
ES: Cine Tv,ES: DARK FHD
ES: Cine Tv,ES: SUNDANCE
ES: Cine Tv,ES: SYFY FHD
ES: Cine Tv,ES: XTRM FHD
ES: Cine Tv,ES: AMC FHD
ES: Cine Tv,ES: AXN FHD
ES: Cine Tv,ES: DHE FHD
ES: Cine Tv,ES: TCM FHD
ES: Deportes de España,ES: LALIGA TV BAR FHD
ES: Deportes de España,ES: DAZN 1 HD (EVENTOS)
ES: Deportes de España,ES: MOVISTAR LIGA DE CAMPEONES 2 HD
ES: Deportes de España,ES: MOVISTAR LIGA DE CAMPEONES 3 HD
ES: Deportes de España,ES: MOVISTAR LIGA DE CAMPEONES 4 HD
ES: Deportes de España,ES: MOVISTAR LIGA DE CAMPEONES 5 HD
ES: Deportes de España,ES: MOVISTAR LIGA DE CAMPEONES 6 SD
ES: Deportes de España,ES: MOVISTAR LIGA DE CAMPEONES 8 HD
ES: Deportes de España,ES: MOVISTAR MULTIDEPORTE HEVC
ES: Deportes de España,ES: MOVISTAR DEPORTES+ FHD
ES: Deportes de España,ES: MOVISTAR DEPORTES1 FHD
ES: Deportes de España,ES: LIGA CAMPEONES 1 HEVC
ES: Deportes de España,ES: MOVISTAR LALIGA 1 FHD
ES: Deportes de España,ES: MOVISTAR LALIGA 2 FHD
ES: Deportes de España,ES: MOVISTAR LALIGA 3 HD
ES: Deportes de España,ES: DAZN 2 HD (EVENTOS)
ES: Deportes de España,ES: LIGA CAMPEONES HEVC
ES: Deportes de España,ES: MOVISTAR LALIGA FHD
ES: Deportes de España,ES: MOVISTAR FUTBOL HD
ES: Deportes de España,ES: REAL MADRID TV FHD
ES: Deportes de España,ES: MOVISTAR GOLF FHD
ES: Deportes de España,ES: EUROSPORT 1 FHD
ES: Deportes de España,ES: EUROSPORT 2 FHD
ES: Deportes de España,ES: MOVISTAR F1 FHD
ES: Deportes de España,ES: TELEDEPORTE FHD
ES: Deportes de España,ES: ESPORT 3 SD
ES: Deportes de España,ES: GOL FHD
ES: Entretenimiento,ES: CRIMEN INVESTIGACION HD
ES: Entretenimiento,ES: Investigation Discovery
ES: Entretenimiento,ES: NATIONAL GEOGRAPHIC FHD
ES: Entretenimiento,ES: DISCOVERY CHANNEL FHD
ES: Entretenimiento,ES: CANAL SUR ANDALUC SD
ES: Entretenimiento,ES: TVE INTERNACIONAL HD
ES: Entretenimiento,ES: COMEDY CENTRAL FHD
ES: Entretenimiento,ES: CANAL ORBE21 HEVC
ES: Entretenimiento,ES: CANAL DECASA FHD
ES: Entretenimiento,ES: CANAL ODISEA FHD
ES: Entretenimiento,ES: CGTN EN ESPAL SD
ES: Entretenimiento,ES: NAT GEO WILD FHD
ES: Entretenimiento,ES: History Espanol
ES: Entretenimiento,ES: TAQUILLA 7 HD
ES: Entretenimiento,ES: TELECINCO FHD
ES: Entretenimiento,ES: ANTENA 3 FHD
ES: Entretenimiento,ES: HISTORIA FHD
ES: Entretenimiento,ES: LA SEXTA FHD
ES: Entretenimiento,ES: DIVINITY HD
ES: Entretenimiento,ES: BE MAD FHD
ES: Entretenimiento,ES: CUATRO FHD
ES: Entretenimiento,ES: VIAJAR FHD
ES: Entretenimiento,ES: COSMO FHD
ES: Entretenimiento,ES: ENERGY HD
ES: Entretenimiento,ES: History 2
ES: Entretenimiento,ES: DKISS SD
ES: Entretenimiento,ES: LA 1 FHD
ES: Entretenimiento,ES: LA 2 FHD
ES: Entretenimiento,ES: MEGA FHD
ES: Entretenimiento,ES: NEOX FHD
ES: Entretenimiento,ES: NOVA FHD
ES: Entretenimiento,ES: TNT HEVC
ES: Entretenimiento,ES: DMAX SD
ES: Entretenimiento,ES: FDF HD
ES: Entretenimiento,ES: TEN
ES: Infantil,ES: DISNEY CHANNEL FHD
ES: Infantil,ES: NICKELODEON FHD
ES: Infantil,ES: DISNEY JUNIOR
ES: Infantil,ES: BABY TV HEVC
ES: Infantil,ES: CLAN TVE FHD
ES: Infantil,ES: CANAL PANDA
ES: Infantil,ES: DISNEY+ HD
ES: Infantil,ES: BOING HD
ES: Musicales,Stingray Éxitos del Momento
ES: Musicales,ES: Tele-HIT MUSIC CHANNEL
ES: Musicales,ES: CLASSICA EUROPE SD
ES: Musicales,ES: MEZZO LIVE HEVC
ES: Musicales,ES: MTV ESPANA HD
ES: Musicales,ES: MTV ROCKS HD
ES: Musicales,ES: CLASSICA HD
ES: Musicales,ES: MEZZO FHD
ES: Musicales,ES: VH1 FHD
ES: Musicales,ES: MTV SD
ES: Spain,SP: Sky Sports Liga Española HD
ES: Spain,ES: Castilla La Mancha Media
ES: Spain,ES: Fox Sports 3 Sur HD
ES: Spain,ES: M. Cine Espanol FHD
ES: Spain,ES: M. Deportes 1 FHD
ES: Spain,ES: M. Deportes 2 FHD
ES: Spain,ES: M. Formula 1 FHD
ES: Spain,ES: FOX SPORTS 2 HD
ES: Spain,ES: La Liga 123 FHD
ES: Spain,ES: La Liga BAR FHD
ES: Spain,ES: M. Deportes FHD
ES: Spain,ES: NON STOP PEOPLE
ES: Spain,ES: M La Liga FHD
ES: Spain,ES: 24 Horas FHD
ES: Spain,ES: CALLE 13 HD
ES: Spain,ES: M.ACCION HD
ES: Spain,ES: NICK JR FHD
ES: Spain,ES: SOMOS FHD
ES: Spain,ES: TOROS FHD
ES: Spain,ES: ARAGON
ES: Spain,ES: FOX HD
ES: Spain,ES: RM7 SD
ES: Spain,ES: BLAZE
ES: Spain Locales,ES: HASH0 FHD
ES: Spain Locales,ES: 7RM RADIO TELEVISI MURCIA FHD
ES: Spain Locales,ES: CANAL 25 BARBASTRO TV HD
ES: Spain Locales,ES: TV CENTRO ANDALUCIA SD
ES: Spain Locales,ES: CANAL EXTREMADURA TV
ES: Spain Locales,ES: TELEVISIDE GIRONA SD
ES: Spain Locales,ES: CANAL DIOCESANO HD
ES: Spain Locales,ES: CANAL Cocina FHD
ES: Spain Locales,ES: CADENA ELITE TV
ES: Spain Locales,ES: CANAL MALAGA SD
ES: Spain Locales,ES: RTP ASTURIAS SD
ES: Spain Locales,ES: ALCARRIA TV SD
ES: Spain Locales,ES: ATRESERIES FHD
ES: Spain Locales,ES: CANAL COSTA HD
ES: Spain Locales,ES: LANCELOT TV SD
ES: Spain Locales,ES: C33 MADRID HD
ES: Spain Locales,ES: Cultura 24 TV
ES: Spain Locales,ES: EL TORO TV SD
ES: Spain Locales,ES: FOX NEWS HEVC
ES: Spain Locales,ES: LEBRIJA TV SD
ES: Spain Locales,ES: MELILLA TV HD
ES: Spain Locales,ES: PARLAMENTO SD
ES: Spain Locales,ES: TV GALICIA HD
ES: Spain Locales,ES: CANAL SUR HD
ES: Spain Locales,ES: HUESCA TV SD
ES: Spain Locales,ES: RTV CEUTA HD
ES: Spain Locales,ES: DIEZ TV SD
ES: Spain Locales,ES: IMAS TV SD
ES: Spain Locales,ES: A PUNT HD
ES: Spain Locales,ES: MOTOGP HD
ES: Spain Locales,ES: ETB 1 HD
ES: Spain Locales,ES: ETB 2 HD
ES: Spain Locales,ES: TRECE SD
ES: Spain Locales,ES: TV3 FHD
ESPN Events 200 VIP channels,"ESPN+ 28 (D): Wed, 12/1 - Bundesliga Weekly Highlight Show  17:30et-22:30uk"
ESPN Events 200 VIP channels,"ESPN+ 20 (D): Mie, 12/1 - Jorge Ramos Y Su Banda  16:00et-21:00uk"
ESPN Events 200 VIP channels,"ESPN+ 23 (D): Mie, 12/1 - Fuera de Juego  17:00et-22:00uk"
ESPN Events 200 VIP channels,"ESPN+ 2 (D): Wed, 12/1 - SportsNation  10:00et-15:00uk"
ESPN Events 200 VIP channels,"ESPN+ 1 (D): Wed, 12/1 - LaLiga News  09:00et-14:00uk"
ESPN Events 200 VIP channels,"ESPN+ 94 (D): Wed, 12/1 - ESPN FC  20:00et-01:00uk"
ESPN Events 200 VIP channels,ESPN+ 15 (D): CF Panaderia Pulido San Mateo vs. Real Sociedad (First Round) (Copa del Rey)  14:55et-19:55uk
ESPN Events 200 VIP channels,ESPN+ 112 (D): Vegas Golden Knights vs. Anaheim Ducks (Golden Knights Broadcast) 22:00et-03:00uk
ESPN Events 200 VIP channels,ESPN+ 78 (D): Colorado Avalanche vs. Toronto Maple Leafs (Maple Leafs Broadcast) 19:30et-00:30uk
ESPN Events 200 VIP channels,ESPN+ 7 (D): SD Solares-Medio Cudevo vs. Espanyol (First Round) (Copa del Rey)  12:55et-17:55uk
ESPN Events 200 VIP channels,ESPN+ 92 (D): Texas AnM-Corpus Christi vs. UT Rio Grande Valley (M Basketball)  20:00et-01:00uk
ESPN Events 200 VIP channels,ESPN+ 77 (D): Colorado Avalanche vs. Toronto Maple Leafs (Avalanche Broadcast) 19:30et-00:30uk
ESPN Events 200 VIP channels,ESPN+ 8 (D): Gimnastica Segoviana vs. Mallorca (First Round) (Copa del Rey)  12:55et-17:55uk
ESPN Events 200 VIP channels,ESPN+ 14 (D): Real Madrid vs. Athletic Club Bilbao (Matchday #9) (LaLiga)  14:50et-19:50uk
ESPN Events 200 VIP channels,ESPN+ 54 (D): Florida Gulf Coast vs. Florida International (M Basketball)  19:00et-00:00uk
ESPN Events 200 VIP channels,ESPN+ 108 (D): Mississippi Valley State vs. North Alabama (M Basketball)  21:00et-02:00uk
ESPN Events 200 VIP channels,ESPN+ 80 (D): South Carolina Upstate vs. Western Carolina (W Basketball)  19:30et-00:30uk
ESPN Events 200 VIP channels,ESPN+ 101 (D): University of Dallas vs Abilene Christian (M Basketball)  20:00et-01:00uk
ESPN Events 200 VIP channels,ESPN+ 24 (D): East Tennessee State vs. Appalachian State (W Basketball)  17:00et-22:00uk
ESPN Events 200 VIP channels,ESPN+ 83 (D): Seattle Kraken vs. Detroit Red Wings (Red Wings Broadcast) 19:30et-00:30uk
ESPN Events 200 VIP channels,ESPN+ 85 (D): Vancouver Canucks vs. Ottawa Senators (National Broadcast) 19:30et-00:30uk
ESPN Events 200 VIP channels,ESPN+ 111 (D): Vegas Golden Knights vs. Anaheim Ducks (Ducks Broadcast) 22:00et-03:00uk
ESPN Events 200 VIP channels,ESPN+ 61 (D): Boston University vs. George Washington (M Basketball)  19:00et-00:00uk
ESPN Events 200 VIP channels,ESPN+ 82 (D): Seattle Kraken vs. Detroit Red Wings (Kraken Broadcast) 19:30et-00:30uk
ESPN Events 200 VIP channels,ESPN+ 102 (D): Park University (AZ) vs. Grand Canyon (W Basketball)  20:00et-01:00uk
ESPN Events 200 VIP channels,ESPN+ 33 (D): North Carolina Central vs. USC Upstate (M Basketball)  18:00et-23:00uk
ESPN Events 200 VIP channels,ESPN+ 93 (D): Arkansas-Pine Bluff vs. #19 Iowa State (M Basketball)  20:00et-01:00uk
ESPN Events 200 VIP channels,ESPN+ 16 (D): Alicante vs. Real Betis (First Round) (Copa del Rey)  14:55et-19:55uk
ESPN Events 200 VIP channels,ESPN+ 17 (D): Alicante vs. Real Betis (First Round) (Copa del Rey)  14:55et-19:55uk
ESPN Events 200 VIP channels,ESPN+ 106 (D): Bethesda University vs. Dixie State (M Basketball)  21:00et-02:00uk
ESPN Events 200 VIP channels,ESPN+ 110 (D): Loyola Marymount vs. CSU Northridge (W Basketball)  22:00et-03:00uk
ESPN Events 200 VIP channels,ESPN+ 59 (D): Princeton vs. #22 Florida Gulf Coast (W Basketball)  19:00et-00:00uk
ESPN Events 200 VIP channels,ESPN+ 36 (D): Maryland-Eastern Shore vs. Richmond (W Basketball)  18:00et-23:00uk
ESPN Events 200 VIP channels,ESPN+ 40 (D): American University vs. Stony Brook (M Basketball)  18:31et-23:31uk
ESPN Events 200 VIP channels,ESPN+ 56 (D): Georgia Southern vs. Morehead State (M Basketball)  19:00et-00:00uk
ESPN Events 200 VIP channels,ESPN+ 71 (D): South Carolina vs. Coastal Carolina (M Basketball)  19:00et-00:00uk
ESPN Events 200 VIP channels,ESPN+ 100 (D): Missouri State vs. Illinois State (M Basketball)  20:00et-01:00uk
ESPN Events 200 VIP channels,ESPN+ 25 (D): Warren Wilson vs. Western Carolina (M Basketball)  17:00et-22:00uk
ESPN Events 200 VIP channels,ESPN+ 84 (D): Lincoln (CA) vs. Stephen F. Austin (M Basketball)  19:30et-00:30uk
ESPN Events 200 VIP channels,ESPN+ 81 (D): Texas Southern vs. Louisiana Tech (M Basketball)  19:30et-00:30uk
ESPN Events 200 VIP channels,ESPN+ 98 (D): Central Arkansas vs. #10 Arkansas (M Basketball)  20:00et-01:00uk
ESPN Events 200 VIP channels,ESPN+ 47 (D): Coppin State vs. St. Bonaventure (M Basketball)  19:00et-00:00uk
ESPN Events 200 VIP channels,ESPN+ 70 (D): St. Francis Brooklyn vs. Fordham (M Basketball)  19:00et-00:00uk
ESPN Events 200 VIP channels,ESPN+ 9 (D): Cordoba vs. Sevilla (First Round) (Copa del Rey)  12:55et-17:55uk
ESPN Events 200 VIP channels,ESPN+ 91 (D): Wichita State vs. Oklahoma State (M Basketball)  20:00et-01:00uk
ESPN Events 200 VIP channels,ESPN+ 97 (D): Indiana State vs. Loyola Chicago (M Basketball)  20:00et-01:00uk
ESPN Events 200 VIP channels,ESPN+ 27 (D): Southern Miss vs. Georgia State (W Basketball)  17:30et-22:30uk
ESPN Events 200 VIP channels,ESPN+ 29 (D): Saint Francis (PA) vs. Bucknell (W Basketball)  18:00et-23:00uk
ESPN Events 200 VIP channels,ESPN+ 32 (D): UNC Greensboro vs. Presbyterian (W Basketball)  18:00et-23:00uk
ESPN Events 200 VIP channels,ESPN+ 49 (D): Central Michigan vs. Cincinnati (W Basketball)  19:00et-00:00uk
ESPN Events 200 VIP channels,ESPN+ 55 (D): Indiana State vs. Chicago State (W Basketball)  19:00et-00:00uk
ESPN Events 200 VIP channels,ESPN+ 89 (D): UT Rio Grande Valley vs. Kansas (W Basketball)  20:00et-01:00uk
ESPN Events 200 VIP channels,ESPN+ 96 (D): Southern Miss vs. South Alabama (M Basketball)  20:00et-01:00uk
ESPN Events 200 VIP channels,ESPN+ 12 (D): Real Madrid vs. Athletic Club Bilbao (LaLiga)  14:30et-19:30uk
ESPN Events 200 VIP channels,ESPN+ 4 (D): Warren Wilson vs. UNC Asheville (W Basketball)  11:30et-16:30uk
ESPN Events 200 VIP channels,ESPN+ 69 (D): Oral Roberts vs. Wichita State (W Basketball)  19:00et-00:00uk
ESPN Events 200 VIP channels,ESPN+ 18 (D): Canty and Golic Jr  Presented by Progressive  15:00et-20:00uk
ESPN Events 200 VIP channels,ESPN+ 38 (D): The Citadel vs. UNC Asheville (M Basketball)  18:30et-23:30uk
ESPN Events 200 VIP channels,ESPN+ 48 (D): Chicago State vs. Loyola (MD) (M Basketball)  19:00et-00:00uk
ESPN Events 200 VIP channels,ESPN+ 65 (D): #6 Villanova vs. Pennsylvania (M Basketball)  19:00et-00:00uk
ESPN Events 200 VIP channels,ESPN+ 62 (D): UMBC vs. American University (W Basketball)  19:00et-00:00uk
ESPN Events 200 VIP channels,ESPN+ 68 (D): Binghamton vs. Saint Josephs (M Basketball)  19:00et-00:00uk
ESPN Events 200 VIP channels,ESPN+ 86 (D): East Tennessee State vs. UAB (M Basketball)  19:30et-00:30uk
ESPN Events 200 VIP channels,ESPN+ 10 (D): Feyenoord vs. Heracles Almelo (Eredivisie)  13:50et-18:50uk
ESPN Events 200 VIP channels,ESPN+ 11 (D): Feyenoord vs. Heracles Almelo (Eredivisie)  13:50et-18:50uk
ESPN Events 200 VIP channels,ESPN+ 26 (D): UNC Wilmington vs. Winthrop (W Basketball)  17:00et-22:00uk
ESPN Events 200 VIP channels,ESPN+ 76 (D): Boyce vs. Appalachian State (M Basketball)  19:30et-00:30uk
ESPN Events 200 VIP channels,ESPN+ 72 (D): Bowling Green vs. Duquesne (M Basketball)  19:00et-00:00uk
ESPN Events 200 VIP channels,ESPN+ 37 (D): Oakwood vs. North Alabama (W Basketball)  18:30et-23:30uk
ESPN Events 200 VIP channels,ESPN+ 52 (D): Cincinnati vs. Miami (OH) (M Basketball)  19:00et-00:00uk
ESPN Events 200 VIP channels,ESPN+ 67 (D): Mercer vs. Kennesaw State (M Basketball)  19:00et-00:00uk
ESPN Events 200 VIP channels,ESPN+ 74 (D): Xavier (LA) vs. Louisiana (W Basketball)  19:00et-00:00uk
ESPN Events 200 VIP channels,ESPN+ 90 (D): Northern Iowa vs. Bradley (M Basketball)  20:00et-01:00uk
ESPN Events 200 VIP channels,ESPN+ 107 (D): #12 BYU vs. Utah Valley (M Basketball)  21:00et-02:00uk
ESPN Events 200 VIP channels,ESPN+ 45 (D): Florida vs. George Mason (W Basketball)  19:00et-00:00uk
ESPN Events 200 VIP channels,ESPN+ 51 (D): UMass Lowell vs. Cornell (W Basketball)  19:00et-00:00uk
ESPN Events 200 VIP channels,ESPN+ 57 (D): Rhode Island vs. Harvard (M Basketball)  19:00et-00:00uk
ESPN Events 200 VIP channels,ESPN+ 63 (D): Alabama State vs. Dayton (M Basketball)  19:00et-00:00uk
ESPN Events 200 VIP channels,ESPN+ 31 (D): New Hampshire vs. Brown (W Basketball)  18:00et-23:00uk
ESPN Events 200 VIP channels,ESPN+ 43 (D): William n Mary vs. Navy (M Basketball)  19:00et-00:00uk
ESPN Events 200 VIP channels,ESPN+ 79 (D): Centenary vs. UL Monroe (M Basketball)  19:30et-00:30uk
ESPN Events 200 VIP channels,ESPN+ 88 (D): Albany vs. Kansas State (M Basketball)  20:00et-01:00uk
ESPN Events 200 VIP channels,ESPN+ 105 (D): Rust College vs. Troy (M Basketball)  20:30et-01:30uk
ESPN Events 200 VIP channels,ESPN+ 113 (D): McNeese vs. Seattle U (M Basketball)  22:00et-03:00uk
ESPN Events 200 VIP channels,ESPN+ 73 (D): Brown vs. UMass Lowell (M Basketball)  19:00et-00:00uk
ESPN Events 200 VIP channels,ESPN+ 109 (D): Pacific vs. UC Davis (M Basketball)  21:00et-02:00uk
ESPN Events 200 VIP channels,ESPN+ 34 (D): East Carolina vs. VCU (W Basketball)  18:00et-23:00uk
ESPN Events 200 VIP channels,ESPN+ 87 (D): Hartford vs. Winthrop (M Basketball)  19:30et-00:30uk
ESPN Events 200 VIP channels,ESPN+ 21 (D): Canisius vs Duquesne (W Basketball)  16:00et-21:00uk
ESPN Events 200 VIP channels,ESPN+ 30 (D): Marist vs. Lafayette (W Basketball)  18:00et-23:00uk
ESPN Events 200 VIP channels,ESPN+ 35 (D): UNLV vs. Utah Valley (W Basketball)  18:00et-23:00uk
ESPN Events 200 VIP channels,ESPN+ 5 (D): Bart n Hahn Presented by Progressive  12:00et-17:00uk
ESPN Events 200 VIP channels,ESPN+ 58 (D): Richmond vs. Wofford (M Basketball)  19:00et-00:00uk
ESPN Events 200 VIP channels,ESPN+ 75 (D): SE Louisiana vs. TCU (W Basketball)  19:30et-00:30uk
ESPN Events 200 VIP channels,ESPN+ 95 (D): Windy City Bulls vs. Wisconsin Herd  20:00et-01:00uk
ESPN Events 200 VIP channels,ESPN+ 103 (D): UCF vs. #21 Auburn (M Basketball)  20:00et-01:00uk
ESPN Events 200 VIP channels,ESPN+ 44 (D): La Salle vs. Temple (M Basketball)  19:00et-00:00uk
ESPN Events 200 VIP channels,ESPN+ 46 (D): Fairfield vs. UMass (W Basketball)  19:00et-00:00uk
ESPN Events 200 VIP channels,ESPN+ 66 (D): Liberty vs. Hampton (W Basketball)  19:00et-00:00uk
ESPN Events 200 VIP channels,ESPN+ 53 (D): Marshall vs. Akron (M Basketball)  19:00et-00:00uk
ESPN Events 200 VIP channels,ESPN+ 60 (D): Furman vs. Radford (W Basketball)  19:00et-00:00uk
ESPN Events 200 VIP channels,ESPN+ 42 (D): Bryant vs. Albany (W Basketball)  19:00et-00:00uk
ESPN Events 200 VIP channels,ESPN+ 64 (D): Columbia vs. UMBC (M Basketball)  19:00et-00:00uk
ESPN Events 200 VIP channels,ESPN+ 13 (D): Spain vs Argentina (W Handball)  14:30et-19:30uk
ESPN Events 200 VIP channels,ESPN+ 39 (D): Samford vs. Troy (W Basketball)  18:30et-23:30uk
ESPN Events 200 VIP channels,ESPN+ 3 (D): GREENY Presented by Progressive  10:00et-15:00uk
ESPN Events 200 VIP channels,ESPN+ 41 (D): Iona vs. Marist (M Basketball)  19:00et-00:00uk
ESPN Events 200 VIP channels,ESPN+ 50 (D): Lehigh vs. Yale (M Basketball)  19:00et-00:00uk
ESPN Events 200 VIP channels,ESPN+ 104 (D): UNLV vs. SMU (M Basketball)  20:00et-01:00uk
ESPN Events 200 VIP channels,ESPN+ 99 (D): Ohio vs. LSU (M Basketball)  20:00et-01:00uk
ESPN Events 200 VIP channels,ESPN+ 19 (D): Hawk Talk with Bill Self  16:00et-21:00uk
ESPN Events 200 VIP channels,ESPN+ 22 (D): Dartmouth vs. Harvard  17:00et-22:00uk
ESPN Events 200 VIP channels,ESPN+ 6 (D): The Brette Tanner Show  12:00et-17:00uk
Finland,FI: Investigation Discovery HD
Finland,FI: Discovery Science HD
Finland,FI: C More Sport 1 FHD
Finland,FI: C More Sport 2 FHD
Finland,FI: C More Series FHD
Finland,FI: Discovery Channel
Finland,FI: NAT GEO Wild FHD
Finland,FI: YLE TEEMA FEM HD
Finland,FI: Discovery World
Finland,FI: C More Hits HD
Finland,FI: C More Juniori
Finland,FI: C More MAX FHD
Finland,FI: Disney Channel
Finland,FI: Nick Junior HD
Finland,FI: Disney Junior
Finland,FI: BBC Brit FHD
Finland,FI: C More First
Finland,FI: Himlen TV 7
Finland,FI: TV 7 EESTI
Finland,FI: Disney XD
Finland,FI: TV7 Plus!
Finland,FI: Yle 2 FHD
Finland,FI: MTV 3 HD
Finland,FI: Yle 1 HD
Finland,FI: H2 FHD
Finland,FI: Jim HD
Finland,FI: Liv HD
Finland,FI: Sub TV
Finland,FI: FEM
Finland,FI: TV7
FR: Amazon Prime,FR: AMAZON PRIME 10 FHD (LIVE EVENTS ONLY)
FR: Amazon Prime,FR: AMAZON PRIME 1 FHD (LIVE EVENTS ONLY)
FR: Amazon Prime,FR: AMAZON PRIME 2 FHD (LIVE EVENTS ONLY)
FR: Amazon Prime,FR: AMAZON PRIME 3 FHD (LIVE EVENTS ONLY)
FR: Amazon Prime,FR: AMAZON PRIME 4 FHD (LIVE EVENTS ONLY)
FR: Amazon Prime,FR: AMAZON PRIME 5 FHD (LIVE EVENTS ONLY)
FR: Amazon Prime,FR: AMAZON PRIME 6 FHD (LIVE EVENTS ONLY)
FR: Amazon Prime,FR: AMAZON PRIME 7 FHD (LIVE EVENTS ONLY)
FR: Amazon Prime,FR: AMAZON PRIME 8 FHD (LIVE EVENTS ONLY)
FR: Amazon Prime,FR: AMAZON PRIME 9 FHD (LIVE EVENTS ONLY)
FR: France Cinema,FR CANAL PLUS CINEMA FHD
FR: France Cinema,FR CANAL PLUS SERIES FHD
FR: France Cinema,FR: CANAL PLUS DECALE HD
FR: France Cinema,FR PARAMOUNT CHANNEL HD
FR: France Cinema,FR CANAL PLUS FAMILY
FR: France Cinema,FR PARIS PREMIERE HD
FR: France Cinema,FR CINE EMOTION HD
FR: France Cinema,FR CINE FRISSON HD
FR: France Cinema,FR CANAL PLUS FHD
FR: France Cinema,FR CINE POLAR+ HD
FR: France Cinema,FR SERIE CLUB FHD
FR: France Cinema,FR: A LA CARTE 01
FR: France Cinema,FR: A LA CARTE 02
FR: France Cinema,FR: A LA CARTE 03
FR: France Cinema,FR: A LA CARTE 04
FR: France Cinema,FR: A LA CARTE 05
FR: France Cinema,FR: A LA CARTE 06
FR: France Cinema,FR: A LA CARTE 07
FR: France Cinema,FR: A LA CARTE 08
FR: France Cinema,FR: A LA CARTE 10
FR: France Cinema,FR CINE FAMIZ HD
FR: France Cinema,FR OCS Geants HD
FR: France Cinema,FR TCM CINEMA HD
FR: France Cinema,FR: A LA CARTE 9
FR: France Cinema,FR 13eme RUE HD
FR: France Cinema,FR CINE CLASSIC
FR: France Cinema,FR CINE CLUB HD
FR: France Cinema,FR CINE PREMIER
FR: France Cinema,FR OCS CHOC HD
FR: France Cinema,FR OCS CITY HD
FR: France Cinema,FR ROUGE TV HD
FR: France Cinema,FR ACTION HD
FR: France Cinema,FR OCS MAX
FR: France Cinema,FR RTL9 HD
FR: France Cinema,FR SYFY HD
FR: France Cinema,FR TFX HD
FR: France Cinema,FR TMC HD
FR: France Cinema,FR A+ HD
FR: France Decouvertes,FR Planete Crime+Investigation HD
FR: France Decouvertes,FR DISCOVERY INVESTIGATION HD
FR: France Decouvertes,FR National Geographic Wild
FR: France Decouvertes,FR National Geographic HD
FR: France Decouvertes,FR DISCOVERY SCIENCE HD
FR: France Decouvertes,FR TOUTE L'HISTOIRE HD
FR: France Decouvertes,FR CRIME DISTRICT HD
FR: France Decouvertes,FR RMC Decouverte HD
FR: France Decouvertes,FR SCIENCE ET VIE HD
FR: France Decouvertes,FR CHASSE&PECHE
FR: France Decouvertes,FR Comedie + HD
FR: France Decouvertes,FR DISCOVERY HD
FR: France Decouvertes,FR RMC STORY HD
FR: France Decouvertes,FR HISTOIRE HD
FR: France Decouvertes,FR PLANET PLUS
FR: France Decouvertes,FR PLANETE A&E
FR: France Decouvertes,FR ANIMAUX HD
FR: France Decouvertes,FR Ushuaia HD
FR: France Decouvertes,FR Trek HD
FR: France Decouvertes,FR SEASON
FR: France Divertissement,FR: BRAVA Stingray Classics
FR: France Divertissement,FR Discovery Family HD
FR: France Divertissement,FR E! Entertainment HD
FR: France Divertissement,FR BFM Business HD
FR: France Divertissement,FR TRACE Urban HD
FR: France Divertissement,FR Tv Breizh HD
FR: France Divertissement,FR ONE TV HD
FR: France Divertissement,FR TEVA HD
FR: France Divertissement,FR TVM3 HD
FR: France Divertissement,FR AB1 HD
FR: France Divertissement,FR BET HD
FR: France Divertissement,FR WEO HD
FR: France Enfants,FR NICKELODEON 4 TEEN HD
FR: France Enfants,FR NICKELODEON JUNIOR HD
FR: France Enfants,FR CartoonNetwork HD
FR: France Enfants,FR DISNEY CHANNEL HD
FR: France Enfants,FR DISNEY JUNIOR HD
FR: France Enfants,FR NICKELODEON HD
FR: France Enfants,FR BOOMERANG HD
FR: France Enfants,FR DISNEY+1 FHD
FR: France Enfants,FR GAME ONE HD
FR: France Enfants,FR CANAL J HD
FR: France Enfants,FR DISNEY+ HD
FR: France Enfants,FR Toonami HD
FR: France Enfants,FR: TELETOON+
FR: France Enfants,FR MANGAS TV
FR: France Enfants,FR Piwi + HD
FR: France Enfants,FR BOING HD
FR: France Enfants,FR GULLI HD
FR: France Enfants,FR J-ONE HD
FR: France Enfants,FR TIJI HD
FR: France General,FR TV5 MONDE Info HD
FR: France General,FR TF1 Series Films
FR: France General,FR FRANCE INFO HD
FR: France General,FR: MELODY HD
FR: France General,FR FRANCE 24
FR: France General,FR Cherie25
FR: France General,FR FRANCE 2
FR: France General,FR FRANCE 3
FR: France General,FR FRANCE 4
FR: France General,FR FRANCE 5
FR: France General,FR TF1 +1
FR: France General,FR CStar
FR: France General,FR NRJ12
FR: France General,FR 6Ter
FR: France General,FR ARTE
FR: France General,FR TF1
FR: France General,FR C8
FR: France General,FR M6
FR: France General,FR W9
FR: France Info,FR: La Chaine Meteo HD
FR: France Info,FR EURONEWS HD
FR: France Info,FR C NEWS FHD
FR: France Info,FR BFM HD
FR: France Info,FR LCI HD
FR: France Info,FR LCP HD
FR: France Music,FR MTV FRANCE HD
FR: France Music,FR MTV Dance HD
FR: France Music,FR MTV Hits FHD
FR: France Music,FR M6 MUSIC HD
FR: France Music,FR MCM TOP FHD
FR: France Music,FR MEZZO FR HD
FR: France Music,FR RFM TV HD
FR: France Music,FR: NRJ HITS
FR: France Sports,FR: beIN Sports Max 4 FHD
FR: France Sports,FR: beIN Sports Max 5 FHD
FR: France Sports,FR: beIN Sports Max 6 FHD
FR: France Sports,FR: beIN Sports Max 7 FHD
FR: France Sports,FR: beIN Sports Max 8 FHD
FR: France Sports,FR: beIN Sports Max 9 FHD
FR: France Sports,FR RMC Sport Access 1 HD
FR: France Sports,FR RMC Sport Access 2 HD
FR: France Sports,FR RMC Sport Access 3 HD
FR: France Sports,FR: CANAL PLUS SPORT FHD
FR: France Sports,FR RMC Sport Live 10 HD
FR: France Sports,FR RMC Sport Live 11 HD
FR: France Sports,FR RMC Sport Live 12 HD
FR: France Sports,FR RMC Sport Live 13 HD
FR: France Sports,FR RMC Sport Live 14 HD
FR: France Sports,FR RMC Sport Live 15 HD
FR: France Sports,FR RMC Sport Live 16 HD
FR: France Sports,FR: RMC Sport Live 2 HD
FR: France Sports,FR RMC Sport Live 5 HD
FR: France Sports,FR RMC Sport Live 6 HD
FR: France Sports,FR RMC Sport Live 7 HD
FR: France Sports,FR RMC Sport Live 8 HD
FR: France Sports,FR RMC Sport Live 9 HD
FR: France Sports,FR: Bein Sports 1 FHD
FR: France Sports,FR beIN SPORTS 2 FHD
FR: France Sports,FR beIN SPORTS 3 FHD
FR: France Sports,FR EXTREME SPORTS HD
FR: France Sports,FR RMC Sport News HD
FR: France Sports,FR RMC Sport Live 3
FR: France Sports,FR: RMC Sport 1 FHD
FR: France Sports,FR: RMC Sport 2 FHD
FR: France Sports,FR: RMC Sport 3 FHD
FR: France Sports,FR KOMBAT SPORT HD
FR: France Sports,FR: BFM PARIS FHD
FR: France Sports,FR: CANAL PLAY 01
FR: France Sports,FR: CANAL PLAY 02
FR: France Sports,FR: CANAL PLAY 03
FR: France Sports,FR: CANAL PLAY 04
FR: France Sports,FR: CANAL PLAY 05
FR: France Sports,FR: CANAL PLAY 06
FR: France Sports,FR: CANAL PLAY 07
FR: France Sports,FR: CANAL PLAY 08
FR: France Sports,FR: MULTISPORTS 1
FR: France Sports,FR: MULTISPORTS 2
FR: France Sports,FR: MULTISPORTS 3
FR: France Sports,FR: MULTISPORTS 4
FR: France Sports,FR: MULTISPORTS 5
FR: France Sports,FR: MULTISPORTS 6
FR: France Sports,FR beIN SPORTS 1
FR: France Sports,FR: L Equipe FHD
FR: France Sports,FR Equidia Live
FR: France Sports,FR Golf Channel
FR: France Sports,FR Infosport HD
FR: France Sports,FR EuroSport 1
FR: France Sports,FR EuroSport 2
FR: France Sports,FR Equipe 21
FR: France Sports,FR Golf Plus
FR: France Sports,FR Foot24
Germany,DE: Elbekanal TV
Germany,DE: Bayerisches Fernsehen Süd HD
Germany,DE: Eagle Cinema Geschichte FHD
Germany,DE: Eagle Cinema Mythologie FHD
Germany,DE: Eagle Cinema Romantisch FHD
Germany,DE: eutsches Musik Fernsehen HD
Germany,DE: Sky Cinema Premiere +24 FHD
Germany,DE: Eagle Cinema Abenteuer FHD
Germany,DE: Eagle Cinema Animation FHD
Germany,DE: Eagle Cinema Biografie FHD
Germany,DE: Deutsches Musik Fernsehen
Germany,DE: Eagle Cinema Premiere FHD
Germany,DE: Eagle Cinema Religion FHD
Germany,DE: Eagle Cinema Komodie FHD
Germany,DE: Eagle Cinema Lächeln FHD
Germany,DE: Eagle Cinema Thriller HD
Germany,DE: MoviesINEMA GERMAN 3 FHD
Germany,DE: Crime+ Investigation HD
Germany,DE: Eagle Cinema Aktion FHD
Germany,DE: Eagle Cinema Horror FHD
Germany,DE: Eagle Cinema sci-fi FHD
Germany,DE: Kabel eins Classics FHD
Germany,DE: MoviesINEMA GERMAN 2 HD
Germany,DE: Sky Cinema Atlantic FHD
Germany,DE: Sky Cinema Premiere FHD
Germany,DE: SKY POPCORN SELECT 2 HD
Germany,DE: SKY POPCORN SELECT 3 HD
Germany,DE: SKY POPCORN SELECT 4 HD
Germany,DE: SKY POPCORN SELECT 5 HD
Germany,DE: Sky Popcorn Select 6 HD
Germany,DE: TELEKOM BUNDESLIGA 1 HD
Germany,DE: TELEKOM BUNDESLIGA 2 HD
Germany,DE: TELEKOM BUNDESLIGA 3 HD
Germany,DE: TELEKOM BUNDESLIGA 4 HD
Germany,DE: TELEKOM BUNDESLIGA 5 HD
Germany,DE: TELEKOM BUNDESLIGA 6 HD
Germany,DE: TELEKOM BUNDESLIGA 7 HD
Germany,DE: utsches Musik Fernsehen
Germany,DE: Eagle Cinema Drama FHD
Germany,DE: Regio TV Stuttgart FHD
Germany,DE: Sky Cinema Classics HD
Germany,DE: Sky Cinema Emotion FHD
Germany,DE: Sky Cinema Thriller HD
Germany,DE: Sky Super Select 3 FHD
Germany,DE: Sky Super Select 4 FHD
Germany,DE: Sky Super Select 5 FHD
Germany,DE: Sky Super Select 7 FHD
Germany,DE: Sky Super Select 9 FHD
Germany,DE: Discovery Channel FHD
Germany,DE: Movies SkySelect 1 HD
Germany,DE: NOA 4 Norderstedt FHD
Germany,DE: Regio TV Schwaben FHD
Germany,DE: SKY Cinema Action FHD
Germany,DE: Sky Cinema Best Of HD
Germany,DE: Sky Cinema Comedy FHD
Germany,DE: Sky Cinema Family FHD
Germany,DE: Sky Cinema Special HD
Germany,DE: Spiegel Geschichte HD
Germany,DE: Telekom Fussball 3 HD
Germany,DE: UNIVERSAL Channel FHD
Germany,DE: VIVA / Comedy Central
Germany,DE: Cine Gold Western HD
Germany,DE: Disney Cinemagic FHD
Germany,DE: EWTN katholisches TV
Germany,DE: Franken Fernsehen HD
Germany,DE: SPIEGEL TV WISSEN HD
Germany,DE: Telekom Fussbal 1 HD
Germany,DE: Telekom Fussbal 2 HD
Germany,DE: Telekom Fussbal 4 HD
Germany,DE: Telekom Fussbal 5 HD
Germany,DE: CARTOON NETWORK FHD
Germany,DE: Eagle Cinema 007 HD
Germany,DE: MAGIC BOX KINO 1 HD
Germany,DE: MAGIC BOX KINO 4 HD
Germany,DE: POPCORN SELECT 1 HD
Germany,DE: Sky Cinema Hits FHD
Germany,DE: COMEDY CENTRAL FHD
Germany,DE: Disney Channel FHD
Germany,DE: HyperCinema Boxset
Germany,DE: Kabel 1 Classic HD
Germany,DE: Kabel Eins Doku HD
Germany,DE: ProSieben Maxx FHD
Germany,DE: QVC Beauty & Style
Germany,DE: RTL 2 Luxemburg HD
Germany,DE: Sky Cinema +24 FHD
Germany,DE: Welt der Wunder TV
Germany,DE: (TVO) Oberfranken
Germany,DE: Disney JUNIOR FHD
Germany,DE: Regio TV Bodensee
Germany,DE: Sat 1 Emotions HD
Germany,DE: SKY 13 STREET FHD
Germany,DE: Sky Cinema +1 FHD
Germany,DE: Sky Cinema Fun HD
Germany,DE: Sky Select 10 FHD
Germany,DE: Sky Select 12 FHD
Germany,DE: ANIXE Series FHD
Germany,DE: BOSS Movies 2 HD
Germany,DE: BOSS Movies 3 HD
Germany,DE: BOSS Movies 4 HD
Germany,DE: CINE SELECT 3 HD
Germany,DE: CINE SELECT 4 HD
Germany,DE: CINE SELECT 5 HD
Germany,DE: Filmax Animation
Germany,DE: HyperCINEMA 1 HD
Germany,DE: HyperCinema INFO
Germany,DE: Kabel 1 DOKU FHD
Germany,DE: MAX SELECT 5 FHD
Germany,DE: NAT GEO Wild FHD
Germany,DE: ProSieben FUN HD
Germany,DE: Sky Cinema 1 FHD
Germany,DE: SKY Nostalgie HD
Germany,DE: SKY SELECT 1 FHD
Germany,DE: Sky Select 2 FHD
Germany,DE: Sky Select 3 FHD
Germany,DE: Sky Select 4 FHD
Germany,DE: Sky Select 6 FHD
Germany,DE: Sky Select 7 FHD
Germany,DE: Sky Select 9 FHD
Germany,DE: TAGESSCHAU 24 HD
Germany,DE: TVA OSTBAYERN HD
Germany,DE: BLK Regional TV
Germany,DE: Deluxe Music HD
Germany,DE: Heimat kanal HD
Germany,DE: HR Fernsehen HD
Germany,DE: MAX Select 1 HD
Germany,DE: MAX Select 2 HD
Germany,DE: MAX Select 3 HD
Germany,DE: MAX Select 4 HD
Germany,DE: MAX Select 6 HD
Germany,DE: Max Select 7 HD
Germany,DE: Motor Vision HD
Germany,DE: RTL Passion FHD
Germany,DE: Sky Select 1 4K
Germany,DE: Sky Select 5 HD
Germany,DE: SKY SELECT 8 HD
Germany,DE: Filmax Familie
Germany,DE: HyperCinema 10
Germany,DE: Kabel Eins FHD
Germany,DE: Munchen TV FHD
Germany,DE: Nick Junior HD
Germany,DE: nickelodeon HD
Germany,DE: RTL Living FHD
Germany,DE: Sky Cinema FHD
Germany,DE: SKY COMEDY FHD
Germany,DE: TG GOLDSTAR TV
Germany,DE: TNT COMEDY FHD
Germany,DE: TOGGO PLUS FHD
Germany,DE: Tom & Jerry HD
Germany,DE: TV Mainfranken
Germany,DE: Boomerang FHD
Germany,DE: DAS ERSTE FHD
Germany,DE: DAZN 1 Bar HD
Germany,DE: DAZN 2 Bar HD
Germany,DE: Filmax Action
Germany,DE: Filmax Cinema
Germany,DE: Filmax Horror
Germany,DE: HyperCinema 2
Germany,DE: HyperCInema 3
Germany,DE: HyperCinema 4
Germany,DE: HyperCinema 8
Germany,DE: HyperCinema 9
Germany,DE: KiNOBOX 10 HD
Germany,DE: Noa 4 Hamburg
Germany,DE: ProSieben FHD
Germany,DE: RTL Crime FHD
Germany,DE: RTL Nitro FHD
Germany,DE: Sat 1 Gold HD
Germany,DE: Sky Krimi FHD
Germany,DE: SONNENKLAR HD
Germany,DE: SUPER RTL FHD
Germany,DE: TNT Serie FHD
Germany,DE: TV Ingolstadt
Germany,DE: Euro News HD
Germany,DE: FC Bayern HD
Germany,DE: FilmMax Hits
Germany,DE: HSE 24 Extra
Germany,DE: HSE 24 Trend
Germany,DE: Kino WELT HD
Germany,DE: KiNOBOX 1 HD
Germany,DE: KiNOBOX 3 HD
Germany,DE: KiNOBOX 4 HD
Germany,DE: KiNOBOX 5 HD
Germany,DE: KiNOBOX 6 HD
Germany,DE: KiNOBOX 7 HD
Germany,DE: MediaShop TV
Germany,DE: NICKTOON FHD
Germany,DE: OBERPFALZ HD
Germany,DE: One Music HD
Germany,DE: RTL plus FHD
Germany,DE: RTL zwei FHD
Germany,DE: Skylantic HD
Germany,DE: SONY Channel
Germany,DE: TNT Film FHD
Germany,DE: 1-2-3 TV HD
Germany,DE: Augsburg TV
Germany,DE: Bibel TV HD
Germany,DE: Classica HD
Germany,DE: DOKU N24 HD
Germany,DE: NAT GEO FHD
Germany,DE: PEARL TV HD
Germany,DE: Sony AXN HD
Germany,DE: ZDF Info HD
Germany,DE: ZDF neo FHD
Germany,DE: DAZN 1 FHD
Germany,DE: DAZN 2 FHD
Germany,DE: History HD
Germany,DE: Jukebox HD
Germany,DE: Kabel 1 HD
Germany,DE: KaufBei TV
Germany,DE: Luxe Music
Germany,DE: Max Marvel
Germany,DE: Phoenix HD
Germany,DE: PLANET FHD
Germany,DE: Romance HD
Germany,DE: SILVERLINE
Germany,DE: TELE 5 FHD
Germany,DE: ARD Alpha
Germany,DE: JUNIOR HD
Germany,DE: MTV Dance
Germany,DE: Nitro FHD
Germany,DE: RTL 1 FHD
Germany,DE: Servus HD
Germany,DE: BADEN TV
Germany,DE: DMAX FHD
Germany,DE: DRF 1 HD
Germany,DE: Halle TV
Germany,DE: KIKA FHD
Germany,DE: N-TV FHD
Germany,DE: QVC ZWEI
Germany,DE: Sat 1 HD
Germany,DE: Sixx FHD
Germany,DE: SYFY FHD
Germany,DE: TV Halle
Germany,DE: WELT FHD
Germany,DE: ARTE HD
Germany,DE: Baby TV
Germany,DE: MTV FHD
Germany,DE: N24 FHD
Germany,DE: Oe24 TV
Germany,DE: TLC FHD
Germany,DE: VOX FHD
Germany,DE: WDR FHD
Germany,DE: ZDF FHD
Germany,DE: ALLGAU
Germany,DE: CINE 1
Germany,DE: CINE 2
Germany,DE: CINE 3
Germany,DE: CINE 4
Germany,DE: E! FHD
Germany,DE: Fox HD
Germany,DE: HSE 24
Germany,DE: MDR HD
Germany,DE: NDR HD
Germany,DE: ONE HD
Germany,DE: QVC HD
Germany,DE: rbb HD
Germany,DE: RNF TV
Germany,DE: SR FHD
Germany,DE: SWR BW
Germany,DE: SWR HD
Germany,DE: VOX UP
Germany,DE: WWE HD
Germany,DE: BR HD
Germany,DE: DW HD
Germany,DE: DW TV
Germany,DE: HR HD
Germany,DE: TOGGO
Germany,DE: 3sat
Germany,DE: K-TV
Germany,DE: ATV
Germany Sport,DE: Sky Sport Bundesliga 10 HD
Germany Sport,DE: Sky Sport Bundesliga 2 FHD
Germany Sport,DE: Sky Sport Bundesliga 3 FHD
Germany Sport,DE: Sky Sport Bundesliga 5 FHD
Germany Sport,DE: Sky Sport Bundesliga 7 FHD
Germany Sport,DE: Sky Sport Bundesliga 1 HD
Germany Sport,DE: Sky Sport Bundesliga 4 HD
Germany Sport,DE: Sky Sport Bundesliga 6 HD
Germany Sport,DE: Sky Sport Bundesliga 8 HD
Germany Sport,DE: Sky Sport Bundesliga 9 HD
Germany Sport,DE: Sportdigital Fußball FHD
Germany Sport,DE: Telekom DEL Sport 3 FHD
Germany Sport,DE: TELEKOM DEL SPORT 1 HD
Germany Sport,DE: TELEKOM DEL SPORT 2 HD
Germany Sport,DE: TELEKOM DEL Sport 4 HD
Germany Sport,DE: TELEKOM DEL Sport 5 HD
Germany Sport,DE: Telekom Eishockey 1 HD
Germany Sport,DE: Telekom Eishockey 2 HD
Germany Sport,DE: Telekom Eishockey 3 HD
Germany Sport,DE: Telekom Eishockey 4 HD
Germany Sport,DE: Telekom Eishockey 5 HD
Germany Sport,DE: Telekom Eishockey 6 HD
Germany Sport,DE: Telekom Eishockey 7 HD
Germany Sport,DE: Telekom Eishockey 8 HD
Germany Sport,DE: Auto Motor Sport HD
Germany Sport,DE: EUROSPORT 2 Exra HD
Germany Sport,DE: Teleclub Sport 1 HD
Germany Sport,DE: Sky Sport News HD
Germany Sport,DE: Sport Digital FHD
Germany Sport,DE: Sky Sport 1+ FHD
Germany Sport,DE: EUROSPORT 1 FHD
Germany Sport,DE: EUROSPORT 2 FHD
Germany Sport,DE: Sky Sport 1 FHD
Germany Sport,DE: Sky Sport 2 FHD
Germany Sport,DE: Sky Sport 5 FHD
Germany Sport,DE: Sky Sport 6 FHD
Germany Sport,DE: Sky Sport 7 FHD
Germany Sport,DE: Sky Sport 8 FHD
Germany Sport,DE: Sky Sport 3 HD
Germany Sport,DE: Sky Sport 4 HD
Germany Sport,DE: Sky Sport 9 HD
Germany Sport,DE: DAZN 1 Bar HD
Germany Sport,DE: DAZN 2 Bar HD
Germany Sport,DE eSport1 US HD
Germany Sport,DE: eSports 1 TV
Germany Sport,DE: World DAZN 1
Germany Sport,DE: World DAZN 2
Germany Sport,DE: Sport 1 FHD
GR: Greece Cinema,GR: Greek Cinema
GR: Greece Cinema,GR: COSMOTE CINEMA 3 HD
GR: Greece Cinema,GR: COSMOTE CINEMA 1 HD
GR: Greece Cinema,GR: COSMOTE CINEMA 2 HD
GR: Greece Cinema,GR: NOVA PREMIERE ADVENTURE FHD
GR: Greece Cinema,GR: NOVA PREMIERE ANIMATION FHD
GR: Greece Cinema,GR: NOVA PREMIERE HELLENIC FHD
GR: Greece Cinema,GR: NOVA PREMIERE THRILLER FHD
GR: Greece Cinema,GR: NOVA PREMIERE FANTASY FHD
GR: Greece Cinema,GR: NOVA PREMIERE PASSION FHD
GR: Greece Cinema,GR: NOVA PREMIERE ACTION FHD
GR: Greece Cinema,GR: NOVA PREMIERE COMEDY FHD
GR: Greece Cinema,GR: NOVA PREMIERE HISTORY HD
GR: Greece Cinema,GR: NOVA PREMIERE HORROR FHD
GR: Greece Cinema,GR: NOVA PREMIERE STARZ FHD
GR: Greece Cinema,GR: NOVA PREMIERE DRAMA HD
GR: Greece Cinema,GR: VITRÍNA NOVA PREMIERE
GR: Greece Cinema,GR: NOVA PREMIERE 10 FHD
GR: Greece Cinema,GR: NOVA PREMIERE 11 FHD
GR: Greece Cinema,GR: NOVA PREMIERE 12 FHD
GR: Greece Cinema,GR: NOVA PREMIERE 13 FHD
GR: Greece Cinema,GR: NOVA PREMIERE 14 FHD
GR: Greece Cinema,GR: NOVA PREMIERE 15 FHD
GR: Greece Cinema,GR: NOVA PREMIERE 16 FHD
GR: Greece Cinema,GR: NOVA PREMIERE 17 FHD
GR: Greece Cinema,GR:Nova Cinema Action HD
GR: Greece Cinema,GR: NOVA PREMIERE 1 FHD
GR: Greece Cinema,GR: NOVA PREMIERE 3 FHD
GR: Greece Cinema,GR: NOVA PREMIERE 4 FHD
GR: Greece Cinema,GR: NOVA PREMIERE 5 FHD
GR: Greece Cinema,GR: NOVA PREMIERE 2 4K
GR: Greece Cinema,GR: NOVA PREMIERE 6 4K
GR: Greece Cinema,GR: NOVA PREMIERE 7 4K
GR: Greece Cinema,GR: NOVA PREMIERE 8 4K
GR: Greece Cinema,GR: NOVA PREMIERE 9 4K
GR: Greece Cinema,GR: NOVA CINEMA 1 FHD
GR: Greece Cinema,GR: Nova Cinema 2  HD
GR: Greece Cinema,GR: NOVA PREMIERE 3D
GR: Greece Cinema,GR:Nova Cinema 3 HD
GR: Greece Cinema,GR: Nova Cinema 3
GR: Greece Cinema,GR: FOX LIFE HD
GR: Greece Cinema,GR: TCM HD
GR: Greece Documentary,GR: NATIONAL GEOGRAPHIC WILD FHD
GR: Greece Documentary,GR: CRIME AND INVESTIGATION HD
GR: Greece Documentary,GR: NATIONAL GEOGRAPHIC FHD
GR: Greece Documentary,GR: DISCOVERY CHANNEL FHD
GR: Greece Documentary,GR: DISCOVERY SCIENCE HD
GR: Greece Documentary,GR: NAUTICAL CHANNEL HD
GR: Greece Documentary,GR: TRAVEL CHANNEL FHD
GR: Greece Documentary,GR: VIASAT HISTORY HD
GR: Greece Documentary,GR: ANIMAL PLANET HD
GR: Greece Documentary,GR: VIASAT NATURE HD
GR: Greece Documentary,GR: FOOD NETWORK HD
GR: Greece Documentary,GR: Viasat Explore
GR: Greece Documentary,GR: HISTORY HD
GR: Greece Documentary,GR: E! HD
GR: Greece General,GR: MESSINIA WEB TV HD
GR: Greece General,GR: MAKEDONIA TV SD
GR: Greece General,GR: MESOGEIOS TV SD
GR: Greece General,GR: Vouli Tileorasi
GR: Greece General,GR: ENA CHANNEL HD
GR: Greece General,GR: GREEK VOICE SD
GR: Greece General,GR: OPEN BEYOND HD
GR: Greece General,GR: TV FILOPOLI SD
GR: Greece General,GR: SAMIAKI TV SD
GR: Greece General,GR: ACTION 24 SD
GR: Greece General,GR: CHANNEL 9 HD
GR: Greece General,GR: ERT WORLD HD
GR: Greece General,GR: IONIAN TV SD
GR: Greece General,GR: KONTRA TV SD
GR: Greece General,GR: ALPHA TV SD
GR: Greece General,GR: CRETE TV HD
GR: Greece General,GR: EURONEWS SD
GR: Greece General,GR: KPHTH TV HD
GR: Greece General,GR: XALASTRA SD
GR: Greece General,GR: HIGH TV SD
GR: Greece General,GR: MEGA TV HD
GR: Greece General,GR: NEA TV FHD
GR: Greece General,GR: THRAKI NET
GR: Greece General,GR: ATTICA SD
GR: Greece General,GR: EOE TV HD
GR: Greece General,GR: NET TV HD
GR: Greece General,GR: TV 100 SD
GR: Greece General,GR Diktyo TV
GR: Greece General,GR: ALERT SD
GR: Greece General,GR: Ant 1 HD
GR: Greece General,GR: ANT1 FHD
GR: Greece General,GR: ERT 1 HD
GR: Greece General,GR: ERT 2 HD
GR: Greece General,GR: ERT 3 HD
GR: Greece General,GR: EXTRA SD
GR: Greece General,GR: Star FHD
GR: Greece General,GR: BEST HD
GR: Greece General,GR: SKAI HD
GR: Greece General,GR: ART SD
GR: Greece General,GR: FOX HD
GR: Greece General,GR: 4E HD
GR: Greece General,GR: E HD
GR: Greece Kids,GR: DISNEY CHANNEL HD
GR: Greece Kids,GR: DISNEY JUNIOR FHD
GR: Greece Kids,GR: NICKELODEON HD
GR: Greece Kids,GR: BABY TV SD
GR: Greece Kids,GR: DISNEY XD
GR: Greece Kids,GR: SMILE SD
GR: Greece Kids,GR: Kids 1
GR: Greece Music,GR: BARAZA HITS HD
GR: Greece Music,GR: TILEMOUSIKI HD
GR: Greece Music,GR: MAD GREEK HD
GR: Greece Music,GR: NG RADIO HD
GR: Greece Music,GR: NRG 91 HD
GR: Greece Music,GR: Epsilon
GR: Greece Sports,GR: NOVA SPORT PRIME HD
GR: Greece Sports,GR: Cosmote Sport 1 HD
GR: Greece Sports,GR: Cosmote Sport 2 HD
GR: Greece Sports,GR: Cosmote Sport 3 HD
GR: Greece Sports,GR: COSMOTE SPORT 4 HD
GR: Greece Sports,GR: Cosmote Sport 5 HD
GR: Greece Sports,GR: COSMOTE SPORT 6 HD
GR: Greece Sports,GR: Cosmote Sport 7 HD
GR: Greece Sports,GR: Cosmote Sport 8 HD
GR: Greece Sports,GR: NOVA SPORTS 1 HD
GR: Greece Sports,GR: NOVA SPORTS 2 HD
GR: Greece Sports,GR: NOVA SPORTS 3 HD
GR: Greece Sports,GR: NOVA SPORT 4 HD
GR: Greece Sports,GR: Nova Sport 5 HD
GR: Greece Sports,GR ERT Sport FHD
GR: Greece Sports,GR: Eurosport 1
GR: Greece Sports,GR: Eurosport 2
Honduras,HN: Azteca Honduras HD
Honduras,HN: TeleProgreso
Honduras,HN: Canal 11 HD
Honduras,HN: Canal 5 HD
Honduras,HN: Canal 6 HD
Honduras,HN: TeleCadena
Honduras,HN: Campus Tv
Honduras,HN: Q Hubo TV
Honduras,HN: Ebenezer
Honduras,HN: Globo TV
Honduras,HN: TSI HD
Honduras,HN: Une TV
Honduras,HN: CHTV
Honduras,HN: SiTv
Honduras,HN: HCH
Hungary,HU: Investigation Discovery XTRA
Hungary,HU: National Geographic Wild HD
Hungary,HU: Investigation Discovery
Hungary,HU: National Geographic HD
Hungary,HU: COMEDY CENTRAL FAMILY
Hungary,HU: DIGI Animal World HD
Hungary,HU: Discovery Channel HD
Hungary,HU: Fishing & Hunting HD
Hungary,HU: Sony Movie Channel
Hungary,HU: DA VINCI LEARNING
Hungary,HU: Discovery Science
Hungary,HU: FilmBox Family HD
Hungary,HU: Paramount Channel
Hungary,HU: Travel Channel HD
Hungary,HU: Filmbox Arthouse
Hungary,HU: Cartoon Network
Hungary,HU: Digi Sport 1 HD
Hungary,HU: DIGI SPORT 2 HD
Hungary,HU: DIGI SPORT 3 HD
Hungary,HU: FilmBox Premium
Hungary,HU: 1Music Channel
Hungary,HU: Comedy Central
Hungary,HU: Disney Channel
Hungary,HU: EUROSPORT 1 HD
Hungary,HU: EUROSPORT 2 HD
Hungary,HU: Extreme Sports
Hungary,HU: M2 / PETOFI TV
Hungary,HU: SPILER 1 TV HD
Hungary,HU: SPILER 2 TV HD
Hungary,HU: Viasat Explore
Hungary,HU: Duna World HD
Hungary,HU: Music Channel
Hungary,HU: OZONE NETWORK
Hungary,HU: Spektrum Home
Hungary,HU: SUPER TV 2 HD
Hungary,HU: AXN White HD
Hungary,HU: DIGI LIFE HD
Hungary,HU: FILMBOX PLUS
Hungary,HU: Food Network
Hungary,HU: CBS Reality
Hungary,HU: Debrecen TV
Hungary,HU: M4 SPORT HD
Hungary,HU: Nick Junior
Hungary,HU: Nickelodeon
Hungary,HU: Spektrum HD
Hungary,HU: Viasat 3 HD
Hungary,HU: Apostol TV
Hungary,HU: Film Mania
Hungary,HU: History HD
Hungary,HU: MOZIVERZUM
Hungary,HU: Muzsika TV
Hungary,HU: Sport 1 HD
Hungary,HU: Sport 2 HD
Hungary,HU: TV Paprika
Hungary,HU: VH1 Europe
Hungary,HU: 2 Channel
Hungary,HU: AXN Black
Hungary,HU: Boomerang
Hungary,HU: Cinemax 2
Hungary,HU: DIGI Film
Hungary,HU: FILM CAFE
Hungary,HU: Fix TV HD
Hungary,HU: HBO 1 FHD
Hungary,HU: IZAURA HD
Hungary,HU: NICKTOONS
Hungary,HU: RTL II HD
Hungary,HU: RTL Spike
Hungary,HU: SLAGER TV
Hungary,HU: Bonum TV
Hungary,HU: Chili TV
Hungary,HU: FILM+ HD
Hungary,HU: GALAXY 4
Hungary,HU: HBO 2 HD
Hungary,HU: JOCKY TV
Hungary,HU: MTV Club
Hungary,HU: RTL 2 HD
Hungary,HU: RTL GOLD
Hungary,HU: RTL Klub
Hungary,HU: SONY MAX
Hungary,HU: SOROZAT+
Hungary,HU: Tisza TV
Hungary,HU: Viasat 6
Hungary,HU: 2 Super
Hungary,HU: Cinemax
Hungary,HU: Cool HD
Hungary,HU: Duck TV
Hungary,HU: Duna HD
Hungary,HU: Filmbox
Hungary,HU: Heti TV
Hungary,HU: KIWI TV
Hungary,HU: Minimax
Hungary,HU: Sorozat
Hungary,HU: STORY 4
Hungary,HU: FILM 4
Hungary,HU: HBO HD
Hungary,HU: Hir TV
Hungary,HU: JIMJAM
Hungary,HU: MOZI +
Hungary,HU: TV2 HD
Hungary,HU: FEM 3
Hungary,HU: HBO 3
Hungary,HU: Humor
Hungary,HU: M1 HD
Hungary,HU: M2 HD
Hungary,HU: M5 HD
Hungary,HU: Prime
Hungary,HU: RTL +
Hungary,HU: AMC
Hungary,HU: ATV
Hungary,HU: AXN
Hungary,HU: TLC
IN: India Kannada,IN: Colors Kannada HD
IN: India Kannada,IN: Prajaa Kannada TV
IN: India Kannada,IN: UDAYA Movies FHD
IN: India Kannada,IN: Kannada Cinema
IN: India Kannada,IN: ZEE TV Canada
IN: India Kannada,IN: Udaya TV
IN: India Urdu,IN: PEACE TV URDU
IN: India Urdu,IN: Hum Masala
IN: India Urdu,IN: ROZE NEWS
IN: India Urdu,IN: Zee Salam
IN: Indian Entertainment,IN: DD Bangla
IN: Indian Entertainment,IN: National Geographique Wild
IN: Indian Entertainment,IN: Discovery Channel Hindi
IN: Indian Entertainment,IN: Discovery Science HINDI
IN: Indian Entertainment,IN: Star Sports 2 Select HD
IN: Indian Entertainment,IN: Star Sports Select 1 HD
IN: Indian Entertainment,IN: Sony Entertainment HD
IN: Indian Entertainment,IN: Star World Premier HD
IN: Indian Entertainment,IN: Asian (Hindi) Zee TV
IN: Indian Entertainment,IN: Discovery KIDS HINDI
IN: Indian Entertainment,IN: NDTV 24x7 HD (News)
IN: Indian Entertainment,IN: Star Gold Select HD
IN: Indian Entertainment,IN: Cartoon Network HD
IN: Indian Entertainment,IN: Colors Infinity HD
IN: Indian Entertainment,IN: Tata Sky Shorts TV
IN: Indian Entertainment,IN: ZEE Rajasthan News
IN: Indian Entertainment,IN: Chardikla Time TV
IN: Indian Entertainment,IN: Nickelodeon Hindi
IN: Indian Entertainment,IN: Prajaa Kannada TV
IN: Indian Entertainment,IN: Sony BBC Earth HD
IN: Indian Entertainment,IN: Suvarna News 24x7
IN: Indian Entertainment,IN: Willow Cricket HD
IN: Indian Entertainment,IN: Zee Bangla Cinema
IN: Indian Entertainment,IN: Akaal Channel UK
IN: Indian Entertainment,IN: ANIMAL PLANET HD
IN: Indian Entertainment,IN: Boogle Bollywood
IN: Indian Entertainment,IN: India Today News
IN: Indian Entertainment,IN: Sony SAB HD (UK)
IN: Indian Entertainment,IN: Star sports 1 HD
IN: Indian Entertainment,IN: STAR SPORTS 2 HD
IN: Indian Entertainment,IN: Star sports 3 HD
IN: Indian Entertainment,IN: ZEE BOLLYWOOD HD
IN: Indian Entertainment,IN : LIVING FOODZ 2
IN: Indian Entertainment,IN: Aapka Colors HD
IN: Indian Entertainment,IN: FO WORLD CORONA
IN: Indian Entertainment,IN: Living Foodz HD
IN: Indian Entertainment,IN: Prime Canada TV
IN: Indian Entertainment,IN: Republic Bharat
IN: Indian Entertainment,IN: STAR Movies FHD
IN: Indian Entertainment,IN: Zee Business TV
IN: Indian Entertainment,IN: 1st India News
IN: Indian Entertainment,IN: COLORS Rishtey
IN: Indian Entertainment,IN: DD National HD
IN: Indian Entertainment,IN: News18 Kannada
IN: Indian Entertainment,IN: Rishtey Europe
IN: Indian Entertainment,IN: STAR BHARAT HD
IN: Indian Entertainment,IN: Star Gold 2 HD
IN: Indian Entertainment,IN: ZEE CINEMA USA
IN: Indian Entertainment,IN: Aastha Bhajan
IN: Indian Entertainment,IN: Care World TV
IN: Indian Entertainment,IN: CNBC Awaaz HD
IN: Indian Entertainment,IN: CTVN AKD Plus
IN: Indian Entertainment,IN: Fashion TV HD
IN: Indian Entertainment,IN: Gulistan News
IN: Indian Entertainment,IN: NDTV India HD
IN: Indian Entertainment,IN: News 18 India
IN: Indian Entertainment,IN: News 18 MP TV
IN: Indian Entertainment,IN: Prime Asia TV
IN: Indian Entertainment,IN: Sony (Hindi) 
IN: Indian Entertainment,IN: SONY TEN 1 HD
IN: Indian Entertainment,IN: Sony Ten 2 HD
IN: Indian Entertainment,IN: STAR GOLD FHD
IN: Indian Entertainment,IN: Star Plus FHD
IN: Indian Entertainment,IN: ZEE Action HD
IN: Indian Entertainment,IN: Zee Bangla HD
IN: Indian Entertainment,IN: & PICTURE HD
IN: Indian Entertainment,IN: &tv HD india
IN: Indian Entertainment,IN: AAJ TAK News
IN: Indian Entertainment,IN: BBC EARTH HD
IN: Indian Entertainment,IN: Colors UK HD
IN: Indian Entertainment,IN: MTV India TV
IN: Indian Entertainment,IN: Shubhsandesh
IN: Indian Entertainment,IN: STAR GOLD UK
IN: Indian Entertainment,IN: Times Now HD
IN: Indian Entertainment,IN: ZEE 24 KALAK
IN: Indian Entertainment,IN:  History HD
IN: Indian Entertainment,IN:  Zoom UK TV
IN: Indian Entertainment,IN: Ayush TV HD
IN: Indian Entertainment,IN: BBC Toronto
IN: Indian Entertainment,IN: Channel Win
IN: Indian Entertainment,IN: NDTV Profit
IN: Indian Entertainment,IN: Reporter TV
IN: Indian Entertainment,IN: Sky Arts HD
IN: Indian Entertainment,IN: Sony Action
IN: Indian Entertainment,IN: Sony PIX HD
IN: Indian Entertainment,IN: Sony SAB HD
IN: Indian Entertainment,IN: Sony SIX HD
IN: Indian Entertainment,IN: Star Jalsha
IN: Indian Entertainment,IN: Tez News TV
IN: Indian Entertainment,IN: UTV Bindass
IN: Indian Entertainment,IN: Velicham TV
IN: Indian Entertainment,IN: Zee MP News
IN: Indian Entertainment,IN: Zee Sarthak
IN: Indian Entertainment,IN: Zee TV Apac
IN: Indian Entertainment,IN:  HUM World
IN: Indian Entertainment,IN: Ary Family
IN: Indian Entertainment,IN: DD News HD
IN: Indian Entertainment,IN: DD Punjabi
IN: Indian Entertainment,IN: DSports HD
IN: Indian Entertainment,IN: Dunya News
IN: Indian Entertainment,IN: JAIHIND TV
IN: Indian Entertainment,IN: Movies Now
IN: Indian Entertainment,IN: NICK SONIC
IN: Indian Entertainment,IN: Rishtay HD
IN: Indian Entertainment,IN: Romedy Now
IN: Indian Entertainment,IN: SARDARI TV
IN: Indian Entertainment,IN: Sony Max 1
IN: Indian Entertainment,IN: Sony Max 2
IN: Indian Entertainment,IN: Sony Ten 3
IN: Indian Entertainment,IN: Ten Sports
IN: Indian Entertainment,IN: Zee Living
IN: Indian Entertainment,IN: Zee Salaam
IN: Indian Entertainment,IN: ZEE TV FHD
IN: Indian Entertainment,IN: Zindagi TV
IN: Indian Entertainment,IN: Zing India
IN: Indian Entertainment,IN: &Prive HD
IN: Indian Entertainment,IN: &Xplor HD
IN: Indian Entertainment,IN: Aastha TV
IN: Indian Entertainment,IN: Amrita TV
IN: Indian Entertainment,IN: B4U Kadak
IN: Indian Entertainment,IN: Big Ganga
IN: Indian Entertainment,IN: Brit ASIA
IN: Indian Entertainment,IN: CHANNEL I
IN: Indian Entertainment,IN: Channel Y
IN: Indian Entertainment,IN: COLORS TV
IN: Indian Entertainment,IN: DAWN NEWS
IN: Indian Entertainment,IN: Disney HD
IN: Indian Entertainment,IN: Food Food
IN: Indian Entertainment,IN: HUM TV HD
IN: Indian Entertainment,IN: MOHONA TV
IN: Indian Entertainment,IN: Murasu TV
IN: Indian Entertainment,IN: News X HD
IN: Indian Entertainment,IN: Sony YAY!
IN: Indian Entertainment,IN: TLC HINDI
IN: Indian Entertainment,IN: ZEE Anmol
IN: Indian Entertainment,IN: Zee Smile
IN: Indian Entertainment,IN: Zee world
IN: Indian Entertainment,IN: &FLIX HD
IN: Indian Entertainment,IN: Akaal TV
IN: Indian Entertainment,IN: B4U PLUS
IN: Indian Entertainment,IN: DD INDIA
IN: Indian Entertainment,IN: Movie OK
IN: Indian Entertainment,IN: Nick HD+
IN: Indian Entertainment,IN: Peace TV
IN: Indian Entertainment,IN: Sivan TV
IN: Indian Entertainment,IN: Sony Pal
IN: Indian Entertainment,IN: TEN 1 HD
IN: Indian Entertainment,IN: TEN 2 HD
IN: Indian Entertainment,IN: TEN 3 HD
IN: Indian Entertainment,IN: UTV M HD
IN: Indian Entertainment,IN: VIJAY HD
IN: Indian Entertainment,IN: Zee Cafe
IN: Indian Entertainment,IN: Zee News
IN: Indian Entertainment,IN: Zee Yuva
IN: Indian Entertainment,IN: 92 News
IN: Indian Entertainment,IN: Aaj Tak
IN: Indian Entertainment,IN: AONE TV
IN: Indian Entertainment,IN: Arihant
IN: Indian Entertainment,IN: DABANGG
IN: Indian Entertainment,IN: DD Urdu
IN: Indian Entertainment,IN: News 24
IN: Indian Entertainment,IN: Nick HD
IN: Indian Entertainment,IN: Sony TV
IN: Indian Entertainment,IN: Wion TV
IN: Indian Entertainment,IN: DIL SE
IN: Indian Entertainment,IN: ET Now
IN: Indian Entertainment,IN: ETV UK
IN: Indian Entertainment,IN: KTV US
IN: Indian Entertainment,IN: RAJ TV
IN: Indian Entertainment,IN: Sadhna
IN: Indian Entertainment,IN: Sun TV
IN: Indian Entertainment,IN: Zee UK
IN: Indian Entertainment,IN: 92 UK
IN: Indian Entertainment,IN: TV HD
IN: Indian Entertainment,IN: ZING
IN: Indian Gujarat,IN: Swar Shree
IN: Indian Gujarat,IN: Colors Gujrati TV
IN: Indian Gujarat,IN: VTV NEWS GUJARATI
IN: Indian Gujarat,IN: News18 Gujarati
IN: Indian Gujarat,IN: TV9 Gujarati
IN: Indian Gujarat,IN: VTV Gujarati
IN: Indian Gujarat,IN: ABP Asmita
IN: Indian Gujarat,IN: DD Girnar
IN: Indian Gujarat,IN: GS TV
IN: Indian Malayalam,IN: Mazhavil Manorama HD
IN: Indian Malayalam,IN: KERALA Vision ST
IN: Indian Malayalam,IN: SURYA TV Malayam
IN: Indian Malayalam,IN: Kairali News TV
IN: Indian Malayalam,IN: Kairali We TV
IN: Indian Malayalam,IN: Manorama News
IN: Indian Malayalam,IN: DD Malayalam
IN: Indian Malayalam,IN: Surya Movies
IN: Indian Malayalam,IN: Reporter TV
IN: Indian Malayalam,IN: Asianet HD
IN: Indian Malayalam,IN: Jaihind TV
IN: Indian Malayalam,IN: Kairali TV
IN: Indian Malayalam,IN: Kaumudy TV
IN: Indian Malayalam,IN: KVTV PLUS
IN: Indian Malayalam,IN: Media One
IN: Indian Malayalam,IN: Janam TV
IN: Indian Marathi,IN: COLORS MARATHI
IN: Indian Marathi,IN: Zee Marathi HD
IN: Indian Marathi,IN: Kadak Hits HD
IN: Indian Marathi,IN: ABP Majha HD
IN: Indian Marathi,IN: Fakt Marathi
IN: Indian Marathi,IN: Sony Marathi
IN: Indian Marathi,IN: DD Sahyadri
IN: Indian Marathi,IN: Star Pravah
IN: Indian Marathi,IN: TV9 Marathi
IN: Indian Marathi,IN: ZEE TALKIES
IN: Indian Music,IN: Jhanjar Music
IN: Indian Music,IN: POP MUSIC HD
IN: Indian Music,IN: Sony Waha HD
IN: Indian Music,IN: Music India
IN: Indian Music,IN: 9X Jhakaas
IN: Indian Music,IN: COLORS FHD
IN: Indian Music,IN: 9X Tashan
IN: Indian Music,IN: B4U Music
IN: Indian Music,IN: Ibc Music
IN: Indian Music,IN: PBN MUSIC
IN: Indian Music,IN: RAJ MUSIX
IN: Indian Music,IN: SUN MUSIC
IN: Indian Music,IN: 7S Music
IN: Indian Music,IN: PTC DHOL
IN: Indian Music,IN: Dhamaal
IN: Indian Music,IN: MasTiii
IN: Indian Music,IN: Nazrana
IN: Indian Music,IN: 8xm HD
IN: Indian Music,IN: 9X M
IN: Indian Music,IN: TV84
IN: Indian Punjabi,IN: News18 Punjab/Haryana/Himachal
IN: Indian Punjabi,IN:  Sikh Channel Punjabi
IN: Indian Punjabi,IN: Alph etc Punjabi usa
IN: Indian Punjabi,IN: PTC Punjabi Gold TV
IN: Indian Punjabi,IN: Hamdard TV Punjabi
IN: Indian Punjabi,IN: Zee Punjab Haryana
IN: Indian Punjabi,IN: MANORANJAN Movies
IN: Indian Punjabi,IN: News 18 Punjab TV
IN: Indian Punjabi,IN: Raunak Punjab Dee
IN: Indian Punjabi,IN: PTC News Punjabi
IN: Indian Punjabi,IN: WORLD PUNJABI TV
IN: Indian Punjabi,IN:   andprivehd HD
IN: Indian Punjabi,IN: Desi Channel HD
IN: Indian Punjabi,IN: SHAN PUNJABI TV
IN: Indian Punjabi,PB: Steelbird Music
IN: Indian Punjabi,IN:  Raj News 24X7
IN: Indian Punjabi,IN: PTC PUNJABI UK
IN: Indian Punjabi,IN: SADA PUNJAB TV
IN: Indian Punjabi,IN: Cine Voice HD
IN: Indian Punjabi,IN: GAUNDA PUNJAB
IN: Indian Punjabi,IN: GDNS LUDHIANA
IN: Indian Punjabi,IN: JALSHA MOVIES
IN: Indian Punjabi,IN: Manoranjan TV
IN: Indian Punjabi,IN: Media Punjabi
IN: Indian Punjabi,IN: Sanjha Punjab
IN: Indian Punjabi,IN: Global Sanjh
IN: Indian Punjabi,IN: Life Punjabi
IN: Indian Punjabi,IN: TV PUNJAB HD
IN: Indian Punjabi,IN: Apna Punjab
IN: Indian Punjabi,IN: Gurbaani TV
IN: Indian Punjabi,IN: JUS PUNJABI
IN: Indian Punjabi,IN: PTC Punjabi
IN: Indian Punjabi,IN: PTV PARDESI
IN: Indian Punjabi,IN: ZEE Punjabi
IN: Indian Punjabi,IN: 5aab Today
IN: Indian Punjabi,IN: Amar Ujala
IN: Indian Punjabi,IN: HULCHUL TV
IN: Indian Punjabi,IN: Lakshya TV
IN: Indian Punjabi,IN: Pitaara TV
IN: Indian Punjabi,IN: PTC Chakde
IN: Indian Punjabi,IN: Punjabi TV
IN: Indian Punjabi,IN: Desi Plus
IN: Indian Punjabi,IN: PTC MUSIC
IN: Indian Punjabi,IN: Sangat TV
IN: Indian Punjabi,IN: Fateh TV
IN: Indian South,IND:   News18 Bihar Jharkhand
IN: Indian South,IN: News 18 Assam North East
IN: Indian South,IN: Tamil Visionternational
IN: Indian South,IN: First India Rajasthan
IN: Indian South,IN: Zee MP & Chhattisgarh
IN: Indian South,IN: Big Magic Movies OK
IN: Indian South,IN: Dighvijay 24X7 News
IN: Indian South,IN: Sadhna Plus News HD
IN: Indian South,IN: VIP AAPKA COLORS HD
IN: Indian South,IN: Zee Bihar Jharkhand
IN: Indian South,IN: COLORS CINEPLEX HD
IN: Indian South,IN: News 18 Uttakhrand
IN: Indian South,IN: Sarv Dharam Sangam
IN: Indian South,IN: Channel News Asia
IN: Indian South,IN: Khalsa Channel HD
IN: Indian South,IN: Living India News
IN: Indian South,IN: News18 ᴛamil Nadu
IN: Indian South,IN: Sadhna Prime News
IN: Indian South,IN: Sonic nickelodeon
IN: Indian South,IN: Channel ᴏne News
IN: Indian South,IN: COLORS Bangla HD
IN: Indian South,IN: Ishwar Bhakti TV
IN: Indian South,IN: Rishtey Cineplex
IN: Indian South,IN: Zee Yuva Marathi
IN: Indian South,IN: B4U Movies APAC
IN: Indian South,IN: Raj News Telugu
IN: Indian South,IN: Sahara Samay TV
IN: Indian South,IN: Zee Cinemalu HD
IN: Indian South,IN: Madani Channel
IN: Indian South,IN: ZETC Bollywood
IN: Indian South,IN: BOLLYWOOD NOW
IN: Indian South,IN: Harvest TV Us
IN: Indian South,IN: Islam Channel
IN: Indian South,IN: Mantavya News
IN: Indian South,IN: News18 Lokmat
IN: Indian South,IN: WOW Cinema TV
IN: Indian South,IN: ZEE 24 Ghanta
IN: Indian South,IN: ZEE Hindustan
IN: Indian South,IND:   B4U Movies
IN: Indian South,IND:   India 24X7
IN: Indian South,IN: 24/7 Harvest
IN: Indian South,IN: APKA Channel
IN: Indian South,IN: BfliX Movies
IN: Indian South,IN: COLORS Super
IN: Indian South,IN: KHALISTAN TV
IN: Indian South,IN: Makkal TV HD
IN: Indian South,IN: Nambikkai TV
IN: Indian South,IN: Public Music
IN: Indian South,IN: Suvarna News
IN: Indian South,IN: TentKotta HD
IN: Indian South,IN: ABP NEWS HD
IN: Indian South,IN: ANGEL TV HD
IN: Indian South,IN: ARY ZINDAGI
IN: Indian South,IN: Assam Talks
IN: Indian South,IN: Bansal News
IN: Indian South,IN: Enter 10 TV
IN: Indian South,IN: Goodnews TV
IN: Indian South,IN: India Today
IN: Indian South,IN: Kasthuri TV
IN: Indian South,IN: Kathyani TV
IN: Indian South,IN: Lahore News
IN: Indian South,IN: Mangalam TV
IN: Indian South,IN: MTV BEAT HD
IN: Indian South,IN: News Nation
IN: Indian South,IN: Republic TV
IN: Indian South,IN: Santhora TV
IN: Indian South,IN: Sky Arts HD
IN: Indian South,IN: SVBC Telugu
IN: Indian South,IN: ZEE 24 Taas
IN: Indian South,IN: Zee Biskope
IN: Indian South,IN: Zee Classic
IN: Indian South,IN: Zee Kannada
IN: Indian South,IN: ABP Ananda
IN: Indian South,IN: ABP Sanjha
IN: Indian South,IN: ATN Bangla
IN: Indian South,IN: AVT KHYBER
IN: Indian South,IN: CNBC Bajar
IN: Indian South,IN: CNBC TV 18
IN: Indian South,IN: CNN News18
IN: Indian South,IN: Dillagi ᴛV
IN: Indian South,IN: Fastway TV
IN: Indian South,IN: Flowers TV
IN: Indian South,IN: Geo TV FHD
IN: Indian South,IN: India News
IN: Indian South,IN: JK Channel
IN: Indian South,IN: Mirror Now
IN: Indian South,IN: NAMDHAR TV
IN: Indian South,IN: PTV Sports
IN: Indian South,IN: Sahara One
IN: Indian South,IN: Sankara TV
IN: Indian South,IN: Satsang TV
IN: Indian South,IN: Subrang TV
IN: Indian South,IN: UTV Movies
IN: Indian South,IN: ARY MUSIK
IN: Indian South,IN: Bangla TV
IN: Indian South,IN: Big Magic
IN: Indian South,IN: Jeevan TV
IN: Indian South,IN: Jus Hindi
IN: Indian South,IN: Kanshi TV
IN: Indian South,IN: KVTV LIVE
IN: Indian South,IN: KVTV MAIN
IN: Indian South,IN: People TV
IN: Indian South,IN: PTV World
IN: Indian South,IN: Sakshi TV
IN: Indian South,IN: Sony AATH
IN: Indian South,IN: GEO NEWS
IN: Indian South,IN: GNN NEWS
IN: Indian South,IN: India TV
IN: Indian South,IN: iPlus TV
IN: Indian South,IN: JANTA TV
IN: Indian South,IN: MAA Gold
IN: Indian South,IN: Madha TV
IN: Indian South,IN: MH1 NEWS
IN: Indian South,IN: PTV Home
IN: Indian South,IN: PTV News
IN: Indian South,IN: R.Bharat
IN: Indian South,IN: Raj News
IN: Indian South,IN: Shubh TV
IN: Indian South,IN: Vaani TV
IN: Indian South,IN: Epic HD
IN: Indian South,IN: Saam TV
IN: Indian South,IN: Sanskar
IN: Indian South,IN: ShowBox
IN: Indian South,IN: TV Asia
IN: Indian South,IN: V6 News
IN: Indian South,IN: Zing US
IN: Indian South,IN: EET TV
IN: Indian South,IN: IBC 24
IN: Indian South,IN: InSync
IN: Indian South,IN: Khabar
IN: Indian South,IN: MK SiX
IN: Indian South,IN: MNX HD
IN: Indian South,IN: MTV HD
IN: Indian South,IN: Soham
IN: Indian South,IN: Zoom
IN: Indian South,IN: E24
IN: Indian Tamil,IN: Puthiya Thalaimurai
IN: Indian Tamil,IN: News 18 Tamil nadu
IN: Indian Tamil,IN: Raj Digital Plus
IN: Indian Tamil,IN: COLORS Tamil HD
IN: Indian Tamil,IN: Travelxp Tamil
IN: Indian Tamil,IN: Puthuyugam TV
IN: Indian Tamil,IN: Captain News
IN: Indian Tamil,IN: Kalaignar HD
IN: Indian Tamil,IN: Polimer News
IN: Indian Tamil,IN: Tamil Vision
IN: Indian Tamil,IN: Zee Tamil HD
IN: Indian Tamil,IN: Akaram Kidz
IN: Indian Tamil,IN: DD Podhigai
IN: Indian Tamil,IN: Vaanavil TV
IN: Indian Tamil,IN: 3 Tamil TV
IN: Indian Tamil,IN: CAPTAIN TV
IN: Indian Tamil,IN: Ibc Bakthi
IN: Indian Tamil,IN: IBC Comedy
IN: Indian Tamil,IN: Jaya Movie
IN: Indian Tamil,IN: Peppers TV
IN: Indian Tamil,IN: Polimer TV
IN: Indian Tamil,IN: Thanthi TV
IN: Indian Tamil,IN: ADITYA TV
IN: Indian Tamil,IN: IBC Tamil
IN: Indian Tamil,IN: Jaya Plus
IN: Indian Tamil,IN: SEITHIGAL
IN: Indian Tamil,IN: JAYA MAX
IN: Indian Tamil,IN: Sun News
IN: Indian Tamil,IN: Jaya TV
IN: Indian Tamil,IN: KTV HD
IN: Indian Telugu,IN: (Telugu) Bhakthi TV
IN: Indian Telugu,IN: (Telugu) CVR News
IN: Indian Telugu,IN: Zee Telugu Ditto
IN: Indian Telugu,IN: Subhavaartha TV
IN: Indian Telugu,IN: Zee Cinema FHD
IN: Indian Telugu,IN: ZEE Telegu FHD
IN: Indian Telugu,IN: Gemini Comedy
IN: Indian Telugu,IN: GEMINI Movies
IN: Indian Telugu,IN: TV 9 NEWS HD
IN: Indian Telugu,IN: Maha Movies
IN: Indian Telugu,IN: Star Maa HD
IN: Indian Telugu,IN: Gemini TV 
IN: Indian Telugu,IN: Mahaa News
IN: Indian Telugu,IN: TV9 Telugu
IN: Indian Telugu,IN: Zee Telugu
IN: Indian Telugu,IN: HMTV FHD
IN: Indian Telugu,IN: NTV Telu
IN: Indian Telugu,IN: TV5 News
IN: Indian Telugu,IN: Vissa TV
IN: Indian Telugu,IN: NTV HD
Indonesia,ID SLC
Indonesia,ID MNC Shop Trendy
Indonesia,ID Shanghai Dragon TV (D)
Indonesia,ID Crime Investigation
Indonesia,ID Al Jazeera English
Indonesia,ID Asian Food Channel
Indonesia,ID Al Quran Al Karem
Indonesia,ID Discovery Channel
Indonesia,ID Fox Movies Action
Indonesia,ID LifeStyle_Fashion
Indonesia,ID MNC Entertainment
Indonesia,ID News Asia Channel
Indonesia,ID NHK World Premium
Indonesia,ID Celestial Movies
Indonesia,ID Xing Kong TV (D)
Indonesia,ID Cartoon Network
Indonesia,ID NHK_World_Japan
Indonesia,ID BBC World News
Indonesia,ID Disney Channel
Indonesia,ID Jiangsu TV (D)
Indonesia,ID MNC Shop Smart
Indonesia,ID Nat Geo People
Indonesia,ID TV5 Monde Asia
Indonesia,ID ABC Australia
Indonesia,ID Animal Planet
Indonesia,ID Arirang_Korea
Indonesia,ID Bein Sports 1
Indonesia,ID HBO_Signature
Indonesia,ID BBC Cbeebies
Indonesia,ID Bein Sport 2
Indonesia,ID Cinema World
Indonesia,ID Fight Sports
Indonesia,ID Fox Sports 2
Indonesia,ID Fox Sports 3
Indonesia,ID Hunan TV (D)
Indonesia,ID Infotainment
Indonesia,ID MNC Sports 2
Indonesia,ID Vision Prime
Indonesia,ID Berita Satu
Indonesia,ID HITS_Movies
Indonesia,ID Fox Movies
Indonesia,ID HBO Family
Indonesia,ID MNC Sports
Indonesia,ID RT English
Indonesia,ID TVN Movies
Indonesia,ID Zee Cinema
Indonesia,ID BBC Earth
Indonesia,ID Bloomberg
Indonesia,ID Boomerang
Indonesia,ID Disney XD
Indonesia,ID Muslim TV
Indonesia,ID TRT World
Indonesia,ID Euronews
Indonesia,ID Fox Life
Indonesia,ID Fox News
Indonesia,ID France24
Indonesia,ID HBO_Hits
Indonesia,ID Indosiar
Indonesia,ID KompasTV
Indonesia,ID Lifetime
Indonesia,ID Metro TV
Indonesia,ID MNC News
Indonesia,ID Music TV
Indonesia,ID Sony ONE
Indonesia,ID Zee News
Indonesia,ID AnhuiTV
Indonesia,ID Besmart
Indonesia,ID Cinemax
Indonesia,ID Daai TV
Indonesia,ID History
Indonesia,ID Kids TV
Indonesia,ID Nat Geo
Indonesia,ID Nick JR
Indonesia,ID TawafTV
Indonesia,ID TransTV
Indonesia,ID TVRI_HD
Indonesia,ID Animax
Indonesia,ID BaliTV
Indonesia,ID Jak TV
Indonesia,ID MiaoMI
Indonesia,ID MNC TV
Indonesia,ID Thrill
Indonesia,ID Trans7
Indonesia,ID TV One
Indonesia,ID Zee TV
Indonesia,ID &TVHD
Indonesia,ID iNews
Indonesia,ID ANTV
Indonesia,ID CNBC
Indonesia,ID EWTN
Indonesia,ID HGTV
Indonesia,ID Hits
Indonesia,ID Life
Indonesia,ID NET.
Indonesia,ID Nick
Indonesia,ID OKTV
Indonesia,ID RCTI
Indonesia,ID SCTV
Indonesia,ID ZING
Indonesia,ID AXN
Indonesia,ID CCM
Indonesia,ID CNN
Indonesia,ID FMN
Indonesia,ID FOX
Indonesia,ID GTV
Indonesia,ID HBO
Indonesia,ID IDX
Indonesia,ID JTV
Indonesia,ID KIX
Indonesia,ID RTV
Indonesia,ID SCM
Indonesia,ID TLC
Indonesia,ID TVN
Indonesia,ID DW
Iran,IR: IRAN International FHD
Iran,IR: Persiana Iranian HD
Iran,IR: Persiana Cinema HD
Iran,IR: IRIB iFilm Arabic
Iran,IR: IRIB Press TV FHD
Iran,IR: GEM Bollywood HD
Iran,IR: IRIB Amoozesh TV
Iran,IR: Persiana Plus HD
Iran,IR: CALTEX MUSIC HD
Iran,IR: Persiana Family
Iran,IR: Varzesh TV 3 HD
Iran,IR: Cine Series HD
Iran,IR: GEM RIVER + HD
Iran,IR: RADIO JAVAN HD
Iran,IR: VOA Persian HD
Iran,IR: GEM Junior HD
Iran,IR: GEM Rubix+ HD
Iran,IR: GEM Series HD
Iran,IR: IRIB Mostanad
Iran,IR: IRIB Namayesh
Iran,IR: Salamat TV HD
Iran,IR: Varzesh TV HD
Iran,IR: GEM Rubix HD
Iran,IR: IRIB Tamasha
Iran,IR: Simaye Azadi
Iran,IR: Tapesh TV HD
Iran,IR: Andisheh TV
Iran,IR: BBC PERSIAN
Iran,IR: GEM CLASSIC
Iran,IR: GEM Kids HD
Iran,IR: GEM Life HD
Iran,IR: Irane Farda
Iran,IR: IRIB Semnan
Iran,IR: MIHAN TV HD
Iran,IR: Radio Farda
Iran,IR: Assirat TV
Iran,IR: AVA Family
Iran,IR: GEM ARABIA
Iran,IR: GEM Comedy
Iran,IR: GEM Latino
Iran,IR: GEM Travel
Iran,IR: IRIB IRINN
Iran,IR: IRIB Nasim
Iran,IR: IRIB Pooya
Iran,IR: Manoto FHD
Iran,IR: MBC Persia
Iran,IR: MOHABAT TV
Iran,IR: PAYVAND TV
Iran,IR: SAT 7 PARS
Iran,IR: Cine Film
Iran,IR: GEM Drama
Iran,IR: GEM River
Iran,IR: GEM TV HD
Iran,IR: IRIB TV 3
Iran,IR: EBC 1 HD
Iran,IR: GEM Film
Iran,IR: GEM MIFA
Iran,IR: GEM ONYX
Iran,IR: YOURTIME
Iran,IR: Omid TV
Iran,IR: OXIR TV
Iran,IR: Pars TV
Iran,IR: GEM AZ
Iran,IR: ITN TV
Iran,IR: 4U TV
Iran,IR: TV 1
Iran,IR: TV 2
Iran,IR: TV 4
Iran,IR: TV 5
Iran,IR: PMC
IRE: Ireland General,IRE: VIRGIN MEDIA THREE SD
IRE: Ireland General,UK Paramount Network  (P)
IRE: Ireland General,IRE: VIRGIN MEDIA ONE SD
IRE: Ireland General,IRE: VIRGIN MEDIA TWO HD
IRE: Ireland General,IRE RTE NEWS FHD
IRE: Ireland General,IRE: RTE ONE FHD
IRE: Ireland General,IRE: RTE TWO FHD
IRE: Ireland General,IR: RTE One
IRE: Ireland General,IR: RTE 2
IRE: Ireland General,UK S4C
IRE: Ireland General,UK TG4
Israel,IL: HALA TV FHD
Israel,IL: ARUTZ 20 HD
Israel,IL: JUNIOR HD
Israel,IL: Yes Movies Action FHD
Israel,IL: HOT COMEDY CENTRAL HD
Israel,IL: HOT ENTERTAINMENT HD
Israel,IL: YES Sport 5 Stars HD
Israel,IL: YES Sport 5 Live HD
Israel,IL: YES Israeli Cinema
Israel,IL: Yes Travel Channel
Israel,IL: DISNEY CHANNEL HD
Israel,IL: TRAVEL CHANNEL HD
Israel,IL: YES Movies COMEDY
Israel,IL Hidabroot Channel
Israel,IL: HOT BOLLYWOOD HD
Israel,IL: HAGIGA MIZRAHIT
Israel,IL: HOT CINEMA 2 HD
Israel,IL: Knesset Channel
Israel,IL: NAT GEO WILD HD
Israel,IL: SPORT 5 GOLD HD
Israel,IL: SPORT 5 PLUS HD
Israel,IL: EXTREME SPORTS
Israel,IL: Health Channel
Israel,IL: CHANNEL 11 HD
Israel,IL: CHANNEL 12 HD
Israel,IL: CHANNEL 9 FHD
Israel,IL: DISCOVERY FHD
Israel,IL: Disney Junior
Israel,IL: HOT BOMBAY HD
Israel,IL: HOT FUN TV HD
Israel,IL: YES ACTION HD
Israel,IL: YES COMEDY HD
Israel,IL: FOOD CHANNEL
Israel,IL: Keshet 12 HD
Israel,IL: Reshet 13 HD
Israel,IL: YES Drama HD
Israel,IL: BABY TV FHD
Israel,IL: CBS REALITY
Israel,IL: FINE LIVING
Israel,IL: HOT GOLD HD
Israel,IL: HOT ZONE HD
Israel,IL: Kabbalah TV
Israel,IL: CHANNEL 13
Israel,IL: Channel 20
Israel,IL: Channel 21
Israel,IL: Channel 23
Israel,IL: HISTORY HD
Israel,IL: Hot Yaldut
Israel,IL: JIM JAM HD
Israel,IL: NAT GEO HD
Israel,IL: SPORT 1 HD
Israel,IL: SPORT 2 HD
Israel,IL: SPORT 3 HD
Israel,IL: SPORT 4 HD
Israel,IL: SPORT 5 HD
Israel,IL: YAM TIHONI
Israel,IL: Disney HD
Israel,IL: HOT LULLI
Israel,IL: MTV MUSIC
Israel,IL: VIVA PLUS
Israel,IL: Hidabrut
Israel,IL: HOT 3 HD
Israel,IL: HOT 8 HD
Israel,IL: HUMOR TV
Israel,IL: MAKAN HD
Israel,IL: MIKAN HD
Israel,IL: MUSIC 24
Israel,IL: ONE 1 HD
Israel,IL: ONE 2 HD
Israel,IL: SHOPPING
Israel,IL: YES 1 HD
Israel,IL: YES 2 HD
Israel,IL: YES 3 HD
Israel,IL: YES 5 HD
Israel,IL: YES DOCU
Israel,IL: KAN EDU
Israel,IL: NICK JR
Israel,IL: Reality
Israel,IL: YELADIM
Israel,IL: ZOOM TV
Israel,IL: HOME +
Israel,IL: HOT C4
Israel,IL: FOODY
Israel,IL: HERO!
Israel,IL: LOGI
Israel,IL: NICK
Israel,IL: VIVA
Israel,IL: E!
IT: Bambini,IT: Disney Junior
IT: Bambini,IT: Cartoonito
IT: Bambini,IT: Rai Gulp
IT: Bambini,IT: Rai Yoyo
IT: Bambini,IT: Baby TV
IT: Bambini,IT: NickJr
IT: Bambini,IT: Super!
IT: Bambini,IT: Boing
IT: Bambini,IT: k2
IT: Canale Italia,IT: Canale 2 Altamura
IT: Canale Italia,IT: Canale 21
IT: Canale Italia,IT: Canale 5
IT: Canale Italia,IT: Canale 7
IT: Cultura,IT: TVRS
IT: Cultura,IT: Tele Sondrio News HD
IT: Cultura,IT: TeleVideo Agrigento
IT: Cultura,IT: Alice & Marcopolo
IT: Cultura,IT: Discovery Channel
IT: Cultura,IT: Discovery Science
IT: Cultura,IT: Elive TV Brescia
IT: Cultura,IT: Super TV Brescia
IT: Cultura,IT: NAT GEO WILD HD
IT: Cultura,IT: CACCIA e Pesca
IT: Cultura,IT: TV7 Triveneta
IT: Cultura,IT: Aurora Arte
IT: Cultura,IT: Rete veneta
IT: Cultura,IT: RSI La 1 HD
IT: Cultura,IT: RSI La 2 HD
IT: Cultura,IT: TVA Vicenza
IT: Cultura,IT: Esperia TV
IT: Cultura,IT: Fishing TV
IT: Cultura,IT: NAT GEO HD
IT: Cultura,IT: Rai Storia
IT: Cultura,IT: Telechiara
IT: Cultura,IT: Carina TV
IT: Cultura,IT: Real Time
IT: Cultura,IT: Sophia TV
IT: Cultura,IT: Telecitta
IT: Cultura,IT: Icaro TV
IT: Cultura,IT: Orler TV
IT: Cultura,IT: Teleonda
IT: Cultura,IT: FRISBEE
IT: Cultura,IT: Nove Tv
IT: Cultura,IT: TV 2000
IT: Cultura,IT: Laeffe
IT: Cultura,IT: m2o TV
IT: Cultura,IT: Focus
IT: Cultura,IT: Spike
IT: Cultura,IT: Dmax
IT: Cultura,IT: RTTR
IT: Cultura,IT: QVC
IT: Cultura,IT: RTV
IT: Eagle Cinema VIP,IT: Eagle Cinema Mitologia HD
IT: Eagle Cinema VIP,IT: Eagle Le Fiabe Disney
IT: Intrattenimento,IT: Paramount Network
IT: Intrattenimento,IT: LAZIO Style FHD
IT: Intrattenimento,IT: Food Network
IT: Intrattenimento,IT: Sky Uno HD
IT: Intrattenimento,IT: Top Crime
IT: Intrattenimento,IT: LA7d FHD
IT: Intrattenimento,IT: History
IT: Intrattenimento,IT: FOX HD
IT: Intrattenimento,IT: Cielo
IT: Intrattenimento,IT: TV8
IT: Italy General,IT: PREMIUM CINEMA EMOTION FHD
IT: Italy General,IT: PREMIUM CINEMA ENERGY HD
IT: Italy General,IT: Uninettuno University TV
IT: Italy General,IT: Eagle Fiabe Magiche HD
IT: Italy General,IT: Senato Della Rupublica
IT: Italy General,IT: Sky Italia Sport 24 HD
IT: Italy General,IT: Premium Disney Junior
IT: Italy General,IT: TOP Crime Mediaset HD
IT: Italy General,IT: Discovery FRISBEE HD
IT: Italy General,IT: TRACE Sport Stars HD
IT: Italy General,IT: Antenna Tre Nordest
IT: Italy General,IT: PREMIUM CINEMA 2 HD
IT: Italy General,IT: History Channel HD
IT: Italy General,IT: Premium Action FHD
IT: Italy General,IT: Premium Cinema FHD
IT: Italy General,IT: RADIO ITALIA TV HD
IT: Italy General,IT: Sky Cinema +24 FHD
IT: Italy General,IT: Discovery NOVE HD
IT: Italy General,IT: Mediaset TGCOM 24
IT: Italy General,IT: Premium Comedy HD
IT: Italy General,IT: PREMIUM PARAMOUNT
IT: Italy General,IT: TELE MONTE NEVE 3
IT: Italy General,IT: LA 5 MEDIASET HD
IT: Italy General,IT: Sky Primafila HD
IT: Italy General,IT: Motor Trend FHD
IT: Italy General,IT: Primafila 18 HD
IT: Italy General,IT: SKY CALCIO 5 HD
IT: Italy General,IT: Sky Dazn Bar HD
IT: Italy General,IT: Sky Serie A FHD
IT: Italy General,IT: Mediaset Extra
IT: Italy General,IT: MTV CLASSIC HD
IT: Italy General,IT: Quarta Rete TV
IT: Italy General,IT: RADIO BRUNO TV
IT: Italy General,IT: Rete Biella TV
IT: Italy General,IT: RTV Sport 1 HD
IT: Italy General,IT: Sky NAT GEO HD
IT: Italy General,IT: Company TV HD
IT: Italy General,IT: Diretta TV HD
IT: Italy General,IT: Esperia TV 18
IT: Italy General,IT: Iris Mediaset
IT: Italy General,IT: MEDIASET IRIS
IT: Italy General,IT: Telecolore HD
IT: Italy General,IT: Teletricolore
IT: Italy General,IT: TV Yes Umbria
IT: Italy General,IT: VIDEO BRESCIA
IT: Italy General,IT: Canale 51 HD
IT: Italy General,IT: Italia 1 FHD
IT: Italy General,IT: RADIO M20 TV
IT: Italy General,IT: Skylantic HD
IT: Italy General,IT: Sport Italia
IT: Italy General,IT: Sport Seri A
IT: Italy General,IT: Super Tennis
IT: Italy General,IT: Unire Sat HD
IT: Italy General,IT: Italia 2 HD
IT: Italy General,IT: MTV 90'S HD
IT: Italy General,IT: Primocanale
IT: Italy General,IT: Rai Premium
IT: Italy General,IT: Sky UNO FHD
IT: Italy General,IT: TeleBari Tv
IT: Italy General,IT: Teleromagna
IT: Italy General,IT: TG Norba 24
IT: Italy General,IT: TvA Vicenza
IT: Italy General,IT: CAFE 24 HD
IT: Italy General,IT: Cine 34 HD
IT: Italy General,IT: LUCANIA TV
IT: Italy General,IT: RAI Italia
IT: Italy General,IT: Rai News24
IT: Italy General,IT: Rai Scuola
IT: Italy General,IT: RTV Reggio
IT: Italy General,IT: Sardegna 1
IT: Italy General,IT: Studio 100
IT: Italy General,IT: Telecupole
IT: Italy General,IT: Telefoggia
IT: Italy General,IT: Telepace 1
IT: Italy General,IT: Telepace 2
IT: Italy General,IT: Telepace 4
IT: Italy General,IT: Caccia HD
IT: Italy General,IT: Canale 10
IT: Italy General,IT: DMAX 1 HD
IT: Italy General,IT: Giallo HD
IT: Italy General,IT: Rai Movie
IT: Italy General,IT: Rete 4 Tv
IT: Italy General,IT: CANALE 2
IT: Italy General,IT: Canale 8
IT: Italy General,IT: Euronews
IT: Italy General,IT: Icaro TV
IT: Italy General,IT: MTV Hits
IT: Italy General,IT: Telecitt
IT: Italy General,IT: Telenord
IT: Italy General,IT: Tgcom 24
IT: Italy General,IT: Iris HD
IT: Italy General,IT: VERA TV
IT: Italy General,IT: M20 TV
IT: Italy General,IT: OndaTV
IT: Italy General,IT: Rai 2 
IT: Italy General,IT: la 7D
IT: Italy General,IT: Rai 1
IT: Italy General,IT: Rai 3
IT: Italy General,IT: Rai 4
IT: Italy General,IT: Rai 5
IT: Italy General,IT: La 5
IT: Italy General,IT: La 7
IT: Mediaset Premium,IT: Premium Cinema Energy
IT: Mediaset Premium,IT: ITALIA 2 MEDIASET HD
IT: Mediaset Premium,IT: Mediaset Italia 1
IT: Mediaset Premium,IT: Premium Crime HD
IT: Mediaset Premium,IT: Premium Stories
IT: Mediaset Premium,IT: Premium Action
IT: Mediaset Premium,IT: Mediaset 20
IT: Musica,IT: Radio Capital TV
IT: Musica,IT: RADIO ITALIA HD
IT: Musica,IT: RTL 102.5 TV
IT: Musica,IT: DEEJAY TV
IT: Musica,IT: Radio 51
IT: Musica,IT: RDS TV
IT: Musica,IT: VH1
IT: Sky Cinema,IT: Sky Cinema Collection
IT: Sky Cinema,IT: Sky Cinema Collection
IT: Sky Cinema,IT: Sky Cinema Due +24 HD
IT: Sky Cinema,IT: Sky Cinema Romance HD
IT: Sky Cinema,IT: SKY CINEMA UNO+24 HD
IT: Sky Cinema,IT: Sky Cinema Action
IT: Sky Cinema,IT: Sky Cinema Comedy
IT: Sky Cinema,IT: Sky Cinema Family
IT: Sky Cinema,IT: Sky Cinema Drama
IT: Sky Cinema,IT: Sky Cinema Due
IT: Sky Cinema,IT: Sky Cinema Uno
IT: Sky Cinema,IT: Sky Atlantic
IT: Sky Primafila,IT: SKY Primafila 10 HD
IT: Sky Primafila,IT: SKY Primafila 12 HD
IT: Sky Primafila,IT: SKY Primafila 13 HD
IT: Sky Primafila,IT: SKY Primafila 14 HD
IT: Sky Primafila,IT: SKY Primafila 15 HD
IT: Sky Primafila,IT: SKY Primafila 16 HD
IT: Sky Primafila,IT: SKY PrimaFila 2 HD
IT: Sky Primafila,IT: SKY Primafila 3 HD
IT: Sky Primafila,IT: SKY Primafila 4 HD
IT: Sky Primafila,IT: SKY Primafila 5 HD
IT: Sky Primafila,IT: SKY Primafila 6 HD
IT: Sky Primafila,IT: SKY Primafila 7 HD
IT: Sky Primafila,IT: SKY Primafila 8 HD
IT: Sky Primafila,IT: SKY Primafila 9 HD
IT: Sky Primafila,IT: Sky TG24 SD
IT: Sky Primafila,IT: Sky Arte
IT: Sky Sports,IT: Sky Sport Futboll
IT: Sky Sports,IT: Sky Sport Serie A
IT: Sky Sports,IT: Sky Calcio 2 FHD
IT: Sky Sports,IT: Sky Sport MotoGP
IT: Sky Sports,IT: Dazn Sport 1 HD
IT: Sky Sports,IT: Sky Sport Arena
IT: Sky Sports,IT: Sport Italia HD
IT: Sky Sports,IT: Eurosport 1 HD
IT: Sky Sports,IT: Eurosport 2 HD
IT: Sky Sports,IT: Rai Sport 1 HD
IT: Sky Sports,IT: RTV Sport 1 HD
IT: Sky Sports,IT: Inter Channel
IT: Sky Sports,IT: Sky Sport 254
IT: Sky Sports,IT: Sky Sport 255
IT: Sky Sports,IT: Sky Sport NBA
IT: Sky Sports,IT: Sky Sport Uno
IT: Sky Sports,IT: DAZN SPORT 2
IT: Sky Sports,IT: Sky Calcio 1
IT: Sky Sports,IT: Sky Calcio 3
IT: Sky Sports,IT: Sky Sport 24
IT: Sky Sports,IT: Sky Sport F1
IT: Sky Sports,IT: Super Tennis
IT: Sky Sports,IT: Rai Sport+
IT: Sky Sports,IT: DAZN 4
Kazakhistan,KZ: Perviy kanal Eurasia
Kazakhistan,KZ: Atameken Business
Kazakhistan,KZ: Setanta Sports
Kazakhistan,KZ: Almaty TV
Kazakhistan,KZ: Astana TV
Kazakhistan,KZ: Novoe TV
Kazakhistan,KZ: MTRK
Korea,KR: National Geographic Korea
Korea,KR: KBS World
Korea,KR: EBS 1 SD
Korea,KR: SBS Plus
Korea,KR: Arirang
Korea,KR: CTS
Korea,KR: EBS
Korea,KR: MBC
Korea,KR: MBN
Korea,KR: SBS
Korea,KR: TVN
Korea,KR: YTN
Kurdistan,KRD: MMN Classic Musical HD
Kurdistan,KRD: MMN RADIO TURKY HD
Kurdistan,KRD: GALI KURDISTAN TV
Kurdistan,KRD: KURD SAT NEWS HD
Kurdistan,KRD: NewMax Comedy HD
Kurdistan,KRD: KURDMAX SHOW HD
Kurdistan,KRD: Kurdmax Show HD
Kurdistan,KRD: News Channel TV
Kurdistan,KRD: Babylon TV FHD
Kurdistan,KRD: NewMax Kids HD
Kurdistan,KU: Documentary HD
Kurdistan,KU: Kurd Movies HD
Kurdistan,KRD: KURDISTAN 24
Kurdistan,KRD: KURDISTAN TV
Kurdistan,KRD: KURDSAT NEWS
Kurdistan,KRD: MMN Quran HD
Kurdistan,KRD: MMN SPORT HD
Kurdistan,KRD: Peshmarga HD
Kurdistan,KRD: VIN MUSIC HD
Kurdistan,KRD: ATV KURD HD
Kurdistan,KRD: MEDYA HABER
Kurdistan,KRD: MMN SHOW HD
Kurdistan,KRD: Ezidxan TV
Kurdistan,KRD: KURDMAX HD
Kurdistan,KRD: KURDSAT HD
Kurdistan,KRD: Shingal TV
Kurdistan,KRD: UTV HAWLER
Kurdistan,KRD: AMOZHGARY
Kurdistan,KRD: AVA Media
Kurdistan,KRD: IRAQ KURD
Kurdistan,KRD: JIN TV HD
Kurdistan,KRD: KIRKUK TV
Kurdistan,KRD: KURDISTAN
Kurdistan,KRD: MED MUZIk
Kurdistan,KRD: Minbij TV
Kurdistan,KRD: ROJAVA TV
Kurdistan,KRD: RONAHI TV
Kurdistan,KRD: SOZ TV HD
Kurdistan,KRD: TRT KURDI
Kurdistan,KRD: ZAGROS TV
Kurdistan,KRD: ARYEN TV
Kurdistan,KRD: Azadi TV
Kurdistan,KRD: Korek HD
Kurdistan,KRD: NEW LINE
Kurdistan,KRD: NIROJ TV
Kurdistan,KRD: NRT 3 HD
Kurdistan,KRD: NRT 4 HD
Kurdistan,KRD: PAYAM HD
Kurdistan,KRD: PAYAM HD
Kurdistan,KRD: RUDAW HD
Kurdistan,KRD: SAHAR TV
Kurdistan,KRD: SPEDA HD
Kurdistan,KRD: ZAROK TV
Kurdistan,KRD: ARTI TV
Kurdistan,KRD: BANGWAZ
Kurdistan,KRD: CIRA TV
Kurdistan,KRD: NOHADRA
Kurdistan,KRD: SIMA HD
Kurdistan,KRD: WAAR TV
Kurdistan,KRD: NET TV
Kurdistan,KRD: NRT HD
Kurdistan,KRD: Zed TV
Kurdistan,KRD: STERK
Kurdistan,KRD: WHYS
Latino 24/7,LA: 24/7 MIRACULOUS LAS AVENTURAS DE LADYBUG SERIE TEMPORADA 1 HD
Latino 24/7,LA: 24/7 LOS CABALLEROS DEL SODIACO SANTUARIO SERIE COMPLETA HD
Latino 24/7,LA: 24/7 THE BIG BANG THEORY SERIE COMPLETA TEMPORADA 7 - 12 HD
Latino 24/7,LA: 24/7 THE BIG BANG THEORY SERIE COMPLETA TEMPORADA 1 - 6 HD
Latino 24/7,LA: 24/7 LOONEY TUNES PLATINUM COLLECTION SERIE COMPLETA
Latino 24/7,LA: 24/7 EL SHOW DE LOS LOONEY TUNES SERIE COMPLETA HD
Latino 24/7,LA: 24/7 RICOCHET RABBIT Y DROOP A LONG SERIE COMPLETA
Latino 24/7,LA: LAS NUEVAS AVENTURAS DE HI-MAN SERIE COMPLETA 24/7
Latino 24/7,LA: QUE HAY DE NUEVO SCOOBY DOO SERIE COMPLETA HD 24/7
Latino 24/7,LA: 24/7 PADRE DE FAMILIA SERIE TEMPORADA 10 - 14 HD
Latino 24/7,LA: 24/7 BEN 10 FUERZA ALIENIGENA SERIE COMPLETA HD
Latino 24/7,LA: 24/7 EL SHOW DE LA PEQUEÑA LU LU SERIE COMPLETA
Latino 24/7,LA: 24/7 LA LEY DE MILO MURPHY SERIE TEMPORADA 1 HD
Latino 24/7,LA: 24/7 BATMAN LA SERIE ANIMADA SERIE COMPLETA HD
Latino 24/7,LA: PADRE DE FAMILIA SERIE TEMPORADA 1 - 9 HD 24/7
Latino 24/7,LA: 24/7 SCOOBY DOO DONDE ESTAS TU SERIE COMPLETA
Latino 24/7,LA: 24/7 PATOAVENTURAS 2017 SERIE TEMPORADA 1 HD
Latino 24/7,LA: 24/7 CORAJE EL PERRO COBARDE SERIE COMPLETA
Latino 24/7,LA: 24/7 DIGIMON ADVENTURE 01 SERIE COMPLETA HD
Latino 24/7,LA: 24/7 DON GATO Y SU PANDILLA SERIE COMPLETA
Latino 24/7,LA: 24/7 SOUTH PARK SERIE TEMPORADA 11 - 22 HD
Latino 24/7,LA: PINKI ELVIRA Y CEREBRO SERIE COMPLETA 24/7
Latino 24/7,LA: 24/7 SOUTH PARK SERIE TEMPORADA 1 - 10 HD
Latino 24/7,LA: Rapido y Furioso (Espias a todo gas) 27/7
Latino 24/7,LA: 24/7 DRAGON BALL SUPER SERIE COMPLETA HD
Latino 24/7,LA: 24/7 GASPARIN Y SUS AMGOS SERIE COMPLETA
Latino 24/7,LA: PHINEAS Y FERB SERIE TEMPORADA 1 HD 24/7
Latino 24/7,LA: 24/7 HALCONES GALACTICOS SERIE COMPLETA
Latino 24/7,LA: 24/7 PATO AVENTURAS 1987 SERIE COMPLETA
Latino 24/7,LA: 24/7 TRANSFORMERS ARMADA SERIE COMPLETA
Latino 24/7,LA: PEPPA PIG SERIE TEMPORADA 1 Y 2 HD 24/7
Latino 24/7,LA: Cantinflas Parte 1 (18 Peliculas) 27/7
Latino 24/7,LA: Capitan America y Los Planetarios 27/7
Latino 24/7,LA: He-Man y los Masters del Universo 27/7
Latino 24/7,LA: Super Campeones (Captain Tsubasa) 27/7
Latino 24/7,LA: 24/7 DRAGON BALL GT SERIE COMPLETA HD
Latino 24/7,LA: Transformers Mastersforce (1988) 27/7
Latino 24/7,LA: 24/7 GRAVITY FALLS SERIE COMPLETA HD
Latino 24/7,LA: 24/7 SONIC Y SU BANDA SERIE COMPLETA
Latino 24/7,LA: BOB SPONJA SERIE TEMPORADA 1 HD 24/7
Latino 24/7,LA: Hercules Los Viajes Legendarios 27/7
Latino 24/7,LA: 24/7 DUCK DODGERS SERIE COMPLETA HD
Latino 24/7,LA: 24/7 EL CONDE PATULA SERIE COMPLETA
Latino 24/7,LA: 24/7 LA PANTERA ROSA SERIE COMPLETA
Latino 24/7,LA: Dora y sus Amigos en la Ciudad 27/7
Latino 24/7,LA: El Bebe Jefazo Vuelta al Curro 27/7
Latino 24/7,LA: Hombres de Negro Serie Animada 27/7
Latino 24/7,LA: La Hormiga y el Oso Hormiguero 27/7
Latino 24/7,LA: Oxlack Investigador Paranormal 27/7
Latino 24/7,LA: 24/7 LOS PICAPIEDRA SERIE COMPLETA
Latino 24/7,LA: 24/7 MI BELLA GENIO SERIE COMPLETA
Latino 24/7,LA: 24/7 IRON MAN 1994 SERIE COMPLETA
Latino 24/7,LA: Dragon Ball (Vers Extendida) 27/7
Latino 24/7,LA: El Chavo del 8 Serie Animada 27/7
Latino 24/7,LA: Los Simpsons Noche de Brujas 27/7
Latino 24/7,LA: Saint Seiya Torneo Galactico 27/7
Latino 24/7,LA: She-Ra La Princesa del Poder 27/7
Latino 24/7,LA: El Reto de los Super Amigos 27/7
Latino 24/7,LA: Lo Que Callamos Las Mujeres 27/7
Latino 24/7,LA: Rugrats Aventura en Pañales 27/7
Latino 24/7,LA: 24/7 EL PAJARO LOCO TEMPORADA 1
Latino 24/7,LA: 24/7 FENOMENOIDE SERIE COMPLETA
Latino 24/7,LA: 24/7 HEY ARNORLD SERIE COMPLETA
Latino 24/7,LA: 24/7 THUNDERCATS SERIE COMPLETA
Latino 24/7,LA: Dragon Ball Z Los Saiyajin 27/7
Latino 24/7,LA: El Mundo De Beakman Temp 1 27/7
Latino 24/7,LA: El Mundo De Beakman Temp 2 27/7
Latino 24/7,LA: El Mundo De Beakman Temp 4 27/7
Latino 24/7,LA: El Principe del Rap Temp 1 27/7
Latino 24/7,LA: El Principe del Rap Temp 2 27/7
Latino 24/7,LA: El Principe del Rap Temp 3 27/7
Latino 24/7,LA: El Principe del Rap Temp 4 27/7
Latino 24/7,LA: El Principe del Rap Temp 5 27/7
Latino 24/7,LA: El Principe del Rap Temp 6 27/7
Latino 24/7,LA: Los Picapiedras (Pequeños) 27/7
Latino 24/7,LA: TOM Y JERRY SERIE COMPLETA 24/7
Latino 24/7,LA: 24/7 Caso Cerrado La Familia 3
Latino 24/7,LA: Caso Cerrado La Familia 1 27/7
Latino 24/7,LA: Caso Cerrado La Familia 2 27/7
Latino 24/7,LA: El Auto Fantastico (2008) 27/7
Latino 24/7,LA: Las Chicas Superpoderosas 27/7
Latino 24/7,LA: Los Castores Cascarrabias 27/7
Latino 24/7,LA: MALCOLM SERIE COMPLETA HD 24/7
Latino 24/7,LA: Mayday Catastrofes Aereas 27/7
Latino 24/7,LA: Padre de Familia Temp 1-5 27/7
Latino 24/7,LA: Xena La Princesa Guerrera 27/7
Latino 24/7,LA: 24/7 BEN 10 SERIE COMPLETA HD
Latino 24/7,LA: 24/7 STAR TREK SERIE COMPLETA
Latino 24/7,LA: Ataque a los Titanes SUB 27/7
Latino 24/7,LA: Ben Y Holly (Castellano) 27/7
Latino 24/7,LA: Caso Cerrado Inmigracion 27/7
Latino 24/7,LA: El Laboratorio de Dexter 27/7
Latino 24/7,LA: LaLiga del Dragon VHSRip 27/7
Latino 24/7,LA: Las Aventuras de Tin Tin 27/7
Latino 24/7,LA: Saint Seiya Las 12 Casas 27/7
Latino 24/7,LA: 24/7 RANMA SERIE COMPLETA HD
Latino 24/7,LA: Alienigenas Ancestrales 24/7
Latino 24/7,LA: Alienigenas Ancestrales 27/7
Latino 24/7,LA: Coraje el Perro Cobarde 24/7
Latino 24/7,LA: Coraje el Perro Cobarde 24/7
Latino 24/7,LA: Dragon Ball Z Majin Boo 27/7
Latino 24/7,LA: Gargolas Heroes Goticos 27/7
Latino 24/7,LA: La Casa de Mickey Mouse 27/7
Latino 24/7,LA: Los 7 Pecados Capitales 27/7
Latino 24/7,LA: Los Vengadores (Unidos) 27/7
Latino 24/7,LA: Pinguinos de Madagascar 27/7
Latino 24/7,LA: ROBOTECH SERIE COMPLETA 24/7
Latino 24/7,LA: 24/7 BIRDMAN SERIE COMPLETA
Latino 24/7,LA: 24/7 CABALLEROS DEL ZODIACO
Latino 24/7,LA: 24/7 MEGAMAN SERIE COMPLETA
Latino 24/7,LA: Don Gato y su Pandilla 27/7
Latino 24/7,LA: El Narrador de Cuentos 27/7
Latino 24/7,LA: El Pais de Donkey Kong 27/7
Latino 24/7,LA: La Casa de los Dibujos 27/7
Latino 24/7,LA: MacGiver (2016) Temp 1 27/7
Latino 24/7,LA: MacGiver (2016) Temp 2 27/7
Latino 24/7,LA: Malcolm el de en Medio 27/7
Latino 24/7,LA: 24/7 HI-MAN SERIE COMPLETA
Latino 24/7,LA: Dragon Ball Z Freezer 27/7
Latino 24/7,LA: Gasparin y sus Amigos 27/7
Latino 24/7,LA: Hannah Montana Temp 1 27/7
Latino 24/7,LA: Jackie Chan (Animada) 27/7
Latino 24/7,LA: Las Guerreras Magicas 27/7
Latino 24/7,LA: Los Años Maravillosos 27/7
Latino 24/7,LA: Los Magnificos Temp 1 27/7
Latino 24/7,LA: Los Magnificos Temp 2 27/7
Latino 24/7,LA: Los Simpsons Temp 1-5 27/7
Latino 24/7,LA: Mi Bella Genio Temp 1 27/7
Latino 24/7,LA: 24/7 El Principel del Rap
Latino 24/7,LA: Cantinflas (Animada) 27/7
Latino 24/7,LA: Contacto Extranormal 27/7
Latino 24/7,LA: El Chapulin Colorado 24/7
Latino 24/7,LA: ER Sala de Urgencias 27/7
Latino 24/7,LA: La Vaca y el Pollito 27/7
Latino 24/7,LA: Los Padrinos Magicos 27/7
Latino 24/7,LA: Saint Seiya Poseidon 27/7
Latino 24/7,LA: 24/7 XMEN SERIE COMPLETA
Latino 24/7,LA: Barney y sus Amigos 27/7
Latino 24/7,LA: Beast Wars Machines 27/7
Latino 24/7,LA: Capitan Cabernicola 27/7
Latino 24/7,LA: CSI Miami Temp 6-10 27/7
Latino 24/7,LA: Dora la Exploradora 27/7
Latino 24/7,LA: Exponiendo Infieles 27/7
Latino 24/7,LA: Halcones Galacticos 27/7
Latino 24/7,LA: South Park Temp 1-5 27/7
Latino 24/7,LA: Super Mario Bross 3 27/7
Latino 24/7,LA: The Big Bang Theory 24/7
Latino 24/7,LA: Una Familia de Diez 27/7
Latino 24/7,LA: 24/7 ALF SERIE COMPLETA
Latino 24/7,LA: Brickleberry (+15) 27/7
Latino 24/7,LA: CSI Miami Temp 1-5 27/7
Latino 24/7,LA: Dragon Ball Z Cell 27/7
Latino 24/7,LA: El Auto Fantastico 27/7
Latino 24/7,LA: La Doctora Juguete 27/7
Latino 24/7,LA: La Familia Meñique 27/7
Latino 24/7,LA: La Familia Peluche 27/7
Latino 24/7,LA: Las Pistas de Blue 27/7
Latino 24/7,LA: Las Tortugas Ninja 27/7
Latino 24/7,LA: Megaman NT Warrior 27/7
Latino 24/7,LA: Saint Seiya Asgard 27/7
Latino 24/7,LA: Sakura Card Captor 27/7
Latino 24/7,LA: 24/7 CHAPULIN COLORADO
Latino 24/7,LA: Angry Birds Toons 27/7
Latino 24/7,LA: Digimon Adventure 27/7
Latino 24/7,LA: Dragones de Berck 27/7
Latino 24/7,LA: Full House Temp 1 27/7
Latino 24/7,LA: Full House Temp 2 27/7
Latino 24/7,LA: La Que se Avecina 27/7
Latino 24/7,LA: Los Gatos Samurai 27/7
Latino 24/7,LA: Saint Seiya Hades 27/7
Latino 24/7,LA: 24/7 Two & a Half Men
Latino 24/7,LA: Donde esta Wally 27/7
Latino 24/7,LA: El Gallo Claudio 27/7
Latino 24/7,LA: Fabulas de Esopo 27/7
Latino 24/7,LA: Hechizada Temp 1 27/7
Latino 24/7,LA: Hechizada Temp 2 27/7
Latino 24/7,LA: Hechizada Temp 3 27/7
Latino 24/7,LA: Hechizada Temp 4 27/7
Latino 24/7,LA: Hechizada Temp 5 27/7
Latino 24/7,LA: Hechizada Temp 6 27/7
Latino 24/7,LA: Inspector Gadget 27/7
Latino 24/7,LA: La Niñera Temp 1 27/7
Latino 24/7,LA: Los Muppet Babys 27/7
Latino 24/7,LA: Los Simpsons FHD 27/7
Latino 24/7,LA: Los Supersonicos 27/7
Latino 24/7,LA: NCIS Los Angeles 27/7
Latino 24/7,LA: Tom Y Jerry Kids 27/7
Latino 24/7,LA: 24/7 Game of Thrones
Latino 24/7,LA: 24/7 Super Campeones
Latino 24/7,LA: Equipo Umizoomi 27/7
Latino 24/7,LA: La Pantera Rosa 27/7
Latino 24/7,LA: La Pequeña Lulu 27/7
Latino 24/7,LA: Los 3 Chiflados 24/7
Latino 24/7,LA: Los Picapiedras 27/7
Latino 24/7,LA: Pinky y Cerebro 27/7
Latino 24/7,LA: 24/7 Dragon Ball GT
Latino 24/7,LA: 24/7 El Pajaro Loco
Latino 24/7,LA: Autobus Magico 27/7
Latino 24/7,LA: Bubble Guppies 27/7
Latino 24/7,LA: Dragon Ball GT 27/7
Latino 24/7,LA: EL CHAVO DEL 8 24/7
Latino 24/7,LA: El Chavo del 8 27/7
Latino 24/7,LA: El Super Libro 27/7
Latino 24/7,LA: Friends Temp 1 27/7
Latino 24/7,LA: Friends Temp 2 27/7
Latino 24/7,LA: La Tonta Bruja 27/7
Latino 24/7,LA: Los Osos Gummi 27/7
Latino 24/7,LA: Los Picapiedra 24/7
Latino 24/7,LA: South Park FHD 27/7
Latino 24/7,LA: Timon & Pumbaa 27/7
Latino 24/7,LA: Vecinos Temp 1 27/7
Latino 24/7,LA: Vecinos Temp 2 27/7
Latino 24/7,LA: Vecinos Temp 3 27/7
Latino 24/7,LA: Vecinos Temp 4 27/7
Latino 24/7,LA: Vecinos Temp 5 27/7
Latino 24/7,LA: 24/7 Dragon Ball Z
Latino 24/7,LA: 24/7 One Punch Man
Latino 24/7,LA: Castle Temp 1 24/7
Latino 24/7,LA: Castle Temp 1 27/7
Latino 24/7,LA: Castle Temp 2 27/7
Latino 24/7,LA: Castle Temp 3 27/7
Latino 24/7,LA: Castle Temp 4 27/7
Latino 24/7,LA: Castle Temp 5 27/7
Latino 24/7,LA: Castle Temp 6 27/7
Latino 24/7,LA: Castle Temp 7 27/7
Latino 24/7,LA: El Agente Oso 27/7
Latino 24/7,LA: Generador Rex 27/7
Latino 24/7,LA: Gravity Falls 27/7
Latino 24/7,LA: Pato Aventura 27/7
Latino 24/7,LA: Pedro Infante 24/7
Latino 24/7,LA: Street Sharks 27/7
Latino 24/7,LA: 24/7 Looney Tunes
Latino 24/7,LA: 24/7 Los Simpsons
Latino 24/7,LA: El Oso Yogui 27/7
Latino 24/7,LA: Jhonny Bravo 27/7
Latino 24/7,LA: La Hora Pico 27/7
Latino 24/7,LA: Samurai Jack 27/7
Latino 24/7,LA: 24/7 Bob Esponja
Latino 24/7,LA: 24/7 Dinosaurios
Latino 24/7,LA: 24/7 DRAGON BALL
Latino 24/7,LA: 24/7 Tom y Jerry
Latino 24/7,LA: Beetlejuice 27/7
Latino 24/7,LA: Candy Candy 27/7
Latino 24/7,LA: Fenomenoide 27/7
Latino 24/7,LA: Laura Bozzo 27/7
Latino 24/7,LA: Los Pitufos 27/7
Latino 24/7,LA: Paradise PD 27/7
Latino 24/7,LA: Paso A Paso 27/7
Latino 24/7,LA: Paw Patroll 27/7
Latino 24/7,LA: Sailor Moon 27/7
Latino 24/7,LA: Tom Y Jerry 27/7
Latino 24/7,LA: Un Show Mas 27/7
Latino 24/7,LA: 24/7 CANTINFLAS
Latino 24/7,LA: 24/7 Chespirito
Latino 24/7,LA: 24/7 Hey Arnold
Latino 24/7,LA: 24/7 Infantiles
Latino 24/7,LA: 24/7 Scooby Doo
Latino 24/7,LA: 24/7 Smallville
Latino 24/7,LA: 24/7 South Park
Latino 24/7,LA: 24/7 TNT Series
Latino 24/7,LA: Animaniacs 27/7
Latino 24/7,LA: Beast Wars 27/7
Latino 24/7,LA: Heathcliff 27/7
Latino 24/7,LA: Hey Arnold 27/7
Latino 24/7,LA: Mr Pickles 27/7
Latino 24/7,LA: Scooby Doo 27/7
Latino 24/7,LA: 24/7 Samurai X
Latino 24/7,LA: Peppa Pig 27/7
Latino 24/7,LA: 24/7 Doraemon
Latino 24/7,LA: 24/7 MR. BEAN
Latino 24/7,LA: 24/7 Yu-Gi-Oh
Latino 24/7,LA: Futurama 27/7
Latino 24/7,LA: Garfield 27/7
Latino 24/7,LA: 24/7 POKEMON
Latino 24/7,LA: Aladino 27/7
Latino 24/7,LA: Automan 27/7
Latino 24/7,LA: Birdman 27/7
Latino 24/7,LA: Liveman 24/7
Latino 24/7,LA: Liveman 27/7
Latino 24/7,LA: Mr Bean 27/7
Latino 24/7,LA: Peppa Pig HD
Latino 24/7,LA: Sonic X 27/7
Latino 24/7,LA: 24/7 Naruto
Latino 24/7,LA: 24/7 SAKURA
Latino 24/7,LA: Gi Joe 27/7
Latino 24/7,LA: 24/7 RANMA
Latino 24/7,LA: ALF 27/7
Latino 24/7,LA: FBI 27/7
Latino All,LA: Concert Channel FHD
Latino All,LA: CHAPULIN COLORADO ANIMADO SERIE COMPLETA HD 24
Latino All,LA: Galavision Albuquerque Santa Fe HD
Latino All,LA: Religiosos Alfa Television
Latino All,LA: Canal De Las Estrellas HD
Latino All,LA: Guatemala - Canal Antigua
Latino All,LA: Guatemala - Guatevision
Latino All,LA: Investigation Discovery
Latino All,LA: Panama - RPC CANAL 4 HD
Latino All,LA: Starz Encore Western HD
Latino All,LA: Discovery CIVILIZATION
Latino All,LA: Religiosos 3ABN Latino
Latino All,LA: Starz Encore Action HD
Latino All,LA: Starz Kids & Family HD
Latino All,LA: Panama - Nex Canal 21
Latino All,LA: PANAMA - TELEMETRO 13
Latino All,LA: Paraguay - Telefuturo
Latino All,LA: Starz Encore Black HD
Latino All,LA: Discovery Channel HD
Latino All,LA: Discovery THEATER HD
Latino All,LA: Guatemala - Canal 11
Latino All,LA: Guatemala - Canal 13
Latino All,LA: Guatemala - Retro TV
Latino All,LA: Las Estrellas Europa
Latino All,LA: PARAMOUNT Channel HD
Latino All,LA: Starz Cinema East HD
Latino All,LA: Cine Infantil Sagas
Latino All,LA: Guatemala - Canal 3
Latino All,LA: Guatemala - Canal 7
Latino All,LA: Hermanas Mirabal TV
Latino All,LA: Smithsonian Channel
Latino All,LA: CARTOON NETWORK HD
Latino All,LA: Comedy Central FHD
Latino All,LA: FOX PREMIUM ACTION
Latino All,LA: FOX PREMIUM COMEDY
Latino All,LA: FOX PREMIUM Movies
Latino All,LA: FOX PREMIUM Series
Latino All,LA: History Channel HD
Latino All,LA: MILENIO TELEVISION
Latino All,LA: Showtime Beyond HD
Latino All,LA: Starz Edge West HD
Latino All,GT: Retro Music TV HD
Latino All,LA: ANIMAL PLANET FHD
Latino All,LA: Aruba - TELEARUBA
Latino All,LA: BBC ENTERTAINMENT
Latino All,LA: CANAL 13 Chile HD
Latino All,LA: Cinemax Action HD
Latino All,LA: Discovery FAMILIA
Latino All,LA: Discovery KIDS HD
Latino All,LA: Discovery Science
Latino All,LA: HBO Signature FHD
Latino All,LA: Religiosos Enlace
Latino All,LA: RTP INTERNACIONAL
Latino All,LA: Starz Cinema West
Latino All,LA: UNIVERSAL Channel
Latino All,LA: CABLENOTICIAS HD
Latino All,LA: De Pelicula Plus
Latino All,LA: Guatemala - TN23
Latino All,LA: NIVERSAL Channel
Latino All,LA: Showtime East HD
Latino All,LA: Showtime West HD
Latino All,LA: STUDIO UNIVERSAL
Latino All,LA: TIGO SPORTS 1 HD
Latino All,LA: TIGO SPORTS 3 HD
Latino All,LA: Azteca Honduras
Latino All,LA: Cinemax East HD
Latino All,LA: Discovery TURBO
Latino All,LA: Discovery World
Latino All,LA: LA VOZ DE MARIA
Latino All,LA: NAT GEO KIDS HD
Latino All,LA: nickelodeon FHD
Latino All,LA: SPORTS RED BULL
Latino All,LA: Starz Cinema HD
Latino All,LA: Starz Comedy HD
Latino All,LA: Starz Encore HD
Latino All,LA: Starz Family HD
Latino All,LA: 1000 x Hora TV
Latino All,LA: BBC World News
Latino All,LA: Cine Accion HD
Latino All,LA: Cine Comedia 2
Latino All,LA: Cine Marvel HD
Latino All,LA: Cine Nostalgia
Latino All,LA: Disney Channel
Latino All,LA: Estrella TV HD
Latino All,LA: GOLDEN PLUS HD
Latino All,LA: Paraguay - SNT
Latino All,LA: Starz Black HD
Latino All,LA: TNT Series HD*
Latino All,LA: Unimas ESTE HD
Latino All,LA: Bajo Techo TV
Latino All,LA: Cine Canal HD
Latino All,LA: Cinema 01 PPV
Latino All,LA: Cinema 03 PPV
Latino All,LA: Cinema 04 PPV
Latino All,LA: Cinema 05 PPV
Latino All,LA: Cinema 07 PPV
Latino All,LA: Cinema 08 PPV
Latino All,LA: Cinema 09 PPV
Latino All,LA: Cinema 10 PPV
Latino All,LA: Cinema 13 PPV
Latino All,LA: Cinema 14 PPV
Latino All,LA: Cinema 17 PPV
Latino All,LA: Cinema 18 PPV
Latino All,LA: Cinema 19 PPV
Latino All,LA: Cinema 20 PPV
Latino All,LA: Cinema 21 PPV
Latino All,LA: Cinema 27 PPV
Latino All,LA: Cinema 28 PPV
Latino All,LA: Cinema 33 PPV
Latino All,LA: Cinema 34 PPV
Latino All,LA: Cinema 35 PPV
Latino All,LA: Cinema 36 PPV
Latino All,LA: Cinema 37 PPV
Latino All,LA: Cinema 38 PPV
Latino All,LA: Discovery H&H
Latino All,LA: Discovery TLC
Latino All,LA: El Gourmet HD
Latino All,LA: FOX COMEDY HD
Latino All,LA: HBO FAMILY HD
Latino All,LA: LAS ESTRELLAS
Latino All,LA: Movie Plex HD
Latino All,LA: RD Telefuturo
Latino All,LA: Starz East HD
Latino All,LA: Starz West HD
Latino All,LA: Telecaribe HD
Latino All,LA: Teletica 7 HD
Latino All,LA: Atres Series
Latino All,LA: Cine Estelar
Latino All,LA: Cinemax West
Latino All,LA: Food Network
Latino All,LA: NAT GEO Wild
Latino All,LA: Nuestra Tele
Latino All,LA: PAN TV MAX 9
Latino All,LA: Pasiones FHD
Latino All,LA: RetroPlex HD
Latino All,LA: Sony Channel
Latino All,LA: VTV Canal 35
Latino All,LA: Canal 13 HD
Latino All,LA: CINE LATINO
Latino All,LA: CNN Espanol
Latino All,LA: Eurochannel
Latino All,LA: Fox Life HD
Latino All,LA: GOLDEN EDGE
Latino All,LA: HBO East HD
Latino All,LA: HBO West HD
Latino All,LA: MTV Hits HD
Latino All,LA: MULTIMEDIOS
Latino All,LA: Nick Junior
Latino All,LA: REPRETEL 11
Latino All,LA: SAL CANAL 2
Latino All,LA: Showtime HD
Latino All,LA: SV TCS PLUS
Latino All,LA: Warner Bros
Latino All,Latin Estudio 5
Latino All,GT: Canal 3 HD
Latino All,LA: ACTION MAX
Latino All,LA: BABY FIRST
Latino All,LA: BENFICA FC
Latino All,LA: Canal 5 HD
Latino All,LA: Canal Once
Latino All,LA: Cinemax HD
Latino All,LA: Fox Action
Latino All,LA: HOLA TV HD
Latino All,LA: MoreMax HD
Latino All,LA: Onda TV 10
Latino All,LA: REPRETEL 4
Latino All,LA: Repretel 6
Latino All,LA: SuperTV 55
Latino All,LA: SV Canal 6
Latino All,LA: TELECENTRO
Latino All,LA Baby TV HD
Latino All,LA: BBC WORLD
Latino All,LA: Boomerang
Latino All,LA: CANAL A+V
Latino All,LA: Cantinazo
Latino All,LA: Disney JR
Latino All,LA: Disney XD
Latino All,LA: El Tiempo
Latino All,LA: ENLACE TV
Latino All,LA: FPTV-SICI
Latino All,LA: MEXIQUICE
Latino All,LA: NICK 2 HD
Latino All,LA: NickToons
Latino All,LA: PAN RPC 4
Latino All,LA: PE LATINA
Latino All,LA: Romana TV
Latino All,LA: SEMBRADOR
Latino All,LA: Tarima TV
Latino All,LA: Telemicro
Latino All,LA: TLnovelas
Latino All,LA: Bandamax
Latino All,LA: CANAL 10
Latino All,LA: Canal 19
Latino All,LA: Canal 21
Latino All,LA: Canal 26
Latino All,LA: EXTRA TV
Latino All,LA: Fox News
Latino All,LA: GLITZ HD
Latino All,LA: HBO 2 HD
Latino All,LA: LIFETIME
Latino All,LA: Mas Chic
Latino All,LA: Space HD
Latino All,LA: Starz HD
Latino All,LA: TOONCAST
Latino All,LA: TV MAX 9
Latino All,LA: Unicable
Latino All,LA: UNIVERSO
Latino All,LA: AMC FHD
Latino All,LA: AXN FHD
Latino All,LA: CANAL 2
Latino All,LA: CANAL 4
Latino All,LA: CANAL 6
Latino All,LA: CARACOL
Latino All,LA: City TV
Latino All,LA: CNN INT
Latino All,LA: Foro TV
Latino All,LA: HBO POP
Latino All,LA: NAT GEO
Latino All,LA: TELEHIT
Latino All,LA: A&E HD
Latino All,LA: ADN 40
Latino All,LA: AME 47
Latino All,LA: CBS PR
Latino All,LA: HBO HD
Latino All,LA: HECHOS
Latino All,LA: RECORD
Latino All,LA: TNT HD
Latino All,LA: TV MAS
Latino All,LA: TVG HD
Latino All,LA: Wow TV
Latino All,LA: beINE
Latino All,LA: I-SAT
Latino All,LA: TruTV
Latino All,LA E! HD
Latino All,LA: RBTI
Latino All,LA: SYFY
Latino All,LA: Tr3s
Latino All,LA: C5N
Latino All,LA: ETC
Latino All,LA: FXM
Latino All,LA: HTV
Latino All,LA: RNN
Latino All,LA: TBS
Latino All,LA: TCM
Latino All,LA: TVE
Latino All,LA VH1
Latino All,LA: FX
Latino All,LA: H2
Latino Sports,Latin beIN SPORTS en Espanol
Latino Sports,Latin DIRECTV SPORTS PLUS
Latino Sports,LA: Liga De Campeones
Latino Sports,LA: DIRECTV SPORTS 2
Latino Sports,LA: EC DIRECTV SPORT
Latino Sports,Latin WinSports Plus
Latino Sports,LA: Claro Sports HD
Latino Sports,LA: FOX SPORTS 2 HD
Latino Sports,LA: FOX SPORTS 3 HD
Latino Sports,USA Latin TUDN X10*
Latino Sports,LA: Claro Sports 2
Latino Sports,LA: DIRECTV SPORTS
Latino Sports,LA: GOL TV ESPANOL
Latino Sports,USA Latin TUDN X2*
Latino Sports,USA Latin TUDN X3*
Latino Sports,USA Latin TUDN X4*
Latino Sports,USA Latin TUDN X5*
Latino Sports,USA Latin TUDN X6*
Latino Sports,USA Latin TUDN X7*
Latino Sports,USA Latin TUDN X8*
Latino Sports,USA Latin TUDN X9*
Latino Sports,LA: beIN Sports Ñ
Latino Sports,LA: ESPN DEPORTES
Latino Sports,LA: TYC SPORTS HD
Latino Sports,LA: WIN SPORTS HD
Latino Sports,Latin Sportowa TV
Latino Sports,Latin Winsports 3
Latino Sports,MX: Garage TV FHD
Latino Sports,USA Latin TUDN X1
Latino Sports,CL: TNT Sports 2
Latino Sports,ES: BARCA TV FHD
Latino Sports,LA: TUDN XTRA 11
Latino Sports,LA: DirectvSP 1
Latino Sports,LA: GOLTV LATIN
Latino Sports,ES: #VAMOS FHD
Latino Sports,LA: FOX SPORTS
Latino Sports,LA: TNT SPORTS
Latino Sports,USA Latin TUDN
Latino Sports,LA ESPN PLUS
Latino Sports,LA: TUDN X10
Latino Sports,LA: TUDN X1
Latino Sports,LA: TUDN X2
Latino Sports,LA: TUDN X4
Latino Sports,LA: TUDN X5
Latino Sports,LA: TUDN X6
Latino Sports,LA: TUDN X8
Latino Sports,LA: DAZN 1
Latino Sports,LA: ESPN 2
Latino Sports,LA: ESPN 3
Latino Sports,LA: ESPN 
Macedonia,MK: Cinestar Premiere 1 HD
Macedonia,MK: CINESTAR PREMIERE 2 HD
Macedonia,MK: IN Avstralija TV HD
Macedonia,MK: Makedonia TV HD
Macedonia,MK: MRT Sobraniski
Macedonia,MK: Travel Channel
Macedonia,MK: VIASAT History
Macedonia,MK: ANIMAL PLANET
Macedonia,MK: Folk Music HD
Macedonia,MK: KTV KAVADARCI
Macedonia,MK: HUGO TV 1 HD
Macedonia,MK: IRIS TV STIP
Macedonia,MK: RT Kavadarci
Macedonia,MK: 21 Maqedoni
Macedonia,MK: 24 Vesti HD
Macedonia,MK: Leskovac TV
Macedonia,MK: Sky Folk HD
Macedonia,MK: Sportska TV
Macedonia,MK: TV Kumanovo
Macedonia,MK: Kanal 5 HD
Macedonia,MK: Hugo 2 HD
Macedonia,MK: MTV Igman
Macedonia,MK: Shenja Tv
Macedonia,MK: Cineplex
Macedonia,MK: FOX Life
Macedonia,MK: HBO 2 HD
Macedonia,MK: HBO 3 HD
Macedonia,MK: KANAL 5+
Macedonia,MK: MPT 1 HD
Macedonia,MK: MPT 2 HD
Macedonia,MK: Sutel TV
Macedonia,MK: Telma HD
Macedonia,MK: TV Sonce
Macedonia,MK: Alfa HD
Macedonia,MK: Alsat M
Macedonia,MK: HUGO H3
Macedonia,MK: KANAL 8
Macedonia,MK: Koha Tv
Macedonia,MK: M1 FILM
Macedonia,MK: M1 GOLD
Macedonia,MK: SITEL 1
Macedonia,MK: Sitel 2
Macedonia,MK: TV 1000
Macedonia,MK: BITOLA
Macedonia,MK: ERA TV
Macedonia,MK: HBO HD
Macedonia,MK: MPT 3
Macedonia,MK: Klan
Macedonia,MK: TV +
Macedonia,MK: EDO
Macedonia,MK: MTM
Macedonia,MK: TLC
Malaysia,MY LIVE Astro SuperSport Events 1 HD
Malaysia,MY LIVE Astro SuperSport Events 2 HD
Malaysia,MY LIVE Astro SuperSport Events 3 HD
Malaysia,MY LIVE Astro SuperSport Events 4 HD
Malaysia,MY LIVE Astro SuperSport Events 5 HD
Malaysia,MY LIVE Astro SuperSport Events 6 HD
Malaysia,MY ABO Movies Thangathirai HD
Malaysia,MY Arabic Radio & TV Variety
Malaysia,MY Crime Investigation HD
Malaysia,MY Astro ASTRO CRICKET
Malaysia,MY Astro Supersport 2
Malaysia,MY Astro Supersport 3
Malaysia,MY Astro Supersport 4
Malaysia,MY: Channel News Asia
Malaysia,MY Astro Vellithirai
Malaysia,MY BBC WORLD NEWS HD
Malaysia,MY Channel News Asia
Malaysia,MY Fox Action Movies
Malaysia,MY Fox Family Movies
Malaysia,MY ANIMAL PLANET HD
Malaysia,MY Astro Supersport
Malaysia,MY FOX SPORTS 2 HD
Malaysia,MY FOX SPORTS 3 HD
Malaysia,MY GOLF CHANNEL HD
Malaysia,MY NHK World Japan
Malaysia,MY Phoenix News HD
Malaysia,MY Aljazeera Asia
Malaysia,MY Astro Citra HD
Malaysia,MY Astro WARNA HD
Malaysia,MY Comedy Central
Malaysia,MY HUA HEE DAI HD
Malaysia,MY Nat Geo People
Malaysia,MY SHUANG XING HD
Malaysia,MY ABC Australia
Malaysia,MY ASTRO CRICKET
Malaysia,MY Astro Oh!K HD
Malaysia,MY DISNEY JUNIOR
Malaysia,MY FOX SPORTS HD
Malaysia,MY STAR VIJAY HD
Malaysia,MY TUTOR TV UPSR
Malaysia,MY Astro RIA HD
Malaysia,MY BBC Cbeebies
Malaysia,MY BLOOMBERG TV
Malaysia,MY CARTOON NTWK
Malaysia,MY CELESTIAL HD
Malaysia,MY Cinema World
Malaysia,MY Colors Tamil
Malaysia,MY DISCOVERY HD
Malaysia,MY EUROSPORT HD
Malaysia,MY FOOD NTWK HD
Malaysia,MY Nat Geo Asia
Malaysia,MY TUTOR TV PT3
Malaysia,MY TUTOR TV SPM
Malaysia,MY: TVB XING HE
Malaysia,MY: WWE NETWORK
Malaysia,MY Astro AWANI
Malaysia,MY Astro Ceria
Malaysia,MY ASTRO RANIA
Malaysia,MY beIN SPORTS
Malaysia,MY BOLLYONE HD
Malaysia,MY DISC SCI HD
Malaysia,MY eGG Network
Malaysia,MY FRANCE24 HD
Malaysia,MY Hits Movies
Malaysia,MY NICKELODEON
Malaysia,MY QUAN JIA HD
Malaysia,MY TV ALHIJRAH
Malaysia,MY TVB CLASSIC
Malaysia,MY: TVN Movies
Malaysia,MY: Zee Cinema
Malaysia,MY ANIPLUS HD
Malaysia,MY AOD HD 363
Malaysia,MY ASTRO AURA
Malaysia,MY Fox Movies
Malaysia,MY Phoenix HD
Malaysia,MY RUGBY PASS
Malaysia,MY SCM Legend
Malaysia,MY TVB E-NEWS
Malaysia,MY: TVBS ASIA
Malaysia,MY: TVBS News
Malaysia,MY: WARNER TV
Malaysia,MY BBC Earth
Malaysia,MY Boomerang
Malaysia,MY CHUTTI TV
Malaysia,MY COLORS HD
Malaysia,MY GO SHOP 2
Malaysia,MY GO SHOP 3
Malaysia,MY GO Shop 4
Malaysia,MY MAKKAL TV
Malaysia,MY NickJR HD
Malaysia,MY SUN MUSIC
Malaysia,MY SUN TV HD
Malaysia,MY ARENA HD
Malaysia,MY bEIN MAX
Malaysia,MY CTI ASIA
Malaysia,MY Fox Life
Malaysia,MY iQIYI HD
Malaysia,MY KPLUS HD
Malaysia,MY MTV Asia
Malaysia,MY OASIS HD
Malaysia,MY PRIMA HD
Malaysia,MY TVB JADE
Malaysia,MY ADITHYA
Malaysia,MY AOD 351
Malaysia,MY AOD 352
Malaysia,MY AOD 353
Malaysia,MY AOD 362
Malaysia,MY DMAX HD
Malaysia,MY GO SHOP
Malaysia,MY HBO RED
Malaysia,MY HGTV HD
Malaysia,MY HITS HD
Malaysia,MY KBSW HD
Malaysia,MY Nat Geo
Malaysia,MY TA-DAA!
Malaysia,MY TV OKEY
Malaysia,MY: Zee TV
Malaysia,MY Animax
Malaysia,MY AXN HD
Malaysia,MY BOO HD
Malaysia,MY CNA HD
Malaysia,MY CNN HD
Malaysia,MY HBO HD
Malaysia,MY ONE HD
Malaysia,MY TLC HD
Malaysia,MY CCTV4
Malaysia,MY DW HD
Malaysia,MY HELLO
Malaysia,MY CGTN
Malaysia,MY CNBC
Malaysia,MY NTV7
Malaysia,MY: TVN
Malaysia,MY 8TV
Malaysia,MY AFC
Malaysia,MY BNC
Malaysia,MY CCM
Malaysia,MY FOX
Malaysia,MY MTV
Malaysia,MY SCM
Malaysia,MY TV3
Malaysia,MY TV8
Malaysia,MY TV9
Malta,MT: SMASH 7 NEWS
Malta,MT: SMASH FOOD
Malta,MT: TVM 1 HD
Malta,MT: TVM 2 HD
Malta,MT: ONE TV
Malta,MT: TVM HD
Mexico,MX: Adrenalina Sports Network HD
Mexico,MX: ILCE Canal 15 Summa Saberes
Mexico,MX: Investigation Discovery FHD
Mexico,MX: Canal de las Estrellas FHD
Mexico,MX: Canal 22 Internacional
Mexico,MX: María+Visión Italia HD
Mexico,MX: CNN International FHD
Mexico,MX: Discovery Channel FHD
Mexico,MX: Discovery Science FHD
Mexico,MX: Discovery Theater FHD
Mexico,MX: Paramount Channel FHD
Mexico,MX: De Pelicula Plus FHD
Mexico,MX: Distrito Comedia FHD
Mexico,MX: Formula Noticias FHD
Mexico,MX: Multimedios Plus FHD
Mexico,MX: Cartoon Network FHD
Mexico,MX: Discovery Turbo FHD
Mexico,MX: Discovery World FHD
Mexico,MX: Studio Universal HD
Mexico,MX: Televisa Pueblo FHD
Mexico,MX: Azteca Deportes HD
Mexico,MX: BBC World News FHD
Mexico,MX: Canal Judicial FHD
Mexico,MX: Comedy Central FHD
Mexico,MX: Discovery Kids FHD
Mexico,MX: Disney Channel FHD
Mexico,MX: TP AFORE AZTECA HD
Mexico,MX: ANIMAL PLANET FHD
Mexico,MX: Discovery H&H FHD
Mexico,MX: Discovery TLC FHD
Mexico,MX: Europa Europa FHD
Mexico,MX: GOLDEN PREMIER HD
Mexico,MX: Universal Channel
Mexico,MX: Bloomberg B1 FHD
Mexico,MX: Excelsior TV FHD
Mexico,MX: Food Network FHD
Mexico,MX: FOX SPORTS 2 FHD
Mexico,MX: FOX SPORTS 3 FHD
Mexico,MX: NAT GEO Kids FHD
Mexico,MX: NAT GEO Wild FHD
Mexico,MX: SEC Network FHD*
Mexico,MX: Sony Channel FHD
Mexico,MX: Telehit Plus FHD
Mexico,MX: TV Méxiquense HD
Mexico,MX: Canal 10 Cancún
Mexico,MX: De Pelicula FHD
Mexico,MX: Film & Arts FHD
Mexico,MX: Fox Sports 1 HD
Mexico,MX: FOX SPORTS 2 HD
Mexico,MX: Fox Sports 3 HD
Mexico,MX: Golden Edge FHD
Mexico,MX: Golden Plus FHD
Mexico,MX: María+Visión HD
Mexico,MX: Multimedios FHD
Mexico,MX: Nick Junior FHD
Mexico,MX: nickelodeon FHD
Mexico,MX: Al Jazeera FHD
Mexico,MX: AYM Sports FHD
Mexico,MX: AZ Corazon FHD
Mexico,MX: CANAL Once FHD
Mexico,MX: CNN en Español
Mexico,MX: El Gourmet FHD
Mexico,MX: Milenio TV FHD
Mexico,MX: TNT Series FHD
Mexico,MX: AZ Cinema FHD
Mexico,MX: Bloomberg FHD
Mexico,MX: Boomerang FHD
Mexico,MX: CANAL 109 FHD
Mexico,MX: CANAL 113 FHD
Mexico,MX: Cinecanal FHD
Mexico,MX: Disney Jr FHD
Mexico,MX: Disney XD FHD
Mexico,MX: Fox Action HD
Mexico,MX: Fox Movies HD
Mexico,MX: Fox Series HD
Mexico,MX: Las Estrellas
Mexico,MX Francia 24 HD
Mexico,MX: A3 Series HD
Mexico,MX: Antena 3 FHD
Mexico,MX: AZTECA 1 FHD
Mexico,MX: AZTECA 7 FHD
Mexico,MX: AZTECA Mundo
Mexico,MX: Bandamax FHD
Mexico,MX: ESPN NETWORK
Mexico,MX: ESPN Plus HD
Mexico,MX: FOX CLASSICS
Mexico,MX: Fox Life FHD
Mexico,MX: Fox News FHD
Mexico,MX: France 24 HD
Mexico,MX: Lifetime FHD
Mexico,MX: Mas Chic FHD
Mexico,MX: MTV Hits FHD
Mexico,MX: MTV Live FHD
Mexico,MX: NBC Golf FHD
Mexico,MX: Quiero TV HD
Mexico,MX: Star Channel
Mexico,MX: Star TVE FHD
Mexico,MX: Tooncast FHD
Mexico,MX: TVC Deportes
Mexico,MX: Unicable FHD
Mexico,MX: Baby TV FHD
Mexico,MX: Canal 26 HD
Mexico,MX: Canal 4 FHD
Mexico,MX: Canal 5 FHD
Mexico,MX: Canal 8 FHD
Mexico,MX: Cinemax FHD
Mexico,MX: CNN ESPANOL
Mexico,MX: Foro TV FHD
Mexico,MX: History FHD
Mexico,MX: Hola TV FHD
Mexico,MX: MONTE MARIA
Mexico,MX: NAT GEO FHD
Mexico,MX: Teleformula
Mexico,MX: TV5 FRANCIA
Mexico,MX: ADN 40 FHD
Mexico,MX: Baby First
Mexico,MX: FORMULA TV
Mexico,MX: Fox Cinema
Mexico,MX: FOX SPORTS
Mexico,MX: Fuel TV HD
Mexico,MX: Golden FHD
Mexico,MX: Ingenio TV
Mexico,MX: Mexiquense
Mexico,MX: MTV 80s HD
Mexico,MX: Nick 2 FHD
Mexico,MX: Tl Novelas
Mexico,MX: Tru TV FHD
Mexico,MX: TV Mas FHD
Mexico,MX: ESPN 2 HD
Mexico,MX: ESPN U HD
Mexico,MX: Glitz FHD
Mexico,MX: Imagen TV
Mexico,MX: Morbid TV
Mexico,MX: NTN24 FHD
Mexico,MX: She TV HD
Mexico,MX: Space FHD
Mexico,MX: Teleritmo
Mexico,MX: TVO D FHD
Mexico,MX: Warner HD
Mexico,MX: BitMe HD
Mexico,MX: CANAL470
Mexico,MX: Isat FHD
Mexico,MX: NU9VE HD
Mexico,MX: SYFY FHD
Mexico,MX: TELEVISA
Mexico,MX: TUDN FHD
Mexico,MX: Wobi FHD
Mexico,MX: A&E FHD
Mexico,MX: A3 Cine
Mexico,MX: AMC FHD
Mexico,MX: AXN FHD
Mexico,MX: Az Clic
Mexico,MX: GOLF CH
Mexico,MX: HLN FHD
Mexico,MX: MTV FHD
Mexico,MX: RMS FHD
Mexico,MX: TBS FHD
Mexico,MX: TCM FHD
Mexico,MX: TDN FHD
Mexico,MX: Telehit
Mexico,MX: TLR FHD
Mexico,MX: TNT FHD
Mexico,MX: TVE FHD
Mexico,MX: TVO FHD
Mexico,MX: VH1 FHD
Mexico,MX: A Plus
Mexico,MX: DW FHD
Mexico,MX: E! FHD
Mexico,MX: ESPN 3
Mexico,MX: RCG TV
Mexico,MX: TLC HD
Mexico,MX: FX HD
Mexico,MX: EWTN
Mexico,MX: FXM
Mexico,MX: TRL
Mexico,MX: TVC
Netherland,NL: Investigation Discovery
Netherland,NL: National Geographic HD
Netherland,NL: Ziggo Sport Select FHD
Netherland,NL: REDBOX NIEUWE FILMS
Netherland,NL: Ziggo Sport Voetbal
Netherland,NL: Film1 Premiere FHD
Netherland,NL: Horse & Country TV
Netherland,NL: Veronica Disney XD
Netherland,NL: Ziggo Sport Racing
Netherland,NL: Discovery Channel
Netherland,NL: Discovery Science
Netherland,NL: Omroep Gelderland
Netherland,NL: REDBOX ANIMATIE 1
Netherland,NL: REDBOX ANIMATIE 2
Netherland,NL: REDBOX ANIMATIE 3
Netherland,NL: REDBOX TEKEN FILM
Netherland,NL: REDBOX THRILLER 1
Netherland,NL: REDBOX THRILLER 2
Netherland,NL: REDBOX THRILLER 3
Netherland,NL: Travel Channel HD
Netherland,NL: E! Entertainment
Netherland,NL: Nat Geo Wild FHD
Netherland,NL: Omroep Flevoland
Netherland,NL: REDBOX KOMEDIE 1
Netherland,NL: ZIGGO Sport Docu
Netherland,NL: Cartoon Network
Netherland,NL: Discovery World
Netherland,NL: Eurosport 1 FHD
Netherland,NL: Eurosport 2 FHD
Netherland,NL: REDBOX HORROR 1
Netherland,NL: REDBOX HORROR 2
Netherland,NL: REDBOX sci-fi 1
Netherland,NL: REDBOX sci-fi 2
Netherland,NL: Stingray LiteTV
Netherland,NL: Comedy Central
Netherland,NL: Disney Channel
Netherland,NL: Extreme Sports
Netherland,NL: Omroep Brabant
Netherland,NL: Omroep Fryslan
Netherland,NL: Omroep Zeeland
Netherland,NL: REDBOX ACTIE 1
Netherland,NL: REDBOX ACTIE 2
Netherland,NL: REDBOX ACTIE 3
Netherland,NL: REDBOX CONCERT
Netherland,NL: REDBOX DRAMA 1
Netherland,NL: REDBOX DRAMA 2
Netherland,NL: Ziggo Golf FHD
Netherland,NL: Animal Planet
Netherland,NL: Film 1 Family
Netherland,NL: NPO Zapp Xtra
Netherland,NL : FOX Channel
Netherland,NL: BBC FIRST HD
Netherland,NL: Film 1 Drama
Netherland,NL: Film1 Action
Netherland,NL: MTV Music 24
Netherland,NL: NPO Politiek
Netherland,NL: RTL Telekids
Netherland,NL: Ziggo Extra1
Netherland,NL: Nickelodeon
Netherland,NL: NPO 1 EXTRA
Netherland,NL: NPO 2 EXTRA
Netherland,NL: RTV DRENTHE
Netherland,NL: RTV Utrecht
Netherland,NL: VH1 CLASSIC
Netherland,NL: ViceLand HD
Netherland,NL: 100% NL TV
Netherland,NL: 24 Kitchen
Netherland,NL: Nick Music
Netherland,NL: NPO NIEUWS
Netherland,NL: RTL lounge
Netherland,NL: Boomerang
Netherland,NL: ESPN 1 HD
Netherland,NL: ESPN 2 HD
Netherland,NL: Ketnet HD
Netherland,NL: Net 5 FHD
Netherland,NL: Nicktoons
Netherland,NL: RTL 8 FHD
Netherland,NL: RTL Crime
Netherland,NL: RTV Noord
Netherland,NL: TV Oranje
Netherland,NL: Djazz TV
Netherland,NL: RTV OOST
Netherland,NL: SBS6 FHD
Netherland,NL: Spike HD
Netherland,NL: Baby TV
Netherland,NL: Duck TV
Netherland,NL: History
Netherland,NL: Nick Jr
Netherland,NL: RTL8 HD
Netherland,NL: TV Oost
Netherland,NL: XITE HD
Netherland,NL: 192 TV
Netherland,NL: AT5 HD
Netherland,NL: ESPN 3
Netherland,NL: ESPN 4
Netherland,NL: HBO HD
Netherland,NL: JimJam
Netherland,NL: MTV HD
Netherland,NL: HBO 2
Netherland,NL: HBO 3
Netherland,NL: NPO 1
Netherland,NL: NPO 2
Netherland,NL: NPO 3
Netherland,NL: RTL 4
Netherland,NL: RTL 5
Netherland,NL: RTL 7
Netherland,NL: RTL Z
Netherland,NL: RTV 7
Netherland,NL: SBS 9
Netherland,NL: TV538
Netherland,NL: Slam
Netherland,NL: BVN
Netherland,NL: TLC
Nicaragua,NI: Canal 10
Nicaragua,NI: CANAL 13
Nicaragua,NI: CANAL 14
Nicaragua,NI: Canal 2
Nicaragua,NI: Canal 6
Nicaragua,NI: CANAL 8
Norway,NO: FEM HD
Norway,NO: Investigation Discovery HD
Norway,NO: TV2 NYHETS KANALEN HD
Norway,NO: Discovery Channel HD
Norway,NO: EUROSPORT Pluss 2 HD
Norway,NO: TV2 Sport Premium HD
Norway,NO: Viasat Film Premiere
Norway,NO: TV Visjon Norge FHD
Norway,NO: Cartoon Network HD
Norway,NO: History Channel HD
Norway,NO: TV 2 SPORT PREMIUM
Norway,NO: Viasat Film Family
Norway,NO: ANIMAL PLANET FHD
Norway,NO: Discovery Science
Norway,NO: EUROSPORT Pluss 1
Norway,NO: Viasat Series FHD
Norway,NO: VIASAT SPORT 1 HD
Norway,NO EUROSPORT Pluss 4
Norway,NO: C More First FHD
Norway,NO: C More Series HD
Norway,NO: NAT GEO Wild FHD
Norway,NO: VIASAT HOCKEY HD
Norway,NO: C More Hits FHD
Norway,NO: Discovery World
Norway,NO: EUROSPORT 1 FHD
Norway,NO: Hope Channel HD
Norway,NO: NRK3 / SUPER HD
Norway,NO: TV2 bornholm HD
Norway,NO: TV2 LIVSSTIL HD
Norway,NO: VIASAT EXPLORER
Norway,NO: Viasat Motor HD
Norway,NO: COMEDY CENTRAL
Norway,NO: Disney Channel
Norway,NO: EUROSPORT 2 HD
Norway,NO: nickelodeon HD
Norway,NO: TV2 Sport 2 HD
Norway,NO: Viasat History
Norway,NO: Disney Junior
Norway,NO: STORTINGET HD
Norway,NO: TV2 Sport  HD
Norway,NO: TV2 Zebra FHD
Norway,NO: Viasat Action
Norway,NO: Viasat Nature
Norway,NO: BBC Earth HD
Norway,NO: Boomerang HD
Norway,NO: C More S FHD
Norway,NO: C More Sport
Norway,NO: TV Norge FHD
Norway,NO: TV2 HUMOR HD
Norway,NO: Viasat 4 FHD
Norway,NO: BBC Brit HD
Norway,NO: Kanal 10 HD
Norway,NO: NAT GEO FHD
Norway,NO: Nick Junior
Norway,NO: VIASAT GOLF
Norway,NO: MATKANALEN
Norway,NO: SF-KANALEN
Norway,NO: Disney XD
Norway,NO: EUROSPORT
Norway,NO: Nicktoons
Norway,NO: NRK 1 HD
Norway,NO: NRK 2 HD
Norway,NO: NRK 3 HD
Norway,NO: TV2 Nord
Norway,NO: FOX FHD
Norway,NO: Max FHD
Norway,NO: TLC FHD
Norway,NO: VOX FHD
Norway,NO: MTV HD
Norway,NO: TV2 HD
Norway,NO: TV3 HD
Norway,NO: TV 10
Norway,NO: TV6
Norway,NO: E!
Pakistan,PK: EXPRESS Entertainement
Pakistan,PK: GEO ENTERTAINMENT TV
Pakistan,PK: AWAZ ENTERTAINMENT
Pakistan,PK: Prime Canada TV HD
Pakistan,PK: AAJ ENTERTAINMENT
Pakistan,PK: Awaz TV Canada HD
Pakistan,PK: BOL ENTERTAINMENT
Pakistan,PK: BOL NEWS URDU FHD
Pakistan,PK: Zee Bangla Cinema
Pakistan,PK: CARTOON NETWORK
Pakistan,PK: EXPRESS NEWS HD
Pakistan,PK: ARY DIGITAL HD
Pakistan,PK: ARY Zindagi HD
Pakistan,PK: ARY ZINDAGI TV
Pakistan,PK: Channel 5 NEWS
Pakistan,PK: LAHORE NEWS HD
Pakistan,PK: Madani Channel
Pakistan,PK: PUBLIC NEWS HD
Pakistan,PK: TORONTO 360 HD
Pakistan,PK: AVT Khyber TV
Pakistan,PK: COLORS BANGLA
Pakistan,PK: DUNYA news TV
Pakistan,PK: GaanBangla TV
Pakistan,PK: JALSHA Movies
Pakistan,PK: MADNI CHANNEL
Pakistan,PK: Peace TV Urdu
Pakistan,PK: PTV SPORTS HD
Pakistan,PK: SOMOY NEWS TV
Pakistan,PK: TV One Global
Pakistan,PK: ZEE BANGLA HD
Pakistan,PK: Banglavision
Pakistan,PK: Capital News
Pakistan,PK: CITY 41 NEWS
Pakistan,PK: CITY 42 NEWS
Pakistan,PK: Geo Super HD
Pakistan,PK: Pashtoo 1 TV
Pakistan,PK: URDU1 EUROPE
Pakistan,PK: ABBTAK News
Pakistan,PK: ARY News HD
Pakistan,PK: Dhoom MUSIC
Pakistan,PK: DIN NEWS HD
Pakistan,PK: Geo News TV
Pakistan,PK: GNN NEWS HD
Pakistan,PK: GTV Network
Pakistan,PK: HUM MASALAH
Pakistan,PK: HUM NEWS HD
Pakistan,PK: Hum Sitaray
Pakistan,PK: JALWA MUSIC
Pakistan,PK: KHYBER NEWS
Pakistan,PK: NEO NEWS HD
Pakistan,PK: NEO NEWS HD
Pakistan,PK: News One HD
Pakistan,PK: NTV HOUSTON
Pakistan,PK: Raavi Films
Pakistan,PK: SONY SIX HD
Pakistan,PK: Star Jalsha
Pakistan,PK: 24 NEWS HD
Pakistan,PK: 92 NEWS HD
Pakistan,PK: ARY Family
Pakistan,PK: ATN Bangla
Pakistan,PK: CAPITAL TV
Pakistan,PK: FILM WORLD
Pakistan,PK: Geo Kahani
Pakistan,PK: Geo Sports
Pakistan,PK: Geo Tez HD
Pakistan,PK: HUM EUROPE
Pakistan,PK: INDUS NEWS
Pakistan,PK: PTV GLOBAL
Pakistan,PK: Samaa News
Pakistan,PK: Sindh News
Pakistan,PK: Tag TV FHD
Pakistan,PK: Ten Sports
Pakistan,PK: A PLUS HD
Pakistan,PK: ARY MUSIC
Pakistan,PK: ARY World
Pakistan,PK: Channel S
Pakistan,PK: Dawn News
Pakistan,PK: Discovery
Pakistan,PK: KHYBER TV
Pakistan,PK: MOHONA TV
Pakistan,PK: PTV WORLD
Pakistan,PK: Roze News
Pakistan,PK: Aaj News
Pakistan,PK: ARY ZAUQ
Pakistan,PK: ATN NEWS
Pakistan,PK: FILMAZIA
Pakistan,PK: K21 NEWS
Pakistan,PK: Kay 2 TV
Pakistan,PK: PTV HOME
Pakistan,PK: PTV NEWS
Pakistan,PK: SAMAA TV
Pakistan,PK: Waseb TV
Pakistan,PK: DESH TV
Pakistan,PK: Hadi TV
Pakistan,PK: Noor TV
Pakistan,PK: PLAY TV
Pakistan,PK: SUCH TV
Pakistan,PK: Zee9 TV
Pakistan,PK: Geo TV
Pakistan,PK: GNN HD
Pakistan,PK: HUM HD
Pakistan,PK: HUM TV
Pakistan,PK: KTN TV
Pakistan,PK: See TV
Pakistan,PK: Sony 8
Pakistan,PK: TV One
Pakistan,PK: URDU 1
Pakistan,PK: MY TV
Pakistan,PK: APNA
Pakistan,PK: 8XM
Pakistan,PK: ATV
Pakistan,PK: C44
Pakistan,PK: NTV
Panama,PA: Nex Canal 21 FHD
Panama,PA: TELEMETRO 13
Panama,PA: Canal +23
Panama,PA: Telemetro
Panama,PA: Canal 2
Panama,PA: ECO TV
Panama,PA: RPC TV
Panama,PA: TV Max
Panama,PA: MasTV
Panama,PA: RPC 4
Panama,PA: SERTV
Panama,PA: TVN 2
Panama,PA: TVN
Paraguay,PY: Tigo Sports Plus
Paraguay,PY: Lobo Station
Paraguay,PY: Tigo Sports
Paraguay,PY: FARRA PLAY
Paraguay,PY: PARAVISION
Paraguay,PY: Telefuturo
Paraguay,PY: Noticias
Paraguay,PY: UNICANAL
Paraguay,PY: LA TELE
Paraguay,PY: GEN TV
Paraguay,PY: Sur TV
Paraguay,PY: TVES
Paraguay,PY: C9N
Paraguay,PY: RPC
Paraguay,PY: SNT
Peru,PE: Hipodromo de Monterrico FHD
Peru,PE: Frecuencia Latina HD
Peru,PE: MOVISTAR Deportes
Peru,PE: TV Peru Noticias
Peru,Latin PE Exitosa TV
Peru,PE: America TV HD
Peru,PE: MOVISTAR Plus
Peru,PE: Gol Peru FHD
Peru,PE: Panamericana
Peru,PE: Peru Magico
Peru,PE: Antares TV
Peru,PE: TV Peru HD
Peru,PE: Canal IPE
Peru,PE: Ctc Cusco
Peru,PE: Willax HD
Peru,PE: ATV + HD
Peru,PE: SUR Peru
Peru,PE: CANAL N
Peru,PE: La Tele
Peru,PE: Ovacion
Peru,PE: ATV HD
Peru,PE: LATINA
Peru,PE: Magico
Peru,PE: RPP HD
Peru,PE: BHtv
Philippines,PH: ABS CBN NEWS CHANNEL | SD
Philippines,PH Discovery Asia World
Philippines,PH TFC Middle East
Philippines,PH: EURONEWS | SD
Philippines,PH TFC Australia
Philippines,PH: GMA Pinoy TV
Philippines,PH: Hope Channel
Philippines,PH GMA News TV
Philippines,PH HISTORY HD
Philippines,PH TFC Canada
Philippines,PH TFC Europe
Philippines,PH: Kapamilya
Philippines,PH: CNN | SD
Philippines,PH: GMA LIFE
Philippines,PH: KIX | SD
Philippines,PH MTV Live
Philippines,PH TFC Asia
Philippines,PH: Cinemo
Philippines,PH: INC TV
Philippines,PH TFC
Poland,PL: POLSAT SPORT PREMIUM PPV 4 FHD
Poland,PL: DISCOVERY TURBO XTRA HD (DTX)
Poland,PL: National Geographic People HD
Poland,PL: DISCOVERY INVESTIGATION FHD
Poland,PL: NATIONAL GEOGRAPHIC WILD HD
Poland,PL: Polsat Sport Premium 1 FHD
Poland,PL: Polsat Sport Premium 2 FHD
Poland,PL: Polsat Sport Premium 3 FHD
Poland,PL: Polsat Sport Premium 4 FHD
Poland,PL: Polsat Sport Premium 5 FHD
Poland,PL: COMEDY CENTRAL FAMILY FHD
Poland,PL: Polsat Viasat Explore FHD
Poland,PL: Polsat Viasat History HD
Poland,PL: Polsat Viasat Nature HD
Poland,PL: Crime Investigation HD
Poland,PL: National Geographic HD
Poland,PL: Polsat Sport Extra FHD
Poland,PL: Comedy Central Polska
Poland,PL: POLSAT SPORT FIGHT HD
Poland,PL: DISCOVERY SCIENCE HD
Poland,PL: PARAMOUNT CHANNEL HD
Poland,PL: POLSAT SPORT NEWS HD
Poland,PL: ELEVEN SPORTS 4 FHD
Poland,PL: CANAL+ Seriale FHD
Poland,PL: CARTOON NETWORK HD
Poland,PL: DISCOVERY HISTORIA
Poland,PL: DISNEY CHANNEL FHD
Poland,PL: ELEVEN SPORTS 1 HD
Poland,PL: ELEVEN SPORTS 2 HD
Poland,PL: ELEVEN SPORTS 3 HD
Poland,PL: Filmbox Premium HD
Poland,PL: KINO POLSKA MUZYKA
Poland,PL: SciFi Universal HD
Poland,PL: CANAL+ Family FHD
Poland,PL: CANAL+ Sport 2 HD
Poland,PL: CANAL+ Sport 3 HD
Poland,PL: DISCOVERY LIFE HD
Poland,PL: EXTREME SPORTS HD
Poland,PL: Fox Comedy Polska
Poland,PL: Polsat Rodzila HD
Poland,PL: Sport Klub Polska
Poland,PL: Travel Channel HD
Poland,PL: ANIMAL PLANET HD
Poland,PL: BBC LifeStyle HD
Poland,PL: DISCO POLO MUSIC
Poland,PL: FILMBOX ARTHOUSE
Poland,PL: FILMBOX EXTRA HD
Poland,PL: Polsat News 2 HD
Poland,PL: ATM ROZRYWKA TV
Poland,PL: CANAL + Now FHD
Poland,PL: CANAL+ SPORT HD
Poland,PL: EUROSPORT 1 FHD
Poland,PL: FOOD NETWORK HD
Poland,PL: Golf Channel HD
Poland,PL: Polsat Cafe FHD
Poland,PL: Polsat Doku FHD
Poland,PL: Polsat Film FHD
Poland,PL: POLSAT MUSIC HD
Poland,PL: Polsat Sport HD
Poland,PL: CANAL+ Film HD
Poland,PL: CBS Reality HD
Poland,PL: EUROSPORT 2 HD
Poland,PL: FILMBOX ACTION
Poland,PL: FILMBOX FAMILY
Poland,PL: Kino Polska HD
Poland,PL: NICK JR POLSKA
Poland,PL: Polsat News HD
Poland,PL: Polsat Play HD
Poland,PL: Seriale Polsat
Poland,PL: Adventure FHD
Poland,PL: CBS EUROPA HD
Poland,PL: Cinemax 2 FHD
Poland,PL: DISNEY JUNIOR
Poland,PL: EPIC DRAMA HD
Poland,PL: ESKA TV EXTRA
Poland,PL: MiniMini+ FHD
Poland,PL: MTV POLSKA HD
Poland,PL: POLSAT JIMJAM
Poland,PL: STOPKLATKA TV
Poland,PL: BBC EARTH HD
Poland,PL: BOOMERANG HD
Poland,PL: DISCOVERY HD
Poland,PL: ESKA ROCK TV
Poland,PL: FIGHT BOX HD
Poland,PL: Lifetime FHD
Poland,PL: POLSAT GAMES
Poland,PL: Super Polsat
Poland,PL: TeleToon FHD
Poland,PL: TV REPUBLIKA
Poland,PL: TVN STYLE HD
Poland,PL: TVN TURBO HD
Poland,PL: TVN24 BIS HD
Poland,PL: TVP HISTORIA
Poland,PL: TVP ROZRYWKA
Poland,PL: TVP SPORT HD
Poland,PL: VOX MUSIC TV
Poland,PL: 13 Ulica HD
Poland,PL: AXN SPIN HD
Poland,PL: BBC BRIT HD
Poland,PL: Kuchnia FHD
Poland,PL: MTV LIVE HD
Poland,PL: NICKELODEON
Poland,PL: PLANETE+ HD
Poland,PL: Polsat 2 HD
Poland,PL: Sundance HD
Poland,PL: Superstacja
Poland,PL: Trace Urban
Poland,PL: TV 4 POLSKA
Poland,PL: TVP Info HD
Poland,PL: TVP Kultura
Poland,PL: TVP POLONIA
Poland,PL: TVP SERIALE
Poland,PL: CINEMAX HD
Poland,PL: KINO TV HD
Poland,PL: nSport+ HD
Poland,PL: POLSAT FHD
Poland,PL: POLSAT TLC
Poland,PL: Red Carpet
Poland,PL: Romance TV
Poland,PL: TV PULS HD
Poland,PL: TVN 24 FHD
Poland,PL: TVN FABULA
Poland,PL: WPOLSCE.PL
Poland,PL: 4fun Kids
Poland,PL: Ale KINO+
Poland,PL: AXN BLACK
Poland,PL: AXN WHITE
Poland,PL: BBC FIRST
Poland,PL: DISNEY XD
Poland,PL: Motowizja
Poland,PL: NickToons
Poland,PL: TV Puls 2
Poland,PL: TVP 2 FHD
Poland,PL: CANAL+ 1
Poland,PL: Cbeebies
Poland,PL: DA VINCI
Poland,PL: Domo FHD
Poland,PL: FOKUS TV
Poland,PL: HBO 3 HD
Poland,PL: HGTV FHD
Poland,PL: Historia
Poland,PL: Power TV
Poland,PL: Stars TV
Poland,PL: TVN 7 HD
Poland,PL: TVP 1 HD
Poland,PL: 4FUN.TV
Poland,PL: AXN FHD
Poland,PL: BABY TV
Poland,PL: ESKA TV
Poland,PL: Gold TV
Poland,PL: HBO2 HD
Poland,PL: Nowa TV
Poland,PL: NUTA TV
Poland,PL: Play HD
Poland,PL: POLO TV
Poland,PL: TV6 FHD
Poland,PL: TVP ABC
Poland,PL: ZOOM TV
Poland,PL : 4FUN 
Poland,PL: E! FHD
Poland,PL: H2 FHD
Poland,PL: HBO HD
Poland,PL: TNT HD
Poland,PL: TTV HD
Poland,PL: TVN HD
Poland,PL: TVP HD
Poland,PL: METRO
Poland,PL: TVP 3
Poland,PL: WP HD
Poland,PL: AMC
Poland,PL: FOX
Poland,PL: TVS
Poland,PL: VH1
Portugal,PT: ID INVESTIGATION DISCOVERY FHD
Portugal,PT: National Geographic Wild HD
Portugal,PT: GLOBO NOW INTERNATIONAL HD
Portugal,PT: CRIME INVESTIGATION FHD
Portugal,PT: National Geographic HD
Portugal,PT: DISCOVERY CHANNEL FHD
Portugal,PT: DISCOVERY SHOWCASE HD
Portugal,PT: BBC ENTERTAINMENT HD
Portugal,PT: BENFICA TV (BTV) FHD
Portugal,PT: E! ENTERTAINMENT FHD
Portugal,PT: RTP International HD
Portugal,PT: TPA International HD
Portugal,PT: CARTOON NETWORK FHD
Portugal,PT: DISCOVERY TURBO FHD
Portugal,PT: ELEVEN SPORTS 1 FHD
Portugal,PT: ELEVEN SPORTS 2 FHD
Portugal,PT: ELEVEN SPORTS 3 FHD
Portugal,PT: ELEVEN SPORTS 4 FHD
Portugal,PT: ELEVEN SPORTS 5 FHD
Portugal,PT: ELEVEN SPORTS 6 FHD
Portugal,PT: SANTUARIO DE FATIMA
Portugal,PT: TCV (Cape Verde) HD
Portugal,PT: TVI REALITY MOSAICO
Portugal,PT: CASA E COZINHA FHD
Portugal,PT: DISNEY CHANNEL FHD
Portugal,PT: FIGHT NETWORK FHD*
Portugal,PT: TRAVEL CHANNEL FHD
Portugal,PT: TVCINE EDITION FHD
Portugal,PT: TVCINE EMOTION FHD
Portugal,PT: TVCINE ACTION FHD
Portugal,PT: TVE INTERNACIONAL
Portugal,PT: DISNEY JUNIOR HD
Portugal,PT: FOOD NETWORK FHD
Portugal,PT: LOCALVISAO TV HD
Portugal,PT: SIC NOTICIAS FHD
Portugal,PT: SPORT TV NBA FHD
Portugal,PT: EUROSPORT 1 FHD
Portugal,PT: EUROSPORT 2 FHD
Portugal,PT: PORTO CANAL FHD
Portugal,PT: RTP MADEIRA FHD
Portugal,PT: SIC RADICAL FHD
Portugal,PT: TVI REALITY FHD
Portugal,PT: 24 KITCHEN FHD
Portugal,PT: AXN MOVIES FHD
Portugal,PT: BBC WORLD NEWS
Portugal,PT: BENFICA TV FHD
Portugal,PT: CANCAO NOVA HD
Portugal,PT: CBS REALITY HD
Portugal,PT: CINE MUNDO FHD
Portugal,PT: FOX COMEDY FHD
Portugal,PT: FOX MOVIES FHD
Portugal,PT: KURIAKOS TV HD
Portugal,PT: NICKELODEON HD
Portugal,PT: REAL MADRID TV
Portugal,PT: RECORD NEWS HD
Portugal,PT: SIC MULHER FHD
Portugal,PT: SPORT TV + FHD
Portugal,PT: SPORT TV 1 FHD
Portugal,PT: SPORT TV 2 FHD
Portugal,PT: SPORT TV 3 FHD
Portugal,PT: SPORT TV 4 FHD
Portugal,PT: SPORT TV 5 FHD
Portugal,PT: TVCINE TOP FHD
Portugal,PT: TVI FICCAO FHD
Portugal,PT: A BOLA TV FHD
Portugal,PT: AFRO MUSIC HD
Portugal,PT: AXN WHITE FHD
Portugal,PT: FOX CRIME FHD
Portugal,PT: Globo Premium
Portugal,PT: HOLLYWOOD FHD
Portugal,PT: MY CUISINE HD
Portugal,PT: NOS STUDIO HD
Portugal,PT: SIC CARAS FHD
Portugal,PT: SPORT TV 1 SD
Portugal,PT: SPORT TV 2 SD
Portugal,PT: TRACE TOCA HD
Portugal,PT: TV GALICIA HD
Portugal,PT: TV RECORD FHD
Portugal,PT: BOOMERANG HD
Portugal,PT: CACA E PESCA
Portugal,PT: FOX LIFE FHD
Portugal,PT: HISTORIA FHD
Portugal,PT: KURIAKOS FHD
Portugal,PT: MTV PORTUGAL
Portugal,PT: ODISSEIA FHD
Portugal,PT: TOROS TV FHD
Portugal,PT: CANAL PANDA
Portugal,PT: CNBC EUROPE
Portugal,PT: COMBATE FHD
Portugal,PT: EUROCHANNEL
Portugal,PT: EURONEWS HD
Portugal,PT: FUEL TV FHD
Portugal,PT: LUXE TV FHD
Portugal,PT: MOTORVISION
Portugal,PT: PANDA BIGGS
Portugal,PT: RTP MEMORIA
Portugal,PT: SPORTING TV
Portugal,PT: TRACE URBAN
Portugal,PT: TV GLOBO HD
Portugal,PT: ZAP VIVA HD
Portugal,PT: CACAVISION
Portugal,PT: DOG TV FHD
Portugal,PT: FASHION TV
Portugal,PT: JIM JAM HD
Portugal,PT: LOLLY KIDS
Portugal,PT: MCM POP HD
Portugal,PT: NETFLIX HD
Portugal,PT: NICK JR HD
Portugal,PT: RTP AÇORES
Portugal,PT: RTP AFRICA
Portugal,PT: TVI 24 FHD
Portugal,PT: BLAZE FHD
Portugal,PT: Bloomberg
Portugal,PT: CANAL 180
Portugal,PT: FRANCE 24
Portugal,PT: GLOBO NOW
Portugal,PT: MEZZO FHD
Portugal,PT: RTP 1 FHD
Portugal,PT: RTP 2 FHD
Portugal,PT: CMTV FHD
Portugal,PT: FOX News
Portugal,PT: Historia
Portugal,PT: RTP 3 HD
Portugal,PT: TVC NEWS
Portugal,PT: TVI HEVC
Portugal,PT: AMC FHD
Portugal,PT: AXN FHD
Portugal,PT: BABY TV
Portugal,PT: CANAL Q
Portugal,PT: FTV FHD
Portugal,PT: MTV FHD
Portugal,PT: NBA FHD
Portugal,PT: SIC FHD
Portugal,PT: TVE 24H
Portugal,PT: CNN HD
Portugal,PT: HBO HD
Portugal,PT: 11 HD
Portugal,PT: BIGGS
Portugal,PT: SIC K
Portugal,PT: ARTV
Portugal,PT: GINX
Portugal,PT: FOX
Portugal,PT: PFC
Portugal,PT: TLC
Portugal,PT: TPA
Portugal,PT: VH1
Puerto Rico,USA Latin WAPA 2 Puerto Rico
Puerto Rico,USA Latin Wapa Puerto Rico
Puerto Rico,PR: CDM Internacional
Puerto Rico,PR: Wipr Canal 6
Puerto Rico,PR: Mega TV
Puerto Rico,PR: Wapa
Radio,MC Radio | Classical Masterpieces
Radio,MC Radio | Underground Hip-Hop
Radio,MC Radio | Music Choice Fresh
Radio,US Stingray Nature Escape (D)
Radio,MC Radio | Solid Gold Oldies
Radio,MC Radio | Music Choice Max
Radio,Stingray Éxitos del Momento
Radio,MC Radio | Light Classical
Radio,MC Radio | Today's Country
Radio,Stingray Remember the '80s
Radio,MC Radio | Stage & Screen
Radio,MC Radio | Throwback Jamz
Radio,Stingray Rock Alternative
Radio,MC Radio | Emo X Screamo
Radio,MC Radio | Musica Urbana
Radio,MC Radio | Pop & Country
Radio,MC Radio | Toddler Tunes
Radio,MC Radio | Classic Rock
Radio,MC Radio | Country Hits
Radio,STINGRAY EASY LISTENING
Radio,Stingray Flashback '70s
Radio,Stingray Qello Concerts
Radio,MC Radio | Smooth Jazz
Radio,MC Radio | Teen Ritmos
Radio,Stingray Greatest Hits
Radio,MC Radio | Kidz Only!
Radio,MC Radio | Love Songs
Radio,MC Radio | Tropicales
Radio,MC Radio | Youth Hits
Radio,Stingray  Hip-Hop/R&B
Radio,Stingray Classic Rock
Radio,MC Radio | Dance/EDM
Radio,MC Radio | Rock Hits
Radio,MC Radio | Soft Rock
Radio,Stingray Alternative
Radio,Stingray Classica HD
Radio,CA STINGRAY JUKEBOX
Radio,MC Radio | Filipino
Radio,MC Radio | Hit List
Radio,MC Radio | Mexicana
Radio,MC Radio | New Wave
Radio,Stingray Hot County
Radio,Stingray Soul Storm
Radio,Stingray Urban Beat
Radio,Stingray Pop Adult
Radio,CA STINGRAY LATIN
Radio,MC Radio | Lounge
Radio,MC Radio | R&B 2K
Radio,MC Radio | Rap 2K
Radio,MC Radio | Reggae
Radio,Stingray Hit List
Radio,MC Radio | Indie
Radio,MC Radio | K-Pop
Radio,MC Radio | Metal
Radio,MC Radio | Opera
Radio,MC Radio | Folk
Radio,MC Radio | Jazz
Radio,Stingray Latido
Radio,Stingray Quello
Radio,MC Radio | Rap
Radio,Stingray ACMAs
Romania,RO: Investigation Discovery FHD
Romania,RO: National Geographic Wild HD
Romania,RO: Timeless Drama Channel FHD
Romania,RO: Discovery TURBO XTRA FHD
Romania,RO: Discovery SHOWCASE FHD
Romania,RO: Extreme Sports Channel
Romania,RO: National Geographic HD
Romania,RO: Digi ANIMAL WORLD FHD
Romania,RO: Discovery Science FHD
Romania,RO: Crime+ Investigation
Romania,RO: Discovery Channel HD
Romania,RO: Fishing & Hunting HD
Romania,RO: TELEKOM SPORT 1 FHD
Romania,RO: TELEKOM SPORT 2 FHD
Romania,RO: TELEKOM SPORT 3 FHD
Romania,RO: TELEKOM SPORT 4 FHD
Romania,RO: Antena Comedy Play
Romania,RO: Cartoon Network HD
Romania,RO: Travel Channel FHD
Romania,RO: VIASAT EXPLORER HD
Romania,RO: VIASAT History FHD
Romania,RO: Comedy Central HD
Romania,RO: HIT MUSIC Channel
Romania,RO: TVR International
Romania,RO: ANTENA STARS FHD
Romania,RO: Auto Motor Sport
Romania,RO: DIGI SPORT 1 FHD
Romania,RO: DIGI SPORT 2 FHD
Romania,RO: DIGI SPORT 3 FHD
Romania,RO: DIGI SPORT 4 FHD
Romania,RO: HAPPY CHANNEL HD
Romania,RO: Look Sport 2 FHD
Romania,RO: Look Sport 3 FHD
Romania,RO: National 24 Plus
Romania,RO: VIASAT NATURE HD
Romania,RO: 1 Music Channel
Romania,RO: Alfa & Omega TV
Romania,RO: Bollywood TV HD
Romania,RO: CINEMARATON FHD
Romania,RO: EUROSPORT 1 FHD
Romania,RO: EUROSPORT 2 FHD
Romania,RO: FilmBox Premium
Romania,RO: Food Network HD
Romania,RO: Realitatea Plus
Romania,RO: Alpha Media TV
Romania,RO: BUCOVINA TV HD
Romania,RO: CINETHRONIX HD
Romania,RO: Digi World FHD
Romania,RO: Disney Channel
Romania,RO: EPIC DRAMA FHD
Romania,RO: FilmBox Family
Romania,RO: Inter Media Tv
Romania,RO: KronehitTV FHD
Romania,RO: Nickelodeon HD
Romania,RO: Travel MIX FHD
Romania,RO: B1 Channel HD
Romania,RO: BBC EARTH FHD
Romania,RO: Cinemax 2 FHD
Romania,RO: Cromtel TV HD
Romania,RO: Da Vinci Kids
Romania,RO: DIGI LIFE FHD
Romania,RO: Look Plus FHD
Romania,RO: LOOK SPORT HD
Romania,RO: MOOZ Hits FHD
Romania,RO: Music Channel
Romania,RO: Pro Cinema HD
Romania,RO: REALITATEA HD
Romania,RO: Stirile ProTV
Romania,RO: ANIMAL World
Romania,RO: Antena 3 FHD
Romania,RO: AXN Black HD
Romania,RO: AXN White HD
Romania,RO: BOOMERANG HD
Romania,RO: BUCURESTI TV
Romania,RO: Cinemax 1 HD
Romania,RO: DIGI FILM HD
Romania,RO: DIVA Channel
Romania,RO: FILM NOW FHD
Romania,RO: FilmBox PLUS
Romania,RO: N 24 PLUS HD
Romania,RO: AXN Romania
Romania,RO: CBS Reality
Romania,RO: DIGI 24 FHD
Romania,RO: FightBox HD
Romania,RO: First Music
Romania,RO: HBO Romania
Romania,RO: MAGIC TV HD
Romania,RO: Mooz Dance!
Romania,RO: Nasul TV HD
Romania,RO: National TV
Romania,RO: Nick Junior
Romania,RO: Speranta TV
Romania,RO: TRINITAS TV
Romania,RO: COMEDY EST
Romania,RO: FASHION TV
Romania,RO: Favorit Tv
Romania,RO: Kiss TV HD
Romania,RO: MTV 80s HD
Romania,RO: MTV 90S HD
Romania,RO: MTV Europe
Romania,RO: NICK TOONS
Romania,RO: PAPRIKA TV
Romania,RO: ROMANIA TV
Romania,RO: TV 1000 HD
Romania,RO: TV Paprika
Romania,RO: Disney Jr
Romania,RO: HBO 2 FHD
Romania,RO: HBO 3 FHD
Romania,RO: PRO 2 FHD
Romania,RO: PRO TV HD
Romania,RO: PRO X FHD
Romania,RO: Tezaur tv
Romania,RO: ZU TV FHD
Romania,RO: ANTENA 1
Romania,RO: AXN SPIN
Romania,RO: CREDO TV
Romania,RO: Elita TV
Romania,RO: FILMCAFE
Romania,RO: MTV Club
Romania,RO: MTV Hits
Romania,RO: PRIMA TV
Romania,RO: Pro Gold
Romania,RO: TARAF TV
Romania,RO: TVR 1 HD
Romania,RO: TVR 2 HD
Romania,RO: TVR 3 HD
Romania,RO: TVR Iasi
Romania,RO: TVR Trei
Romania,RO: Agro TV
Romania,RO: DAVINCI
Romania,RO: DOCUBOX
Romania,RO: DUCK TV
Romania,RO: ETNO HD
Romania,RO: Hora TV
Romania,RO: KANAL D
Romania,RO: MINIMAX
Romania,RO: MTV 80s
Romania,RO: TNT FHD
Romania,RO: TVSE HD
Romania,RO: UTV FHD
Romania,RO: AMC HD
Romania,RO: E! FHD
Romania,RO: JimJam
Romania,RO: MDI TV
Romania,RO: Profit
Romania,RO: TNT HD
Romania,RO: A7 HD
Romania,RO: B1 HD
Romania,RO: HBO 3
Romania,RO: VP HD
Romania,RO: CNN
Romania,RO: TLC
Romania,RO: VH1
Russia,RU: DA VINCI LEARNING
Russia,RU: TV XXI TV21
Russia,RU: HOLLYWOOD HD
Russia,RU: SOVERSHENNO SEKRETNO
Russia,RU: National Geographic Wild HD
Russia,RU: National Geographic HD
Russia,RU: Kazakhstan - Novoe TV
Russia,RU: DISCOVERY CHANNEL HD
Russia,RU: Match! Footbol 2 FHD
Russia,RU: Match! Footbol 3 FHD
Russia,RU: Nashe Noveo Kino FHD
Russia,RU: TV 1000 RUSSKOE KINO
Russia,RU: Kabbalah TV Russkij
Russia,RU: Match! Footbol 1 HD
Russia,RU: RUSSIA DETECTIVE HD
Russia,RU: Match! Planeta FHD
Russia,RU: TV 1000 PREMIUM HD
Russia,RU: Губерния (Воронеж)
Russia,RU: BRIDGE TV CLASSIC
Russia,RU: DISCOVERY SCIENCE
Russia,RU: MATCH! Sports FHD
Russia,RU: RUSSKAYA KOMEDIYA
Russia,RU: TV 1000 COMEDY HD
Russia,RU: ANIMAL PLANET HD
Russia,RU: FIRST CHANNEL HD
Russia,RU: Match! Our sport
Russia,RU: MIR BELOGORYA TV
Russia,RU: PARAMOUNT COMEDY
Russia,RU: Russia Today Doc
Russia,RU: VIASAT NATURE HD
Russia,RU: BRIDGE TV DANCE
Russia,RU: CARTOON NETWORK
Russia,RU: EUROSPORT 1 FHD
Russia,RU: KINO PREMIUM HD
Russia,RU: KINOPREMYERA HD
Russia,RU: MOSTVIDEO TV HD
Russia,RU: TV 1000 РУССКОЕ
Russia,RU: VIASAT EXPLORER
Russia,RU: VIASAT SPORT HD
Russia,RU: DISNEY CHANNEL
Russia,RU: EUROSPORT 2 HD
Russia,RU: KINOROKAS 2 HD
Russia,RU: Match! Premier
Russia,RU: NICKELODEON HD
Russia,RU: ONE CHANNEL HD
Russia,RU: Telekanal Spas
Russia,RU: TV 1000 ACTION
Russia,RU: VIASAT HISTORY
Russia,RU: VIP MEGAHIT HD
Russia,RU: AUTO PLUS HD 
Russia,RU: FASHION TV HD
Russia,RU: KINO SVIDANIE
Russia,RU: Komediynoe TV
Russia,RU: MEZZO LIVE HD
Russia,RU: MUZHSKOE KINO
Russia,RU: WORLD FASHION
Russia,RU: KIDS Karusel
Russia,RU: KINO MIKS HD
Russia,RU: Match Box HD
Russia,RU: Match Strana
Russia,RU: MUZ SOYUZ TV
Russia,RU: RUSSIA 24 HD
Russia,RU: RUSSIA TODAY
Russia,RU: TELE CAFE HD
Russia,RU: ASTRAKHAN24
Russia,RU: Channel One
Russia,RU: FOX LIFE HD
Russia,RU: Match Arena
Russia,RU: RUSSIA 1 HD
Russia,RU: RUSSIA K HD
Russia,RU: SONY SCI-FI
Russia,RU: VIP MEGAHIT
Russia,RU: GlobalStar
Russia,RU: HISTORY HD
Russia,RU: KINO TV HD
Russia,RU: MULTIMANIA
Russia,RU: PYATNITSA!
Russia,RU: SHANSON TV
Russia,RU: SONY TURBO
Russia,RU: A MEDIA 2
Russia,RU: BRIDGE TV
Russia,RU: CINEMA HD
Russia,RU: DOMASHNIY
Russia,RU: EUREKA HD
Russia,RU: FRIDAY HD
Russia,RU: KHL TV HD
Russia,RU: LUXURY HD
Russia,RU: MATCH! HD
Russia,RU: MIR TV 24
Russia,RU: MTV DANCE
Russia,RU: Russia TV
Russia,RU: THT MUSIC
Russia,RU: USADBA TV
Russia,RU: 365 DAYS
Russia,RU: AMEDIA 1
Russia,RU: CTC LOVE
Russia,RU: DOM KINO
Russia,RU: DOZHD TV
Russia,RU: EURONEWS
Russia,RU: IZVESTIA
Russia,RU: KINO HIT
Russia,RU: MTV LIVE
Russia,RU: MUSICBOX
Russia,RU: PREMIERA
Russia,RU: SOYUZ TV
Russia,RU: 5 KANAL
Russia,RU: FOOD HD
Russia,RU: HD LIFE
Russia,RU: HOME HD
Russia,RU: NICK JR
Russia,RU: Sony HD
Russia,RU: STAR HD
Russia,RU: CTC HD
Russia,RU: FOX HD
Russia,RU: JIMJAM
Russia,RU: MIR HD
Russia,RU: MUZ TV
Russia,RU: MY3 TV
Russia,RU: NTV HD
Russia,RU: REN TV
Russia,RU: RTG HD
Russia,RU: TNT HD
Russia,RU: ZVEZDA
Russia,RU: GULLI
Russia,RU: TNT 4
Russia,RU: ZEETV
Russia,RU: MULT
Russia,RU: RTVi
Russia,RU: 2X2
Russia,RU: ANI
Russia,RU: CHE
Russia,RU: CTC
Russia,RU: FAN
Russia,RU: MTV
Russia,RU: RBC
Russia,RU: TB3
Russia,RU: TLC
Slovakia,SK: STV 1 (jednotka)
Slovakia,SK: Tv JOJ Plus FHD
Slovakia,SK: Tv JOJ HD
Slovakia,SK: TV RIK HD
Slovakia,SK: TV Romana
Slovakia,SK: Raj TV
Slovakia,SK: TV LUX
Slovakia,SK: WAU HD
Soccer Special Events,USA Soccer34: United States - USL Championship: Tampa Bay Rowdies vs Orange County SC @ 08:30pm
Soccer Special Events,USA Soccer05: England - Premier League : West Ham United vs Brighton & Hove Albion @ 02:30pm
Soccer Special Events,USA Soccer04: England - Premier League : Wolverhampton Wanderers vs Burnley @ 02:30pm
Soccer Special Events,USA Soccer08: England - Premier League : Aston Villa vs Manchester City @ 03:15pm
Soccer Special Events,USA Soccer09: England - Premier League : Aston Villa vs Manchester City @ 03:15pm
Soccer Special Events,USA Soccer03: England - Premier League : Southampton vs Leicester City @ 02:30pm
Soccer Special Events,USA Soccer06:  England - Premier League : Everton vs Liverpool @ 03:15pm
Soccer Special Events,USA Soccer31:  France - Ligue 1: Olympique Marseille vs Troyes @ 02:45pm
Soccer Special Events,USA Soccer07: England - Premier League : Everton vs Liverpool @ 03:15pm
Soccer Special Events,USA Soccer10:  Spain - La Liga : Real Madrid vs Athletic Club @ 03:00pm
Soccer Special Events,USA Soccer23: France - Ligue 1: Nantes vs Olympique Marseille @ 03:00pm
Soccer Special Events,USA Soccer22:  France - Ligue 1: Olympique Lyonnais vs Reims @ 03:00pm
Soccer Special Events,USA Soccer32: Mexico - Liga MX: Tigres UANL vs Santos Laguna @ 07:00pm
Soccer Special Events,USA Soccer01: England - Premier League : Watford vs Chelsea @ 02:30pm
Soccer Special Events,USA Soccer02: England - Premier League : Watford vs Chelsea @ 02:30pm
Soccer Special Events,USA Soccer12:  Italy - Serie A: Internazionale vs Spezia @ 12:30pm
Soccer Special Events,USA Soccer18:  France - Ligue 1: Strasbourg vs Bordeaux @ 01:00pm
Soccer Special Events,USA Soccer19: France - Ligue 1: Brest vs Saint-Étienne @ 01:00pm
Soccer Special Events,USA Soccer17:  France - Ligue 1: Angers SCO vs Monaco @ 01:00pm
Soccer Special Events,USA Soccer16:  France - Ligue 1: Metz vs Montpellier @ 01:00pm
Soccer Special Events,USA Soccer20: France - Ligue 1: PSG vs Nice Fanatiz @ 03:00pm
Soccer Special Events,USA Soccer14:  Italy - Serie A: Sassuolo vs Napoli @ 02:45pm
Soccer Special Events,USA Soccer15:  France - Ligue 1: Troyes vs Lorient @ 01:00pm
Soccer Special Events,USA Soccer21: France - Ligue 1: Clermont vs Lens @ 03:00pm
Soccer Special Events,USA Soccer11: Italy - Serie A: Bologna vs Roma @ 12:30pm
Soccer Special Events,USA Soccer13:  Italy - Serie A: Genoa vs Milan @ 02:45pm
Soccer Special Events,USA Soccer27: Arab Cup: Saudi Arabia vs Jordon @ 02:00pm
Soccer Special Events,USA Soccer33: Mexico - Liga MX: León vs Puebla @ 09:05pm
Soccer Special Events,USA Soccer26: Arab Cup: Morocco vs Palestine @ 11:00am
Soccer Special Events,USA Soccer24: Arab Cup: Algeria vs Sudan @ 05:00am
Soccer Special Events,USA Soccer25: Arab Cup: Egypt vs Lebanon @ 08:00am
Soccer Special Events,Soccer Serie A 01:
Soccer Special Events,Soccer Serie A 02:
Soccer Special Events,Soccer Serie A 03:
Soccer Special Events,Soccer Serie A 04:
Soccer Special Events,Soccer Serie A 05:
Soccer Special Events,Soccer Serie A 06:
Soccer Special Events,Soccer Serie A 07:
Soccer Special Events,Soccer Serie A 08:
Soccer Special Events,Soccer Serie A 09:
Soccer Special Events,Soccer Serie A 10:
Soccer Special Events,Soccer Serie A 11:
Soccer Special Events,Soccer Serie A 12:
Soccer Special Events,Soccer Serie A 13:
Soccer Special Events,Soccer Serie A 14:
Soccer Special Events,Soccer Serie A 15:
Soccer Special Events,Soccer Serie A 16:
Soccer Special Events,Soccer Serie A 17:
Soccer Special Events,Soccer Serie A 18:
Soccer Special Events,Soccer Serie A 19:
Soccer Special Events,Soccer Serie A 20:
Soccer Special Events,USA Soccer28: 
Soccer Special Events,USA Soccer29: 
Soccer Special Events,USA Soccer30: 
Soccer Special Events,USA Soccer35:
Soccer Special Events,USA Soccer36:
Soccer Special Events,USA Soccer37:
Soccer Special Events,USA Soccer38:
Soccer Special Events,USA Soccer39:
Soccer Special Events,USA Soccer40:
Soccer Special Events,USA Soccer41:
Soccer Special Events,USA Soccer42:
Soccer Special Events,USA Soccer43:
Soccer Special Events,USA Soccer44:
Soccer Special Events,USA Soccer45:
Soccer Special Events,USA Soccer46:
Soccer Special Events,USA Soccer47:
Soccer Special Events,USA Soccer48:
Soccer Special Events,USA Soccer49:
Soccer Special Events,USA Soccer50:
Soccer Special Events,USA Soccer51:
Soccer Special Events,USA Soccer52:
Soccer Special Events,USA Soccer53:
Soccer Special Events,USA Soccer54:
Soccer Special Events,USA Soccer55:
Soccer Special Events,USA Soccer56:
Soccer Special Events,USA Soccer57:
Soccer Special Events,USA Soccer58:
Soccer Special Events,USA Soccer59:
Soccer Special Events,USA Soccer60:
Soccer Special Events,USA Soccer61:
Soccer Special Events,USA Soccer62:
Soccer Special Events,USA Soccer63:
Soccer Special Events,USA Soccer64:
Soccer Special Events,USA Soccer65:
Soccer Special Events,USA Soccer66:
Soccer Special Events,USA Soccer67:
Soccer Special Events,USA Soccer68:
Soccer Special Events,USA Soccer69:
Soccer Special Events,USA Soccer70:
Sport College Baseball,College Baseball 01:
Sport College Baseball,College Baseball 02:
Sport College Baseball,College Baseball 03:
Sport College Baseball,College Baseball 04:
Sport College Baseball,College Baseball 05:
Sport College Baseball,College Baseball 06:
Sport College Baseball,College Baseball 07:
Sport College Baseball,College Baseball 08:
Sport College Baseball,College Baseball 09:
Sport College Baseball,College Baseball 10:
Sport College Baseball,College Baseball 11:
Sport College Baseball,College Baseball 12:
Sport College Baseball,College Baseball 13:
Sport College Baseball,College Baseball 14:
Sport College Baseball,College Baseball 15:
Sport College Baseball,College Baseball 16:
Sport College Baseball,College Baseball 17:
Sport College Baseball,College Baseball 18:
Sport College Baseball,College Baseball 19:
Sport College Baseball,College Baseball 20:
Sport College Baseball,College Baseball 21:
Sport College Baseball,College Baseball 22:
Sport College Baseball,College Baseball 23:
Sport College Baseball,College Baseball 24:
Sport College Baseball,College Baseball 25:
Sport College Baseball,College Baseball 26:
Sport College Baseball,College Baseball 27:
Sport College Baseball,College Baseball 28:
Sport College Baseball,College Baseball 29:
Sport College Baseball,College Baseball 30:
Sport College Baseball,College Baseball 31:
Sport College Baseball,College Baseball 32:
Sport College Baseball,College Baseball 33:
Sport College Baseball,College Baseball 34:
Sport College Baseball,College Baseball 35:
Sport College Baseball,College Baseball 36:
Sport College Baseball,College Baseball 37:
Sport College Baseball,College Baseball 38:
Sport College Baseball,College Baseball 39:
Sport College Baseball,College Baseball 40:
Sport Cricket,AF SuperSport Cricket HD
Sport Cricket,IN: ASTRO CRICKET | HD
Sport Cricket,USA WILLOW CRICKET HD
Sport Cricket,USA WILLOW XTRA HD
Sport Cricket,USA Cricket 01: 
Sport Cricket,USA Cricket 02: 
Sport Cricket,USA Cricket 03: 
Sport Cricket,USA Cricket 04: 
Sport Cricket,USA Cricket 05: 
Sport Cricket,USA Willow Extra
Sport Cycling,USA Cycling 01: 
Sport Cycling,USA Cycling 02: 
Sport Cycling,USA Cycling 03: 
Sport Cycling,USA Cycling 04: 
Sport Cycling,Cycling 05
Sport FITE TV,Fite TV 24/7 BOXING
Sport FITE TV,Fite TV 1 HD (D):
Sport FITE TV,Fite TV 1 SD (D):
Sport FITE TV,Fite TV 10 HD (D)
Sport FITE TV,Fite TV 10 SD (D)
Sport FITE TV,Fite TV 11 HD (D)
Sport FITE TV,Fite TV 11 SD (D)
Sport FITE TV,Fite TV 12 HD (D)
Sport FITE TV,Fite TV 12 SD (D)
Sport FITE TV,Fite TV 13 HD (D)
Sport FITE TV,Fite TV 13 SD (D)
Sport FITE TV,Fite TV 14 HD (D)
Sport FITE TV,Fite TV 14 SD (D)
Sport FITE TV,Fite TV 15 HD (D)
Sport FITE TV,Fite TV 15 SD (D)
Sport FITE TV,Fite TV 16 HD (D)
Sport FITE TV,Fite TV 16 SD (D)
Sport FITE TV,Fite TV 17 HD (D)
Sport FITE TV,Fite TV 17 SD (D)
Sport FITE TV,Fite TV 18 HD (D)
Sport FITE TV,Fite TV 18 SD (D)
Sport FITE TV,Fite TV 19 HD (D)
Sport FITE TV,Fite TV 19 SD (D)
Sport FITE TV,Fite TV 2 HD (D):
Sport FITE TV,Fite TV 2 SD (D):
Sport FITE TV,Fite TV 20 HD (D)
Sport FITE TV,Fite TV 20 SD (D)
Sport FITE TV,Fite TV 3 HD (D):
Sport FITE TV,Fite TV 3 SD (D):
Sport FITE TV,Fite TV 4 HD (D):
Sport FITE TV,Fite TV 4 SD (D):
Sport FITE TV,Fite TV 5 HD (D):
Sport FITE TV,Fite TV 5 SD (D):
Sport FITE TV,Fite TV 6 HD (D):
Sport FITE TV,Fite TV 6 SD (D):
Sport FITE TV,Fite TV 7 HD (D):
Sport FITE TV,Fite TV 7 SD (D):
Sport FITE TV,Fite TV Event 01:
Sport FITE TV,Fite TV Event 02:
Sport FITE TV,Fite TV Event 03:
Sport FITE TV,Fite TV Event 04:
Sport FITE TV,Fite TV Event 05:
Sport FITE TV,FITE TV EVENT 06:
Sport FITE TV,FITE TV EVENT 08:
Sport FITE TV,Fite TV 8 HD (D)
Sport FITE TV,Fite TV 8 SD (D)
Sport FITE TV,Fite TV 9 HD (D)
Sport FITE TV,Fite TV 9 SD (D)
Sport FITE TV,FITE TV EVENT 9:
Sport FITE TV,Fite TV 24/7 HD
Sport FITE TV,Fite TV 24/7 HD
Sport FITE TV,Fite TV 24/7 SD
Sport FITE TV,Fite TV 24/7 SD
Sport FITE TV,FITE EVENT 07:
Sport Golf,USA Golf 01: 
Sport Golf,USA Golf 02: 
Sport Golf,USA Golf 03: 
Sport Golf,USA Golf 04: 
Sport Golf,USA Golf 05:
Sport Match Center,Match Centre #10
Sport Match Center,Match Centre #11
Sport Match Center,Match Centre #12
Sport Match Center,Match Centre #13
Sport Match Center,Match Centre #14
Sport Match Center,Match Centre #15
Sport Match Center,Match Centre #16
Sport Match Center,Match Centre #17
Sport Match Center,Match Centre #18
Sport Match Center,Match Centre #19
Sport Match Center,Match Centre #20
Sport Match Center,Match Centre #21
Sport Match Center,Match Centre #22
Sport Match Center,Match Centre #23
Sport Match Center,Match Centre #24
Sport Match Center,Match Centre #25
Sport Match Center,Match Centre #26
Sport Match Center,Match Centre #27
Sport Match Center,Match Centre #28
Sport Match Center,Match Centre #29
Sport Match Center,Match Centre #30
Sport Match Center,Match Centre #31
Sport Match Center,Match Centre #32
Sport Match Center,Match Centre #33
Sport Match Center,Match Centre #34
Sport Match Center,Match Centre #35
Sport Match Center,Match Centre #36
Sport Match Center,Match Centre #37
Sport Match Center,Match Centre #38
Sport Match Center,Match Centre #39
Sport Match Center,Match Centre #40
Sport Match Center,Match Centre #1
Sport Match Center,Match Centre #2
Sport Match Center,Match Centre #3
Sport Match Center,Match Centre #4
Sport Match Center,Match Centre #5
Sport Match Center,Match Centre #6
Sport Match Center,Match Centre #7
Sport Match Center,Match Centre #8
Sport Match Center,Match Centre #9
Sport MotorSport,MotorSport 01
Sport MotorSport,MotorSport 02
Sport MotorSport,MotorSport 03
Sport MotorSport,MotorSport 04
Sport MotorSport,MotorSport 05
Sport NCAA Men Basketball,NCAAB 07 ESPN+ 33 (D): Lancaster Bible College vs. Campbell (M Basketball) 19:00et-00:00uk
Sport NCAA Men Basketball,NCAAB 12 ESPN+ 48 (D): Northwestern State vs. #15 Houston (M Basketball) 20:00et-01:00uk
Sport NCAA Men Basketball,NCAAB 01  ESPN+ 21 (D): Kentucky Christian vs. Radford (M Basketball) 18:30et-23:30uk
Sport NCAA Men Basketball,NCAAB 13 ESPN+ 50 (D): Mississippi College vs. Samford (M Basketball) 20:00et-01:00uk
Sport NCAA Men Basketball,NCAAB 14 ESPN+ 57 (D): New Mexico vs. New Mexico State (M Basketball) 21:00et-02:00uk
Sport NCAA Men Basketball,NCAAB 03 ESPN+ 23 (D): Chattanooga vs. Tennessee Tech (M Basketball) 19:00et-00:00uk
Sport NCAA Men Basketball,NCAAB 08 ESPN+ 35 (D): Old Dominion vs. East Carolina (M Basketball) 19:00et-00:00uk
Sport NCAA Men Basketball,NCAAB 05 ESPN+ 29 (D): Bellarmine vs. West Virginia (M Basketball) 19:00et-00:00uk
Sport NCAA Men Basketball,NCAAB 04  ESPN+ 26 (D): New Orleans vs. Texas AnM (M Basketball) 19:00et-00:00uk
Sport NCAA Men Basketball,NCAAB 02 ESPN+ 22 (D): Elon vs. UNC Greensboro (M Basketball) 19:00et-00:00uk
Sport NCAA Men Basketball,NCAAB 10  ESPN+ 38 (D): Clarks Summit vs. VMI (M Basketball) 19:00et-00:00uk
Sport NCAA Men Basketball,NCAAB 06 ESPN+ 30 (D): Furman vs. High Point (M Basketball) 19:00et-00:00uk
Sport NCAA Men Basketball,NCAAB 11  ESPN+ 41 (D): Rider vs. Ole Miss (M Basketball) 19:30et-00:30uk
Sport NCAA Men Basketball,NCAAB 09 ESPN+ 37 (D): Siena vs. Army (M Basketball) 19:00et-00:00uk
Sport NCAA Men Basketball,NCAAB 16 South Carolina vs C. Carolina @7:00 pm
Sport NCAA Men Basketball,NCAAB 26 Washington St. vs Arizona St. @7:30 pm
Sport NCAA Men Basketball,NCAAB 25  Louisville vs Michigan St. @7:15 pm
Sport NCAA Men Basketball,NCAAB 34 Ark.-Pine Bluff vs Iowa St. @8:00 pm
Sport NCAA Men Basketball,NCAAB 35 Cent. Arkansas vs Arkansas @8:00 pm
Sport NCAA Men Basketball,NCAAB 37 So. Miss vs South Alabama @8:00 pm
Sport NCAA Men Basketball,NCAAB 39  Texas Tech vs Providence @8:30 pm
Sport NCAA Men Basketball,NCAAB 31 Wichita St. vs Okla. St. @8:00 pm
Sport NCAA Men Basketball,NCAAB 43 Miami (Fla.) vs Penn St. @9:15 pm
Sport NCAA Men Basketball,NCAAB 19 Coppin St. vs St. Bona. @7:00 pm
Sport NCAA Men Basketball,NCAAB 42 Michigan vs N. Carolina @9:15 pm
Sport NCAA Men Basketball,NCAAB 15  C. Michigan vs Xavier @6:30 pm
Sport NCAA Men Basketball,NCAAB 27 Texas So. vs La. Tech @7:30 pm
Sport NCAA Men Basketball,NCAAB 33  Albany vs Kansas St. @8:00 pm
Sport NCAA Men Basketball,NCAAB 41 Wisconsin vs Ga. Tech @9:15 pm
Sport NCAA Men Basketball,NCAAB 22 Va. Tech vs Maryland @7:15 pm
Sport NCAA Men Basketball,NCAAB 24 Nebraska vs NC State @7:15 pm
Sport NCAA Men Basketball,NCAAB 17  La Salle vs Temple @7:00 pm
Sport NCAA Men Basketball,NCAAB 23 Memphis vs Georgia @7:15 pm
Sport NCAA Men Basketball,NCAAB 40 BYU vs Utah Valley @9:00 pm
Sport NCAA Men Basketball,NCAAB 18 Villanova vs Penn @7:00 pm
Sport NCAA Men Basketball,NCAAB 21 Marshall vs Akron @7:00 pm
Sport NCAA Men Basketball,NCAAB 44 Colorado vs UCLA @9:30 pm
Sport NCAA Men Basketball,NCAAB 36 vs Abilene Chr. @8:00 pm
Sport NCAA Men Basketball,NCAAB 30 UCF vs Auburn @8:00 pm
Sport NCAA Men Basketball,NCAAB 45  Utah vs USC @11:30 pm
Sport NCAA Men Basketball,NCAAB 28 vs SF Austin @7:30 pm
Sport NCAA Men Basketball,NCAAB 38  UNLV vs SMU @8:00 pm
Sport NCAA Men Basketball,NCAAB 20 FGCU vs FIU @7:00 pm
Sport NCAA Men Basketball,NCAAB 29 ETSU vs UAB @7:30 pm
Sport NCAA Men Basketball,NCAAB 32 Ohio vs LSU @8:00 pm
Sport NCAA Men Basketball,NCAAB 46 
Sport NCAA Men Basketball,NCAAB 47 
Sport NCAA Men Basketball,NCAAB 48 
Sport NCAA Men Basketball,NCAAB 49 
Sport NCAA Men Basketball,NCAAB 50 
Sport NCAA Men Basketball,NCAAB 51 
Sport NCAA Men Basketball,NCAAB 52 
Sport NCAA Men Basketball,NCAAB 53 
Sport NCAA Men Basketball,NCAAB 54 
Sport NCAA Men Basketball,NCAAB 55 
Sport NCAA Men Basketball,NCAAB 56 
Sport NCAA Men Basketball,NCAAB 57 
Sport NCAA Men Basketball,NCAAB 58 
Sport NCAA Men Basketball,NCAAB 59 
Sport NCAA Men Basketball,NCAAB 60 
Sport NCAA Men Basketball,NCAAB 61 
Sport NCAA Men Basketball,NCAAB 62 
Sport NCAA Men Basketball,NCAAB 63 
Sport NCAA Men Basketball,NCAAB 64 
Sport NCAA Men Basketball,NCAAB 65 
Sport NCAA Men Basketball,NCAAB 66 
Sport NCAA Men Basketball,NCAAB 67 
Sport NCAA Men Basketball,NCAAB 68 
Sport NCAA Men Basketball,NCAAB 69 
Sport NCAA Men Basketball,NCAAB 70 
Sport NCAA Men Basketball,NCAAB 71 
Sport NCAA Men Basketball,NCAAB 72 
Sport NCAA Men Basketball,NCAAB 73 
Sport NCAA Men Basketball,NCAAB 74 
Sport NCAA Men Basketball,NCAAB 75 
Sport NCAA Men Basketball,NCAAB 76
Sport NCAA Men Basketball,NCAAB 77
Sport NCAA Men Basketball,NCAAB 78
Sport NCAA Men Basketball,NCAAB 79
Sport NCAA Men Basketball,NCAAB 80
Sport NCAA Women Basketball,NCAAW 28: South Carolina Upstate vs. Western Carolina (W Basketball) 19:30et-00:30uk
Sport NCAA Women Basketball,NCAAW 03: East Tennessee State vs. Appalachian State (W Basketball) 17:00et-22:00uk
Sport NCAA Women Basketball,NCAAW 30:  Park University (AZ) vs. Grand Canyon (W Basketball) 20:00et-01:00uk
Sport NCAA Women Basketball,NCAAW 21: Princeton vs. #22 Florida Gulf Coast (W Basketball) 19:00et-00:00uk
Sport NCAA Women Basketball,NCAAW 12: Maryland-Eastern Shore vs. Richmond (W Basketball) 18:00et-23:00uk
Sport NCAA Women Basketball,NCAAW 31: Loyola Marymount vs. CSU Northridge (W Basketball) 22:00et-03:00uk
Sport NCAA Women Basketball,NCAAW 20:  Indiana State vs. Chicago State (W Basketball) 19:00et-00:00uk
Sport NCAA Women Basketball,NCAAW 01: Warren Wilson vs. UNC Asheville (W Basketball) 11:30et-16:30uk
Sport NCAA Women Basketball,NCAAW 05: Southern Miss vs. Georgia State (W Basketball) 17:30et-22:30uk
Sport NCAA Women Basketball,NCAAW 06: Saint Francis (PA) vs. Bucknell (W Basketball) 18:00et-23:00uk
Sport NCAA Women Basketball,NCAAW 09: UNC Greensboro vs. Presbyterian (W Basketball) 18:00et-23:00uk
Sport NCAA Women Basketball,NCAAW 18: Central Michigan vs. Cincinnati (W Basketball) 19:00et-00:00uk
Sport NCAA Women Basketball,NCAAW 29: UT Rio Grande Valley vs. Kansas (W Basketball) 20:00et-01:00uk
Sport NCAA Women Basketball,NCAAW 25: Oral Roberts vs. Wichita State (W Basketball) 19:00et-00:00uk
Sport NCAA Women Basketball,NCAAW 23: UMBC vs. American University (W Basketball) 19:00et-00:00uk
Sport NCAA Women Basketball,NCAAW 04: UNC Wilmington vs. Winthrop (W Basketball) 17:00et-22:00uk
Sport NCAA Women Basketball,NCAAW 13: Oakwood vs. North Alabama (W Basketball) 18:30et-23:30uk
Sport NCAA Women Basketball,NCAAW 26: Xavier (LA) vs. Louisiana (W Basketball) 19:00et-00:00uk
Sport NCAA Women Basketball,NCAAW 08:  New Hampshire vs. Brown (W Basketball) 18:00et-23:00uk
Sport NCAA Women Basketball,NCAAW 16: Florida vs. George Mason (W Basketball) 19:00et-00:00uk
Sport NCAA Women Basketball,NCAAW 19: UMass Lowell vs. Cornell (W Basketball) 19:00et-00:00uk
Sport NCAA Women Basketball,NCAAW 10: East Carolina vs. VCU (W Basketball) 18:00et-23:00uk
Sport NCAA Women Basketball,NCAAW 02: Canisius vs Duquesne (W Basketball) 16:00et-21:00uk
Sport NCAA Women Basketball,NCAAW 07: Marist vs. Lafayette (W Basketball) 18:00et-23:00uk
Sport NCAA Women Basketball,NCAAW 11: UNLV vs. Utah Valley (W Basketball) 18:00et-23:00uk
Sport NCAA Women Basketball,NCAAW 27: SE Louisiana vs. TCU (W Basketball) 19:30et-00:30uk
Sport NCAA Women Basketball,NCAAW 17: Fairfield vs. UMass (W Basketball) 19:00et-00:00uk
Sport NCAA Women Basketball,NCAAW 24: Liberty vs. Hampton (W Basketball) 19:00et-00:00uk
Sport NCAA Women Basketball,NCAAW 22: Furman vs. Radford (W Basketball) 19:00et-00:00uk
Sport NCAA Women Basketball,NCAAW 14:  Samford vs. Troy (W Basketball) 18:30et-23:30uk
Sport NCAA Women Basketball,NCAAW 15: Bryant vs. Albany (W Basketball) 19:00et-00:00uk
Sport NCAA Women Basketball,NCAAW 32:
Sport NCAA Women Basketball,NCAAW 33:
Sport NCAA Women Basketball,NCAAW 34:
Sport NCAA Women Basketball,NCAAW 35:
Sport NCAA Women Basketball,NCAAW 36:
Sport NCAA Women Basketball,NCAAW 37:
Sport NCAA Women Basketball,NCAAW 38:
Sport NCAA Women Basketball,NCAAW 39:
Sport NCAA Women Basketball,NCAAW 40:
Sport NCAA Women Basketball,NCAAW 41:
Sport NCAA Women Basketball,NCAAW 42:
Sport NCAA Women Basketball,NCAAW 43:
Sport NCAA Women Basketball,NCAAW 44:
Sport NCAA Women Basketball,NCAAW 45:
Sport NCAA Women Basketball,NCAAW 46:
Sport NCAA Women Basketball,NCAAW 47:
Sport NCAA Women Basketball,NCAAW 48:
Sport NCAA Women Basketball,NCAAW 49:
Sport NCAA Women Basketball,NCAAW 50:
Sport NCAA Women Basketball,NCAAW 51:
Sport NCAA Women Basketball,NCAAW 52:
Sport NCAA Women Basketball,NCAAW 53:
Sport NCAA Women Basketball,NCAAW 54:
Sport NCAA Women Basketball,NCAAW 55:
Sport NCAA Women Basketball,NCAAW 56:
Sport NCAA Women Basketball,NCAAW 57:
Sport NCAA Women Basketball,NCAAW 58:
Sport NCAA Women Basketball,NCAAW 59:
Sport NCAA Women Basketball,NCAAW 60:
Sport Rugby,USA Rugby 01: 
Sport Rugby,USA Rugby 02: 
Sport Rugby,USA Rugby 03: 
Sport Rugby,USA Rugby 04: 
Sport Rugby,USA Rugby 05:
Sport Softball,Softball 04: 
Sport Softball,Softball 01:
Sport Softball,Softball 02:
Sport Softball,Softball 03:
Sport Softball,Softball 05:
Sport Softball,Softball 06:
Sport Softball,Softball 07:
Sport Softball,Softball 08:
Sport Softball,Softball 09:
Sport Softball,Softball 10:
Sport Softball,Softball 11:
Sport Softball,Softball 12:
Sport Softball,Softball 13:
Sport Softball,Softball 14:
Sport Softball,Softball 15:
Sport Softball,Softball 16:
Sport Softball,Softball 17:
Sport Softball,Softball 18:
Sport Softball,Softball 19:
Sport Softball,Softball 20:
Sport Softball,Softball 21:
Sport Softball,Softball 22:
Sport Softball,Softball 23:
Sport Softball,Softball 24:
Sport Softball,Softball 25:
Sport Softball,Softball 26:
Sport Softball,Softball 27:
Sport Softball,Softball 28:
Sport Softball,Softball 29:
Sport Softball,Softball 30:
Sport Softball,Softball 31:
Sport Softball,Softball 32:
Sport Softball,Softball 33:
Sport Softball,Softball 34:
Sport Softball,Softball 35:
Sport Softball,Softball 36:
Sport Softball,Softball 37:
Sport Softball,Softball 38:
Sport Softball,Softball 39:
Sport Softball,Softball 40:
Sport Softball,Softball 41:
Sport Softball,Softball 42:
Sport Softball,Softball 43:
Sport Softball,Softball 44:
Sport Softball,Softball 45:
Sport Softball,Softball 46:
Sport Softball,Softball 47:
Sport Softball,Softball 48:
Sport Softball,Softball 49:
Sport Softball,Softball 50:
Sport Tennis,USA Tennis 01: 
Sport Tennis,USA Tennis 02: 
Sport Tennis,USA Tennis 03: 
Sport Tennis,USA Tennis 04: 
Sport Tennis,USA Tennis 05: 
Sri Lanka,LK: Siyatha TV
Suriname,SUR: Investigation Discovery
Suriname,SUR: Discovery Channel
Suriname,SUR: FRECUENCIA LATINA
Suriname,SUR: CARACOL NACIONAL
Suriname,SUR: Las Estrellas HD
Suriname,SUR: CARTOON NETWORK
Suriname,SUR: CINEMA DINAMITA
Suriname,SUR: History Channel
Suriname,SUR: Discovery KIDS
Suriname,SUR: Disney Channel
Suriname,SUR: FOX P Series E
Suriname,SUR: EUROPA EUROPA
Suriname,SUR: TC TELEVISION
Suriname,SUR: AMERICA NEXT
Suriname,SUR: CABLENOTICIA
Suriname,SUR: CLARO CINEMA
Suriname,SUR: FOX P ACTION
Suriname,SUR: FOX P Movies
Suriname,SUR: FOX SPORTS 2
Suriname,SUR: NTN 24 HORAS
Suriname,SUR: TELEPACIFICO
Suriname,SUR: CANAL CLARO
Suriname,SUR: CDF PREMIUM
Suriname,SUR: CNN Espanol
Suriname,SUR: GLOBOVISION
Suriname,SUR: Suryoyo Sat
Suriname,SUR: ZONA LATINA
Suriname,SUR nickelodeon
Suriname,SUR: FOX SPORTS
Suriname,SUR: HBO FAMILY
Suriname,SUR: PARAVISION
Suriname,SUR: Suryoyo TV
Suriname,SUR: CANAL TRO
Suriname,SUR: Disney JR
Suriname,SUR: Disney XD
Suriname,SUR: ENLACE TV
Suriname,SUR: ESPN + HD
Suriname,SUR: ESPN 1 HD
Suriname,SUR: ESPN 2 HD
Suriname,SUR: ESPN 3 HD
Suriname,SUR: FX Movies
Suriname,SUR: SUBORO TV
Suriname,SUR: TELE ISLA
Suriname,SUR: 24 HORAS
Suriname,SUR: EL NUEVE
Suriname,SUR: FOX LIFE
Suriname,SUR: HBO PLUS
Suriname,SUR: NAT GEO
Suriname,SUR: GOL TV
Suriname,SUR: SUR TV
Suriname,SUR: TELEFE
Suriname,SUR: HBO 2
Suriname,SUR: SPACE
Suriname,SUR: 26TV
Suriname,SUR: HGTV
Suriname,SUR: Peru
Suriname,SUR: SONY
Suriname,SUR: C9N
Suriname,SUR: HBO
Suriname,SUR: MAX
Suriname,SUR: MTV
Suriname,SUR: TBS
Suriname,SUR: TCM
Suriname,SUR: TLT
Suriname,SUR: TNT
Suriname,SUR: TVE
Suriname,SUR: FX
Sweden,SE: Investigation Discovery
Sweden,SE: Oppna Kanalen Stockholm
Sweden,SE: Paramount Network HD
Sweden,SE: Teleclub Sport 1 FHD
Sweden,SE: Viasat Film Premiere
Sweden,SE: Viasat Sport Premium
Sweden,SE: National Geographic
Sweden,SE: C More FOOTBALL HD
Sweden,SE: History Channel HD
Sweden,SE: Horse & Country TV
Sweden,SE: Viasat Film Action
Sweden,SE: Viasat Film Family
Sweden,SE: Discovery Channel
Sweden,SE: Discovery Science
Sweden,SE: Disocvery Channel
Sweden,SE: Viasat Fotboll HD
Sweden,SE: C More Live 1 HD
Sweden,SE: C More Live 2 HD
Sweden,SE: C More LIVE 3 HD
Sweden,SE: C More Live 4 HD
Sweden,SE: C More LIVE 5 HD
Sweden,SE: DPLAY SPORT 1 HD
Sweden,SE: DPLAY SPORT 2 HD
Sweden,SE: Motorsport TV HD
Sweden,SE: Sport Premium HD
Sweden,SE: Viasat Film Hits
Sweden,SE: VIASAT HOCKEY HD
Sweden,SE: VISASAT SPORT HD
Sweden,SE: C More FIRST HD
Sweden,SE: Cartoon Network
Sweden,SE: Discovery World
Sweden,SE: Eurosport 2 FHD
Sweden,SE: Kanal 5 Sverige
Sweden,SE: Kunskapskanalen
Sweden,SE: Viasat Sport HD
Sweden,SE: BBC WORLD NEWS
Sweden,SE: C More Live HD
Sweden,SE: Comedy Central
Sweden,SE: Disney Channel
Sweden,SE: MYSPORTS 1 FHD
Sweden,SE: SVTB SVT 24 HD
Sweden,SE: Travel Channel
Sweden,SE: Viasat Explore
Sweden,SE: Viasat History
Sweden,SE: Animal Planet
Sweden,SE: C More Hockey
Sweden,SE: C More Series
Sweden,SE: Disney Junior
Sweden,SE: Himlen TV7 HD
Sweden,SE: SVT1 Värmland
Sweden,SE: Viasat Nature
Sweden,SE: Viasat Series
Sweden,SE: C More First
Sweden,SE: C More Sport
Sweden,SE: C More Stars
Sweden,SE: EXPRESSEN TV
Sweden,SE: Nat Geo Wild
Sweden,SE: Viasat Motor
Sweden,SE: C More Golf
Sweden,SE: C More Hits
Sweden,SE: Eurosport 1
Sweden,SE: Kanal 10 HD
Sweden,SE: Nickelodeon
Sweden,SE: svt BARN HD
Sweden,SE: Viasat Golf
Sweden,SE: FOX SWEDEN
Sweden,SE: SF Kanalen
Sweden,SE: BBC Earth
Sweden,SE: BLOOMBERG
Sweden,SE: Boomerang
Sweden,SE: TV3 Sport
Sweden,SE: TV4 Fakta
Sweden,SE: TV4 Guld 
Sweden,SE: BBC Brit
Sweden,SE: Kanal 11
Sweden,SE: KANAL 12
Sweden,SE: SVt 1 HD
Sweden,SE: SVT2 FHD
Sweden,SE: TV4 Film
Sweden,SE: VIASAT 4
Sweden,SE: Kanal 5
Sweden,SE: Kanal 9
Sweden,SE: Nick Jr
Sweden,SE: TV 6 HD
Sweden,SE: TV11 HD
Sweden,SE: TV4 FHD
Sweden,SE: H2 HD
Sweden,SE: Sjuan
Sweden,SE: SVT24
Sweden,SE: TV 10
Sweden,SE: TV 12
Sweden,SE: TV 3
Sweden,SE: TV 8
Sweden,SE: CNN
Sweden,SE: Fox
Sweden,SE: MTV
Sweden,SE: TCM
Sweden,SE: TLC
Sweden,SE: TV6
Sweden,SE: VH1
Sweden,SE: E!
Switzerland,CH: TeleClub Discovery Channel HD
Switzerland,CH: National Geographic Wild HD
Switzerland,CH: National Geographic HD
Switzerland,CH: Discovery Channel FHD
Switzerland,SE: V Sport Football FHD
Switzerland,CH: TeleClub Sport 1 HD
Switzerland,CH: Viasat film Family
Switzerland,CH: Teleclub Zoom FHD
Switzerland,CH: TV Suedostschweiz
Switzerland,CH: Blue Sport 1 FHD
Switzerland,CH: Blue Sport 2 FHD
Switzerland,CH: Disney Junior HD
Switzerland,CH: Blue Action FHD
Switzerland,CH: C More SERIE HD
Switzerland,CH: Discovery WORLD
Switzerland,CH: Blue Prime FHD
Switzerland,CH: Blue Stars FHD
Switzerland,CH: C More Live HD
Switzerland,CH: Disney Channel
Switzerland,CH: Kunskapskalen 
Switzerland,CH: MySports 1 FHD
Switzerland,CH: MySports 2 FHD
Switzerland,CH: MySports 3 FHD
Switzerland,CH: MySports 4 FHD
Switzerland,CH: MySports 5 FHD
Switzerland,CH: MySports 7 FHD
Switzerland,CH: MySports 8 FHD
Switzerland,CH: PROSIEBEN MAXX
Switzerland,CH: Tele Ticino TV
Switzerland,CH EUROSPORT 2 HD
Switzerland,CH: MySports 6 HD
Switzerland,CH: MySports 9 HD
Switzerland,CH: RTS Couleur 3
Switzerland,CH: TV 4 FAKTA XL
Switzerland,CH: PROSIEBEN HD
Switzerland,CH: Rouge TV FHD
Switzerland,CH: RSI LA 1 FHD
Switzerland,CH: RSI LA 2 FHD
Switzerland,CH: RTS Deux FHD
Switzerland,CH: SRF Info FHD
Switzerland,CH: SUPER RTL HD
Switzerland,CH: La Tele FHD
Switzerland,CH: Nick Junior
Switzerland,CH: nickelodeon
Switzerland,CH: SRF ZWEI HD
Switzerland,CH: Tele M1 FHD
Switzerland,CH: Tele Top HD
Switzerland,CH: RTS Un FHD
Switzerland,CH: SAT 1 GOLD
Switzerland,CH: Swiss 1 HD
Switzerland,CH: SRF 1 FHD
Switzerland,CH: Tele Bärn
Switzerland,CH: TeleBasel
Switzerland,CH: Beatz TV
Switzerland,CH: RTS 2 HD
Switzerland,CH: SAT 1 HD
Switzerland,CH: SVT 2 HD
Switzerland,CH: Folx TV
Switzerland,CH: KANAL 9
Switzerland,CH: TLC FHD
Switzerland,CH: TV24 HD
Switzerland,CH: TVO FHD
Switzerland,CH: DieuTV
Switzerland,CH: F 2 HD
Switzerland,CH: RTL HD
Switzerland,CH: TELE 1
Switzerland,CH: 3+ HD
Switzerland,CH: 4 FHD
Switzerland,CH: 4+ HD
Switzerland,CH: 5+ HD
Switzerland,CH: S1 HD
Switzerland,CH: SFR 1
Switzerland,CH: TV 10
Switzerland,CH: TVM3
Syriacs Channels,AR: Noursat Alchabab*
Syriacs Channels,AR: Al Karama TV Me
Syriacs Channels,AR: Assyria Sat HD
Syriacs Channels,AR: Charity TV HD
Syriacs Channels,AR: Nour Al Sharq
Syriacs Channels,AR: ANB Assyrian
Syriacs Channels,AR: Al Malakoot
Syriacs Channels,AR: Nour Koddas
Syriacs Channels,AR: Nour Mariam
Syriacs Channels,AR: Suryoyo Sat
Syriacs Channels,AR: Marcile TV
Syriacs Channels,AR: Sat 7 Kids
Syriacs Channels,AR: Ishtar TV
Syriacs Channels,AR: Mariam TV
Syriacs Channels,AR: Suboro TV
Syriacs Channels,AR: Hayat TV
Syriacs Channels,AR: Logos TV
Syriacs Channels,AR: Nour Sat
Syriacs Channels,AR: ABN SAT
Syriacs Channels,AR: Al Fady
Syriacs Channels,AR: Aghapy
Syriacs Channels,AR: Me Sat
Syriacs Channels,AR: Sat 7
Thailand,Thai: tvmuslimThai  HD
Thailand,Thai: GMM GRAMMY GOLD
Thailand,Thai: OH MUANG LAO HD
Thailand,Thai: LAOS PLANET TV
Thailand,Thai: true sports 7
Thailand,Thai: UNIQUELY THAI
Thailand,Thai: White Channel
Thailand,Thai: LAO THAI TV
Thailand,Thai: THAI PBS HD
Thailand,Thai: GMM-ONE HD
Thailand,TH: Banteng 100
Thailand,TH: Thairath TV
Thailand,Thai: CHANNEL 7
Thailand,Thai: LAO SV TV
Thailand,Thai: Mvtv V2H9
Thailand,Thai: OY LAO TV
Thailand,Thai: TEA TV HD
Thailand,Thai: THAI 3 HD
Thailand,Thai: True4u HD
Thailand,Thai: TVD MONO
Thailand,Thai: VATI LAO
Thailand,Thai: HappyTV
Thailand,Thai: Mvtv HD
Thailand,Thai: PPTV HD
Thailand,Thai: TV 5 HD
Thailand,Thai: MV LAO
Thailand,Thai: NBT HD
Thailand,Thai: V2H11
Thailand,Thai: DDTV
Turkey,TR: beIN Movies Family HD
Turkey,TR: beIN Movies Action 2 FHD
Turkey,TR: beIN Movies Premiere FHD
Turkey,TR: national geo people HDi
Turkey,TR: national geographic HDi
Turkey,TR: beIN Movies Action FHD
Turkey,TR: beIN Movies Premiere 2
Turkey,TR: beIN Series Comedy FHD
Turkey,TR: beIN Box Office 1 FHD
Turkey,TR: beIN Box Office 2 FHD
Turkey,TR: beIN Box Office 3 FHD
Turkey,TR: beIN Movies Stars FHD
Turkey,TR: beIN Series Drama FHD
Turkey,TR: beIN Series Sci-Fi HD
Turkey,TR: beIN Sports Max 1 FHD
Turkey,TR: beIN Sports Max 2 FHD
Turkey,TR: beIN Movies Turk FHD
Turkey,TR: Discovery Channel HD
Turkey,TR: Discovery Science HD
Turkey,TR: Movies Smart Turk HD
Turkey,TR: beIN Series Vice HD
Turkey,TR: beIN Sport Haber HD
Turkey,TR: FilmBox Festival HD
Turkey,TR: FilmBOX HD Yesilcam
Turkey,TR: Cartoon Network HD
Turkey,TR: beIN Sports 2 FHD
Turkey,TR: beIN Sports 3 FHD
Turkey,TR: beIN Sports 4 FHD
Turkey,TR: Disney Channel HD
Turkey,TR: EXXEN Sport 1 FHD
Turkey,TR: EXXEN Sport 2 FHD
Turkey,TR: EXXEN Sport 3 FHD
Turkey,TR: EXXEN Sport 4 FHD
Turkey,TR: EXXEN Sport 5 FHD
Turkey,TR: EXXEN Sport 6 FHD
Turkey,TR: Viasat History HD
Turkey,TR: Animal Planet HD
Turkey,TR: beIN Sports 1 HD
Turkey,TR: Da Vinci Kids HD
Turkey,TR: Haber Global FHD
Turkey,TR: TIVIBUSPOR 1 FHD
Turkey,TR: TIVIBUSPOR 2 FHD
Turkey,TR: TIVIBUSPOR 3 FHD
Turkey,TR: Discovery ID HD
Turkey,TR: Kanal Avrupa HD
Turkey,TR: Minika Cocuk HD
Turkey,TR: Nat Geo Wild HD
Turkey,TR: TRT Belgesel HD
Turkey,TR: beIN Gurme FHD
Turkey,TR: Eurosport 1 HD
Turkey,TR: Eurosport 2 HD
Turkey,TR: Haber Turk FHD
Turkey,TR: Mavi Karadeniz
Turkey,TR: Nickelodeon HD
Turkey,TR: Smart Cocuk HD
Turkey,TR: Spor Smart FHD
Turkey,TR: TGRT Haber FHD
Turkey,TR: 24 Kitchen HD
Turkey,TR: beIN Gurme HD
Turkey,TR: Dream Turk HD
Turkey,TR: Power Turk HD
Turkey,TR: S-Sport 1 FHD
Turkey,TR: Tek Rumeli TV
Turkey,TR: TRT Haber FHD
Turkey,TR: TRT SPOR 2 HD
Turkey,TR: TRT World FHD
Turkey,TR: Akit Plus TV
Turkey,TR: BBC Earth HD
Turkey,TR: Bloomberg HT
Turkey,TR: Boomerang HD
Turkey,TR: CNN Turk FHD
Turkey,TR: Disney JR HD
Turkey,TR: Disney XD HD
Turkey,TR: NTV Haber HD
Turkey,TR: Semerkand TV
Turkey,TR: TRT Çocuk HD
Turkey,TR: TRT Muzik HD
Turkey,TR: A Haber FHD
Turkey,TR: Apara TV HD
Turkey,TR: Cbeebies HD
Turkey,TR: Dream TV HD
Turkey,TR: Ege Turk TV
Turkey,TR: Idman TV HD
Turkey,TR: Kanal 24 HD
Turkey,TR: Kanal 7 FHD
Turkey,TR: Power TV HD
Turkey,TR: SportsTV HD
Turkey,TR: Star TV FHD
Turkey,TR: TRT SPOR HD
Turkey,TR: YABAN TV HD
Turkey,TR: A News FHD
Turkey,TR: A SPOR FHD
Turkey,TR: Baby TV HD
Turkey,TR: beIN IZ HD
Turkey,TR: BeyazTV HD
Turkey,TR: EKOTÜRK HD
Turkey,TR: Fox TV FHD
Turkey,TR: Halk TV HD
Turkey,TR: History HD
Turkey,TR: Kanal D HD
Turkey,TR: KRAL TV HD
Turkey,TR: Lalegul TV
Turkey,TR: NBA TV FHD
Turkey,TR: Nick JR HD
Turkey,TR: S SPORT HD
Turkey,TR: Teve 2 FHD
Turkey,TR: TV 8.5 FHD
Turkey,TR: Ülke TV HD
Turkey,TR: Akilli TV
Turkey,TR: CAN TV HD
Turkey,TR: KRT TV HD
Turkey,TR: Rehber TV
Turkey,TR: Show Turk
Turkey,TR: ShowTV HD
Turkey,TR: Tele 1 HD
Turkey,TR: TJK TV HD
Turkey,TR: YOL TV HD
Turkey,TR: Bursa TV
Turkey,TR: Diyar TV
Turkey,TR: Show Max
Turkey,TR: TRT 1 HD
Turkey,TR: TRT 2 HD
Turkey,TR: TRT Turk
Turkey,TR: TV100 HD
Turkey,TR: ATV FHD
Turkey,TR: DMAX HD
Turkey,TR: Dost TV
Turkey,TR: FBTV HD
Turkey,TR: GSTV HD
Turkey,TR: IZTV HD
Turkey,TR: TRT FHD
Turkey,TR: TV 8 HD
Turkey,TR: CEM TV
Turkey,TR: KOY TV
Turkey,TR: NR1 HD
Turkey,TR: TLC HD
Turkey,TR: A2 HD
Turkey,TR: FX HD
UK: Asia,UK Sony Entertainment
UK: Asia,UK: Islam Channel HD
UK: Asia,UK Sony TV UK
UK: Asia,UK Zee Cinema
UK: Asia,UK ABP News
UK: Asia,UK ARY News
UK: Asia,UK B4U PLUS
UK: Asia,UK Aaj Tak
UK: Asia,UK Colors
UK: Documentary,UK Investigation Discovery
UK: Documentary,UK DESTINATION AMERICA HD
UK: Documentary,UK History Channel FHD
UK: Documentary,UK Discovery History
UK: Documentary,UK Discovery Science
UK: Documentary,UK Sky Documentaries
UK: Documentary,UK Discovery Turbo
UK: Documentary,UK Travel Channel
UK: Documentary,UK BLOOMBERG HD
UK: Documentary,UK DISCOVERY +1
UK: Documentary,UK Yesterday HD
UK: Documentary,UK EURONEWS HD
UK: Documentary,UK Home Health
UK: Documentary,UK Love Nature
UK: Documentary,UK PRESS TV HD
UK: Documentary,UK SKY WITNESS
UK: Documentary,UK Viceland HD
UK: Documentary,UK Sky Nature
UK: Documentary,UK Discovery
UK: Documentary,UK History 2
UK: Documentary,UK EDEN HD
UK: Documentary,UK Nat Geo
UK: Entertainment,UK BBC One (Channel Islands) (D)
UK: Entertainment,UK BBC One (East Yorkshire) (D)
UK: Entertainment,UK BBC One (East Midlands) (D)
UK: Entertainment,UK BBC One (West Midlands) (D)
UK: Entertainment,UK BBC One (North West) (D)
UK: Entertainment,UK BBC One Northern Ireland
UK: Entertainment,UK Crime & Investigation HD
UK: Entertainment,UK BBC One (Cambridge) (D)
UK: Entertainment,UK BBC One North East (D)
UK: Entertainment,UK Star Plus (Utsav Plus)
UK: Entertainment,UK BBC One Yorkshire (D)
UK: Entertainment,UK BBC_Scotland_Stream_1
UK: Entertainment,UK BBC_Scotland_Stream_2
UK: Entertainment,UK BBC_Scotland_Stream_4
UK: Entertainment,UK BBC One (Oxford) (D)
UK: Entertainment,UK Comedy Central Extra
UK: Entertainment,UK UTV Northern Ireland
UK: Entertainment,UK Talking Pictures HD
UK: Entertainment,UK BBC One (East) (D)
UK: Entertainment,UK Comedy Central FHD
UK: Entertainment,UK BBC One South (D)
UK: Entertainment,UK BBC Two Scotland
UK: Entertainment,UK: High Street TV
UK: Entertainment,UK: Sky Comedy FHD
UK: Entertainment,UK Colors Rishtey
UK: Entertainment,UK CREATE & CRAFT
UK: Entertainment,UK PBS AMERICA SD
UK: Entertainment,UK ANIMAL PLANET
UK: Entertainment,UK BBC One Wales
UK: Entertainment,UK BBC Scotland
UK: Entertainment,UK CHALLENGE TV
UK: Entertainment,UK Channel 4 HD
UK: Entertainment,UK Food Network
UK: Entertainment,UK Life Time HD
UK: Entertainment,UK Nat Geo Wild
UK: Entertainment,UK Quest Red HD
UK: Entertainment,UK Sab TV (SET)
UK: Entertainment,UK Sky Atlantic
UK: Entertainment,UK: Discovery+1
UK: Entertainment,UK 5 Select HD
UK: Entertainment,UK CBS Justice
UK: Entertainment,UK CBS Reality
UK: Entertainment,UK Channel 5+1
UK: Entertainment,UK London Live
UK: Entertainment,UK Star Bharat
UK: Entertainment,UK CBS Action
UK: Entertainment,UK MORE 4 FHD
UK: Entertainment,UK CBS DRAMA
UK: Entertainment,UK Channel 5
UK: Entertainment,UK Good Food
UK: Entertainment,UK ICONCERTS
UK: Entertainment,UK Paramount
UK: Entertainment,UK Sky 2 FHD
UK: Entertainment,UK Sky Crime
UK: Entertainment,UK Star Gold
UK: Entertainment,UK: PICK FHD
UK: Entertainment,UK BBC Alba
UK: Entertainment,UK Great TV
UK: Entertainment,UK ITV 1 HD
UK: Entertainment,UK ITV 2 HD
UK: Entertainment,UK ITV 3 HD
UK: Entertainment,UK QUEST +1
UK: Entertainment,UK Sky Arts
UK: Entertainment,UK Dave HD
UK: Entertainment,UK DMAX HD
UK: Entertainment,UK MTV FHD
UK: Entertainment,UK SKY One
UK: Entertainment,UK Sky Two
UK: Entertainment,UK 4SEVEN
UK: Entertainment,UK 5 Star
UK: Entertainment,UK POP +1
UK: Entertainment,UK Really
UK: Entertainment,UK STV HD
UK: Entertainment,UK TRU TV
UK: Entertainment,UK Zee TV
UK: Entertainment,UK 5 USA
UK: Entertainment,UK Alibi
UK: Entertainment,UK BBC 1
UK: Entertainment,UK BBC 2
UK: Entertainment,UK BBC 4
UK: Entertainment,UK Blaze
UK: Entertainment,UK Drama
UK: Entertainment,UK HGTV 
UK: Entertainment,UK Itv 4
UK: Entertainment,UK ITVBE
UK: Entertainment,UK Quest
UK: Entertainment,UK Watch
UK: Entertainment,UK CBBC
UK: Entertainment,UK Gold
UK: Entertainment,UK Syfy
UK: Entertainment,UK Zing
UK: Entertainment,UK BET
UK: Entertainment,UK TLC
UK: Entertainment,UK E!
UK: Entertainment,UK E4
UK: EPL Games,EPL: Now HK Premier Sports 1
UK: EPL Games,EPL: Now HK Premier Sports 2
UK: EPL Games,EPL: Now HK Premier Sports 3
UK: EPL Games,EPL: Now HK Premier Sports 4
UK: EPL Games,EPL: Now HK Premier Sports 5
UK: EPL Games,EPL: Now HK Premier Sports 6
UK: EPL Games,EPL: Now HK Premier Sports 7
UK: EPL Games,EPL: Now HK Premier Sports 8
UK: EPL Games,EPL: Astro SuperSport 1 HD
UK: EPL Games,EPL: Astro SuperSport 2 HD
UK: EPL Games,EPL: Astro SuperSport 3 HD
UK: EPL Games,EPL: Astro SuperSport 4 HD
UK: EPL Games,EPL: SparkSports 10
UK: EPL Games,EPL: SparkSports 6 
UK: EPL Games,EPL: SparkSports 8 
UK: EPL Games,EPL: Optus Sport 1
UK: EPL Games,EPL: Optus Sport 2
UK: EPL Games,EPL: Optus Sport 3
UK: EPL Games,EPL: Optus Sport 4
UK: EPL Games,EPL: Optus Sport 5
UK: EPL Games,EPL: Optus Sport 6
UK: EPL Games,EPL: Optus Sport 7
UK: EPL Games,EPL: SparkSports 1
UK: EPL Games,EPL: SparkSports 2
UK: EPL Games,EPL: SparkSports 3
UK: EPL Games,EPL: SparkSports 4
UK: EPL Games,EPL: SparkSports 5
UK: EPL Games,EPL: SparkSports 7
UK: EPL Games,EPL: SparkSports 9
UK: iFollow EFL,UK VIP: EFL 01
UK: iFollow EFL,UK VIP: EFL 02
UK: iFollow EFL,UK VIP: EFL 03
UK: iFollow EFL,UK VIP: EFL 04
UK: iFollow EFL,UK VIP: EFL 05
UK: iFollow EFL,UK VIP: EFL 06
UK: iFollow EFL,UK VIP: EFL 07
UK: iFollow EFL,UK VIP: EFL 08
UK: iFollow EFL,UK VIP: EFL 09
UK: iFollow EFL,UK VIP: EFL 10
UK: iFollow EFL,UK VIP: EFL 11
UK: iFollow EFL,UK VIP: EFL 12
UK: iFollow EFL,UK VIP: EFL 13
UK: iFollow EFL,UK VIP: EFL 14
UK: iFollow EFL,UK VIP: EFL 15
UK: iFollow EFL,UK VIP: EFL 16
UK: iFollow EFL,UK VIP: EFL 17
UK: iFollow EFL,UK VIP: EFL 18
UK: iFollow EFL,UK VIP: EFL 19
UK: iFollow EFL,UK VIP: EFL 20
UK: iFollow EFL,UK VIP: EFL 21
UK: iFollow EFL,UK VIP: EFL 22
UK: iFollow EFL,UK VIP: EFL 23
UK: iFollow EFL,UK VIP: EFL 24
UK: iFollow EFL,UK VIP: EFL 25
UK: iFollow EFL,UK VIP: EFL 26
UK: iFollow EFL,UK VIP: EFL 27
UK: iFollow EFL,UK VIP: EFL 28
UK: iFollow EFL,UK VIP: EFL 29
UK: iFollow EFL,UK VIP: EFL 30
UK: iFollow EFL,UK VIP: EFL 31
UK: iFollow EFL,UK VIP: EFL 32
UK: iFollow EFL,UK VIP: EFL 33
UK: iFollow EFL,UK VIP: EFL 34
UK: iFollow EFL,UK VIP: EFL 35
UK: Kids,UK POP MAX SD
UK: Kids,UK SKY STORE PRE-ORDER KIDS HD
UK: Kids,UK: Sky Cinema Animation
UK: Kids,UK Cartoon Network  (P)
UK: Kids,UK: Disney Channel FHD
UK: Kids,UK DISNEY JUNIOR FHD
UK: Kids,UK BOOMERANG TV SD
UK: Kids,UK BOX OFFICE 2 HD
UK: Kids,UK Nick Junior Too
UK: Kids,UK Nick Junior HD
UK: Kids,UK: Sky Disney HD
UK: Kids,UK BBC CBeebies
UK: Kids,UK: POP Channel
UK: Kids,UK Nickelodeon
UK: Kids,UK Cartoonito
UK: Kids,UK NICK TOONS
UK: Kids,UK Tiny Pop
UK: Kids,UK baby tv
UK: Kids,UK C ITV
UK: Movies,UK Sky Cinema Action & Adventure
UK: Movies,UK SKY CINEMA CRIME & THRILLER
UK: Movies,UK Sky Cinema SciFi & Horror
UK: Movies,UK Sky Cinema Musicals (D)
UK: Movies,UK SKY CINEMA ACTION FHD
UK: Movies,UK SKY CINEMA SELECT FHD
UK: Movies,UK Universal Channel HD
UK: Movies,UK Sky Cinema Premiere
UK: Movies,UK Sky Cinema Thriller
UK: Movies,UK Sony Movies Classic
UK: Movies,UK Sony Movies Action
UK: Movies,UK Sky Cinema Comedy
UK: Movies,UK SKY CINEMA FAMILY
UK: Movies,UK Sky Cinema Greats
UK: Movies,UK Sky Cinema Sci-fi
UK: Movies,UK Sky Cinema Drama
UK: Movies,UK BOX OFFICE 1 HD
UK: Movies,UK BOX OFFICE 3 HD
UK: Movies,UK Sky Cinema Hits
UK: Movies,UK HORROR CHANNEL
UK: Movies,UK SKY STORE 2 HD
UK: Movies,UK Colors Europe
UK: Movies,UK Sony Channel
UK: Movies,UK TCM Movies+1
UK: Movies,UK True Movies
UK: Movies,UK TCM Movies
UK: Movies,UK Zee Cinema
UK: Movies,UK Film 4 HD
UK: Movies,UK AMC
UK: Music,UK MTV LIVE FHD
UK: Music,UK Spotlight TV
UK: Music,UK STARZ TV FHD
UK: Music,UK: Box Hits HD
UK: Music,UK: MTV Classic
UK: Music,UK MTV Classic
UK: Music,UK MTV Hits HD
UK: Music,Ary Muzik (D)
UK: Music,UK KERRANG SD
UK: Music,UK THE BOX SD
UK: Music,UK B4U Music
UK: Music,UK MTV Dance
UK: Music,UK MTV Music
UK: Music,UK MTV Rocks
UK: Music,UK Clubland
UK: Music,UK MTV Base
UK: Music,UK MTV Club
UK: Music,UK: MTV 80s
UK: Music,UK: Now 90s
UK: Music,UK KISS SD
UK: Music,UK 4Music
UK: Music,UK VH1
UK: News,UK BBC Two Northern Ireland
UK: News,UK CNN INTERNATIONAL
UK: News,UK France 24 English
UK: News,UK BBC Parliament
UK: News,UK BBC World News
UK: News,UK AL JAZEERA HD
UK: News,UK BBC Two Wales
UK: News,UK RTE News Now
UK: News,UK: DW News FHD
UK: News,UK BBC News HD
UK: News,UK Fox News HD
UK: News,UK RT NEWS HD
UK: News,UK: EURO NEWS
UK: News,UK CNBC News
UK: News,UK TRT World
UK: News,UK MSNBC TV
UK: News,UK Sky News
UK: News,UK CNN HD
UK: Religion,UK Faith World TV SD
UK: Religion,UK: Eman Channel SD
UK: Religion,UK Ahlebait TV SD
UK: Religion,UK Dunamis TV SD
UK: Religion,UK Ary Qtv
UK: Religion,UK Kicc TV
UK: Sport,UK BT Sports Extra 1 (live match only)
UK: Sport,UK BT Sports Extra 2 (live match only)
UK: Sport,UK BT Sports Extra 3 (live match only)
UK: Sport,UK BT Sports Extra 4 (live match only)
UK: Sport,UK Hibs TV (only on for matches)
UK: Sport,UK HEARTS TV (Match time Only)
UK: Sport,UK Sky Sports Premier League 
UK: Sport,UK Sky Sports Cricket 1 (P)
UK: Sport,UK Sky Sports Cricket 2 (P)
UK: Sport,UK Sky Sports Action 2 (P)
UK: Sport,UK Sky Sports Action 3 (P)
UK: Sport,UK Sky Sports Arena 2 (P)
UK: Sport,UK Sky Sports Main Events
UK: Sport,UK: SKY SPORTS BOX OFFICE
UK: Sport,UK Sky Sports News 3 (P)
UK: Sport,UK BT SPORTS EXTRA 5 HD
UK: Sport,UK BT SPORTS EXTRA 6 HD
UK: Sport,UK Premier Sports 1 FHD
UK: Sport,UK Sky Sports Mix 1 (P)
UK: Sport,UK Sky Sports Mix 3 (P)
UK: Sport,UK BT Sports ESPN 1 HD
UK: Sport,UK Racing TV HD 1  (P)
UK: Sport,UK Racing TV HD 2  (P)
UK: Sport,UK Sky Sports Football
UK: Sport,UK Sky Sports Cricket
UK: Sport,UK SKY SPORTS GOLF HD
UK: Sport,UK Sky Sports News HD
UK: Sport,UK Sky Sports NFL FHD
UK: Sport,UK Horse and Country
UK: Sport,UK Sky Sports Action
UK: Sport,UK Sky Sports Racing
UK: Sport,UK UFC FIGHT Pass HD
UK: Sport,IR Eir SPORTS 1 FHD
UK: Sport,UK PREMIER SPORTS 2
UK: Sport,UK Sky Sports Arena
UK: Sport,UK Sporty Stuff FHD
UK: Sport,UK BT Sports 1 FHD
UK: Sport,UK EuroSport 2 FHD
UK: Sport,UK MOTOR TREND FHD
UK: Sport,UK RED BULL TV FHD
UK: Sport,UK WWE NETWORK FHD
UK: Sport,UK BT Sports ESPN
UK: Sport,UK EuroSport 1 HD
UK: Sport,UK Sky Sports MIX
UK: Sport,UK Box Nation HD
UK: Sport,UK FREESPORTS SD
UK: Sport,UK Sky Sports F1
UK: Sport,UK At The Races
UK: Sport,UK SkySports F1
UK: Sport,UK BT Sports 2
UK: Sport,UK BT Sports 3
UK: Sport,UK Free Sports
UK: Sport,UK: Rangers TV
UK: Sport,UK LA LIGA TV
UK: Sport,UK MOTORS FHD
UK: Sport,UK Racing FHD
UK: Sport,UK CELTIC TV
UK: Sport,UK FIGHT BOX
UK: Sport,UK MUTV HD
UK: Sport,UK LFC TV
Ukraine,UKR Fashión & Lifestyle FHD
Ukraine,UKR: Perviy Gorodskoy FHD
Ukraine,UKR: Перший Національний
Ukraine,UKR: Donechchyna TV HD
Ukraine,UKR: MostMedical TV HD
Ukraine,UKR: Paramount Comedy
Ukraine,UKR:  NIKI Junior HD
Ukraine,UKR: 34 Telekanal HD
Ukraine,UKR: MostVideo TV HD
Ukraine,UKR: ID-Fashion FHD
Ukraine,UKR: Muzika Pervogo
Ukraine,UKR: Svarozhichi HD
Ukraine,UKR: Telekanal Z HD
Ukraine,UKR: Новий Канал HD
Ukraine,UKR: Первый Деловой
Ukraine,UKR: First Crimean
Ukraine,UKR: Волжский Плюс
Ukraine,UKR: Новий Канал
Ukraine,UKR: ТРК Україна
Ukraine,UKR: Футбол 3 HD
Ukraine,UKR: ChePe Info
Ukraine,UKR: Music BOX
Ukraine,UKR: Сварожичи
Ukraine,UKR: Avers HD
Ukraine,UKR: TBN Ukra
Ukraine,UKR: UA TV HD
Ukraine,UKR: KULTURA
Ukraine,UKR: Lale HD
Ukraine,UKR: Крым 24
Ukraine,UKR: ЧП info
Ukraine,UKR: TVA HD
Ukraine,UKR: Интер+
Ukraine,UKR: Прямий
Ukraine,UKR: K1 HD
Ukraine,UKR: M2 HD
Ukraine,UKR: TV 7+
Ukraine,UKR: Аверс
Ukraine,UKR: Glas
Ukraine,UKR: Rada
Ukraine,UKR: Zoom
Ukraine,UKR: Глас
Ukraine,UKR: НАШ
Uruguay,UY: Canal 4 HD
Uruguay,UY: Canal 11 Treinta y Tres
Uruguay,UY: Canal 2 Visión Canaria
Uruguay,UY: TV NACIONAL URUGUAYA
Uruguay,UY: Canal 4 Juan Lacaze
Uruguay,UY: Presidencia Uruguay
Uruguay,UY: Canal 2 San Carlos
Uruguay,UY: Canal 4 Tacuarembó
Uruguay,UY: Canal 8 Artigas TV
Uruguay,UY: Latina Tv Paysandu
Uruguay,UY: Uruguay Natural TV
Uruguay,UY: Canal 4 Paysandu
Uruguay,UY: Canal 2 Lascano
Uruguay,UY: Canal 4 Salto
Uruguay,UY: Canal 7 Punta
Uruguay,UY: Canal 4 Chuy
Uruguay,UY: Canal 10 HD
Uruguay,UY: Canal 12 HD
Uruguay,UY: Cardinal TV
Uruguay,UY: TV Ciudad
Uruguay,UY: VTV Plus
Uruguay,UY: Canal-M
Uruguay,UY: VTV FHD
Uruguay,UY: A+V
Uruguay,UY: TNU
USA Bally Sports,USA Bally SPORTS NORTH CAROLINA HD
USA Bally Sports,USA Bally SPORTS ARIZONA PLUS HD
USA Bally Sports,USA Bally SPORTS INDIANA PLUS HD
USA Bally Sports,USA Bally SPORTS PRIME TICKET HD
USA Bally Sports,USA Bally SPORTS NEW ORLEANS HD
USA Bally Sports,USA Bally SPORTS SAN ANTONIO HD
USA Bally Sports,USA Bally SPORTS SOUTHWEST PLUS
USA Bally Sports,USA Bally Sports Wisconsin Plus
USA Bally Sports,USA BALLY SPORTS DETROIT PLUS
USA Bally Sports,USA Bally Sports Midwest Plus
USA Bally Sports,USA Bally SPORTS SAN DIEGO HD
USA Bally Sports,USA Bally SPORTS SOUTHWEST HD
USA Bally Sports,USA Bally SPORTS Tennessee HD
USA Bally Sports,USA Bally SPORTS WISCONSIN HD
USA Bally Sports,USA Bally SPORTS DEPORTES HD
USA Bally Sports,USA Bally Sports Kansas City
USA Bally Sports,USA Bally SPORTS ARIZONA HD
USA Bally Sports,USA Bally SPORTS CINCINNATI
USA Bally Sports,USA Bally SPORTS NETBASE HD
USA Bally Sports,USA Bally Sports Socal Plus
USA Bally Sports,USA Bally Sports Southeast 
USA Bally Sports,USA Bally Sports Oklahoma
USA Bally Sports,USA Bally SPORTS SOUTH HD
USA Bally Sports,USA Bally SportsTime Ohio
USA Bally Sports,USA Bally Sports Detroit
USA Bally Sports,USA Bally Sports Flordia
USA Bally Sports,USA Bally Sports Midwest
USA Bally Sports,USA Bally SPORTS OHIO HD
USA Bally Sports,USA Bally Sports SP Ohio
USA Bally Sports,USA Bally SPORTS WEST HD
USA Bally Sports,USA Bally SPORTS YES HD
USA Bally Sports,USA Bally Sports North
USA Bally Sports,USA BALLY SPORTS SOCAL
USA Bally Sports,USA Bally Sports Sun
USA Bein Sports,USA beIN SPORTS enEspanol
USA Bein Sports,USA BeIN Sports LaLiga
USA Bein Sports,USA BeIN SPORTS 5 HD
USA Bein Sports,USA BeIN SPORTS 6 HD
USA Bein Sports,USA BeIN SPORTS 7 HD
USA Bein Sports,USA BeIN SPORTS 8 HD
USA Bein Sports,USA Bein Sports Xtra
USA Bein Sports,USA beIN Sports LHD
USA Bein Sports,USA beIN Sports 01
USA Bein Sports,USA BeIN SPORTS HD
USA Bein Sports,USA BeIN Sports 2
USA Bein Sports,USA BeIN Sports 4
USA Bein Sports,USA BeIN Sports 6
USA Bein Sports,USA BeIN Sports 7
USA Documentary ,USA Smithsonian Channel West
USA Documentary ,USA Humanity Documentaries
USA Documentary ,USA DISCOVERY CHANNEL HD
USA Documentary ,UK BRITISH MUSLIM TV SD
USA Documentary ,USA Smithsonian Channel
USA Documentary ,USA History Channel
USA Documentary ,USA TRAVEL CHANNEL
USA Documentary ,Curiosity Stream
USA Entertainment,USA Afro
USA Entertainment,USA KTVK 3TV Arizona's Family Phoenix
USA Entertainment,USA Investigation Discovery East LHD
USA Entertainment,USA Great American Christmas Family
USA Entertainment,USA Hallmark Movies & Mysteries LHD
USA Entertainment,USA Hallmark Movies & Mysteries UHD
USA Entertainment,USA Crime & Investigation Network
USA Entertainment,USA Sony Entertainment Television
USA Entertainment,USA District of Columbia Network
USA Entertainment,US Victory Television Network
USA Entertainment,USA Lifetime Movie Network SD
USA Entertainment,USA Oprah Winfrey Network LHD
USA Entertainment,USA Oprah Winfrey Network OWN
USA Entertainment,USA Christian TV Network CTN
USA Entertainment,USA Peachtree (WPCH) Atlanta
USA Entertainment,USA Christian Youth Channel
USA Entertainment,USA Comedy Central East UHD
USA Entertainment,USA Destination America FHD
USA Entertainment,USA GSN (Game Show Network)
USA Entertainment,USA Travel Channel East LHD
USA Entertainment,USA Animal Planet East UHD
USA Entertainment,USA Great American Country
USA Entertainment,USA Discovery Science UHD
USA Entertainment,USA E! Entertainment West
USA Entertainment,USA Food Network East UHD
USA Entertainment,USA Nat Geo Wild East UHD
USA Entertainment,USA AFN Prime Pacific HD
USA Entertainment,USA Hallmark Channel UHD
USA Entertainment,USA ION 31 New York WPXN
USA Entertainment,USA COMEDY CENTRAL WEST
USA Entertainment,USA Filmrise Classic TV
USA Entertainment,USA FilmRise True Crime
USA Entertainment,USA Lifetime Real Women
USA Entertainment,USA The Weather Channel
USA Entertainment,USA Travel Channel West
USA Entertainment,USA TXA21 (KTXA) Dallas
USA Entertainment,USA 3abn Dare To Dream
USA Entertainment,USA Animal Planet East
USA Entertainment,USA Animal Planet West
USA Entertainment,USA Bible Explorations
USA Entertainment,USA Comedy Central FHD
USA Entertainment,USA Discovery Velocity
USA Entertainment,USA Jewelry Television
USA Entertainment,USA Paramount East UHD
USA Entertainment,USA Smart Lifestyle TV
USA Entertainment,USA The Cowboy Channel
USA Entertainment,USA The Design Network
USA Entertainment,USA The Film Detective
USA Entertainment,USA The Impact Network
USA Entertainment,USA Discovery Science
USA Entertainment,USA Food Network West
USA Entertainment,USA Freeform East LHD
USA Entertainment,USA Horse and Country
USA Entertainment,USA Lifetime East UHD
USA Entertainment,USA (Faith) Hillsong
USA Entertainment,USA Discovery Family
USA Entertainment,USA E! Entertainment
USA Entertainment,USA Hallmark Channel
USA Entertainment,USA History East UHD
USA Entertainment,USA History Military
USA Entertainment,USA The Word Network
USA Entertainment,USA USA Network East
USA Entertainment,USA Usa Network West
USA Entertainment,USA WeatherNation HD
USA Entertainment,USA American Heroes
USA Entertainment,USA BBC America LHD
USA Entertainment,USA Comedy Dynamics
USA Entertainment,USA Cooking Channel
USA Entertainment,USA Justice Central
USA Entertainment,USA Outdoor Channel
USA Entertainment,USA PBS 13 New York
USA Entertainment,USA The Now Network
USA Entertainment,USA Travel East UHD
USA Entertainment,USA Young Hollywood
USA Entertainment,US Gospel Truth TV
USA Entertainment,USA Discovery East
USA Entertainment,USA Discovery Life
USA Entertainment,USA Discovery West
USA Entertainment,USA Hallmark Drama
USA Entertainment,USA Heroes & Icons
USA Entertainment,USA Inspiration TV
USA Entertainment,USA PBS WPBT MIami
USA Entertainment,USA RetroPlex East
USA Entertainment,USA RetroPlex West
USA Entertainment,USA 3abn Proclaim
USA Entertainment,USA Faith Channel
USA Entertainment,USA Freeform West
USA Entertainment,USA HGTV East UHD
USA Entertainment,USA Law And Crime
USA Entertainment,USA Lifevision TV
USA Entertainment,USA Real Families
USA Entertainment,USA SurvivorNetTV
USA Entertainment,US Revelation TV
USA Entertainment,USA 3ABN English
USA Entertainment,USA AMC East LHD
USA Entertainment,USA Electric Now
USA Entertainment,USA Food Network
USA Entertainment,USA HDNET MOVIES
USA Entertainment,USA Nat Geo East
USA Entertainment,USA TLC East LHD
USA Entertainment,USA TNT East FHD
USA Entertainment,USA TNT East LHD
USA Entertainment,USA AccuWeather
USA Entertainment,USA BBC America
USA Entertainment,USA Clubbing TV
USA Entertainment,USA Cornerstone
USA Entertainment,USA COZI TV LHD
USA Entertainment,USA C-SPAN 3 HD
USA Entertainment,USA DIY Network
USA Entertainment,USA FX East UHD
USA Entertainment,USA ID East UHD
USA Entertainment,USA Motor Trend
USA Entertainment,USA NRB Network
USA Entertainment,USA Oxygen East
USA Entertainment,USA Oxygen West
USA Entertainment,USA RUSH BY AMC
USA Entertainment,USA Smile Child
USA Entertainment,USA TNT East SD
USA Entertainment,USA VH1 East SD
USA Entertainment,USA Bonappetit
USA Entertainment,USA Bravo East
USA Entertainment,USA Bravo West
USA Entertainment,USA Circle (D)
USA Entertainment,USA Insight TV
USA Entertainment,USA Mission TV
USA Entertainment,USA NewsNation
USA Entertainment,USA Outside TV
USA Entertainment,USA RAI Italia
USA Entertainment,USA Real Crime
USA Entertainment,USA SportsGrid
USA Entertainment,USA truTV East
USA Entertainment,USA truTV West
USA Entertainment,USA TVLand UHD
USA Entertainment,USA Bilard TV
USA Entertainment,USA BOUNCE TV
USA Entertainment,USA FXX East 
USA Entertainment,USA HGTV East
USA Entertainment,USA HGTV West
USA Entertainment,USA INDIEPLEX
USA Entertainment,USA InTrouble
USA Entertainment,USA LoveWorld
USA Entertainment,USA MOVIEPLEX
USA Entertainment,USA People TV
USA Entertainment,USA PlayersTV
USA Entertainment,USA POP TV HD
USA Entertainment,USA SHORTS TV
USA Entertainment,USA Syfy East
USA Entertainment,USA Syfy West
USA Entertainment,USA Tastemade
USA Entertainment,USA Temple TV
USA Entertainment,US Gusto (S)
USA Entertainment,USA BET East
USA Entertainment,USA BET West
USA Entertainment,USA Buzzr HD
USA Entertainment,USA Court TV
USA Entertainment,USA C-SPAN 2
USA Entertainment,USA Fawesome
USA Entertainment,USA FOX Soul
USA Entertainment,USA Freeform
USA Entertainment,USA FXX West
USA Entertainment,USA Inwonder
USA Entertainment,USA Lonestar
USA Entertainment,USA PokerGo+
USA Entertainment,USA Start TV
USA Entertainment,USA TBS West
USA Entertainment,USA Timeline
USA Entertainment,USA TLC East
USA Entertainment,USA TLC West
USA Entertainment,USA TNT West
USA Entertainment,USA VH1 West
USA Entertainment,USA Viceland
USA Entertainment,US The Grio
USA Entertainment,USA A&E UHD
USA Entertainment,USA AMC UHD
USA Entertainment,USA Antenna
USA Entertainment,USA BET HER
USA Entertainment,USA Brat TV
USA Entertainment,USA Cars TV
USA Entertainment,USA Charge!
USA Entertainment,USA CLEO TV
USA Entertainment,USA Cozi TV
USA Entertainment,USA DABL HD
USA Entertainment,USA Daystar
USA Entertainment,USA DECADES
USA Entertainment,USA ET Live
USA Entertainment,USA Fuel TV
USA Entertainment,USA Fuse TV
USA Entertainment,USA FX West
USA Entertainment,USA Grit TV
USA Entertainment,USA Laff TV
USA Entertainment,USA Luxe TV
USA Entertainment,USA Ovation
USA Entertainment,USA Pursuit
USA Entertainment,USA Ride TV
USA Entertainment,USA VH1 UHD
USA Entertainment,USA A&E SD
USA Entertainment,USA AMG TV
USA Entertainment,USA Aspire
USA Entertainment,USA AXS TV
USA Entertainment,USA C-SPAN
USA Entertainment,USA Dog TV
USA Entertainment,USA GET TV
USA Entertainment,USA ION TV
USA Entertainment,USA MAV TV
USA Entertainment,USA Revolt
USA Entertainment,USA RFD TV
USA Entertainment,USA TBD TV
USA Entertainment,USA Travel
USA Entertainment,USA TV One
USA Entertainment,USA VennTV
USA Entertainment,USA AMC +
USA Entertainment,USA BYUtv
USA Entertainment,USA Comet
USA Entertainment,USA CONtv
USA Entertainment,USA FE TV
USA Entertainment,USA QVC 2
USA Entertainment,USA Reelz
USA Entertainment,USA Revry
USA Entertainment,USA UP TV
USA Entertainment,USA We TV
USA Entertainment,USA BITE
USA Entertainment,USA CBN 
USA Entertainment,USA Dust
USA Entertainment,USA ESTV
USA Entertainment,USA EWTN
USA Entertainment,USA Fuse
USA Entertainment,USA INSP
USA Entertainment,USA LOGO
USA Entertainment,USA MeTV
USA Entertainment,USA NASA
USA Entertainment,USA SBTN
USA Entertainment,USA TR3S
USA Entertainment,USA WPIX
USA Entertainment,USA AMC
USA Entertainment,USA AWE
USA Entertainment,USA FXM
USA Entertainment,USA FYI
USA Entertainment,USA HSN
USA Entertainment,USA IFC
USA Entertainment,USA ISN
USA Entertainment,USA QVC
USA Entertainment,USA TBN
USA Entertainment,USA TBS
USA Entertainment,USA TCM
USA Entertainment,USA TMZ
USA Entertainment,USA FX
USA Family & Kids,USA Disney Channel West LHD
USA Family & Kids,USA MC Video | Learn & Play
USA Family & Kids,USA Disney Junior West LHD
USA Family & Kids,USA Cartoon Network East
USA Family & Kids,USA Cartoon Network West
USA Family & Kids,USA Cartoon Network UHD
USA Family & Kids,USA Disney Channel East
USA Family & Kids,USA Starz Kids & Family
USA Family & Kids,USA Disney Junior East
USA Family & Kids,USA Disney XD East LHD
USA Family & Kids,USA Disney Junior UHD
USA Family & Kids,USA Nickelodeon UHD
USA Family & Kids,US: UNIVERSAL KIDS
USA Family & Kids,USA Baby First LHD
USA Family & Kids,USA Disney Channel
USA Family & Kids,USA Disney XD West
USA Family & Kids,USA Nick Toon UHD
USA Family & Kids,USA Nick Jr East
USA Family & Kids,USA Boomerang
USA Family & Kids,USA Disney XD
USA Family & Kids,USA Teen Nick
USA Family & Kids,USA PBS Kids
USA Family & Kids,USA Baby TV
USA Latin,US Latin Telemundo 2 WKAQ Puerto Rico
USA Latin,USA Latin TV Espanola Internacional
USA Latin,USA Latin Nuestra Tele Noticias 24
USA Latin,USA Latin Antena 3 Internacional
USA Latin,USA Latin El Trece Internacional
USA Latin,USA Telemundo San Francisco KSTS
USA Latin,USA Latin BEIN Sports Latin
USA Latin,USA Latin Paramount Network
USA Latin,USA Latin RTP Internacional
USA Latin,USA Latin Supercanal Caribe
USA Latin,USA Latin ESPN_Deportes*
USA Latin,USA Latin La 1 Catalunya
USA Latin,USA Telemundo KUTU Tulsa
USA Latin,USA Latin Nat Geo Mundo
USA Latin,USA Latin RetroPlex TV
USA Latin,USA Latin Tele Deporte
USA Latin,SUR: RCN NUESTRA TELE
USA Latin,US Latin NBC Universo
USA Latin,USA Discovery Español
USA Latin,USA Discovery Familia
USA Latin,USA Latin De Pelicula
USA Latin,USA Latin ZONA Futbol
USA Latin,USA Latin Atreseries
USA Latin,USA Latin Benfica FC
USA Latin,USA Latin DP Clasico
USA Latin,USA Latin El Gourmet
USA Latin,USA Latin CNN_Latin
USA Latin,USA Latin Discovery
USA Latin,USA Latin Mexicanal
USA Latin,USA LATIN Teleritmo
USA Latin,USA CINE SONY | HD
USA Latin,USA CNN en Español
USA Latin,USA Latin Antena 3
USA Latin,USA Latin Bandamax
USA Latin,USA Latin Fox Life
USA Latin,USA Latin La Sexta
USA Latin,USA Latin Mas Chic
USA Latin,USA Latin TOONCAST
USA Latin,USA Latin Baby TV
USA Latin,USA LATIN Gala TV
USA Latin,USA Latin GOL TV*
USA Latin,USA Latin Telehit
USA Latin,USA FOX Deportes
USA Latin,USA Latin FOROTV
USA Latin,USA Latin Telefe
USA Latin,USA Wapa America
USA Latin,USA Latin NTN24
USA Latin,USA Latin EVTV
USA Latin,USA Latin HITN
USA Latin,USA Latin LA 1
USA Latin,USA Latin La 2
USA Latin,USA Latin Mega
USA Latin,USA Latin Neox
USA Latin,USA Latin NOVA
USA Latin,USA Latin RTPI
USA Latin,LA: HBO Plus
USA Latin,LA: DHE
USA Latin GALAVISION,LA: Galavision San Francisco HD
USA Latin GALAVISION,LA: Galavision Philadelphia HD
USA Latin GALAVISION,LA: Galavision San Antonio HD
USA Latin GALAVISION,LA: Galavision Sacramento HD
USA Latin GALAVISION,LA: Galavision Cleveland HD
USA Latin GALAVISION,LA: Galavision Las Vegas HD
USA Latin GALAVISION,LA: Galavision Sat Lake HD
USA Latin GALAVISION,LA: Galavision Atlanta HD
USA Latin GALAVISION,LA: Galavision Houston HD
USA Latin GALAVISION,LA: Galavision Dallas HD
USA Latin GALAVISION,LA: Galavision Fresno HD
USA Latin GALAVISION,LA: Galavision Miami HD
USA Latin GALAVISION,LA: Galavision East HD
USA Latin GALAVISION,LA: GALAVISION WEST HD
USA Latin GALAVISION,LA: Galavision La HD
USA Latin GALAVISION,LA: Galavision NY HD
USA Latin GALAVISION,USA Galavision
USA Latin TELEMUNDO,USA TELEMUNDO 43 WWDT FORT MYERS/NAPLES
USA Latin TELEMUNDO,USA TELEMUNDO 20 KTMW SALT LAKE CITY
USA Latin TELEMUNDO,USA Telemundo 42 (KGLA) New Orleans
USA Latin TELEMUNDO,USA TELEMUNDO 19 WRDM HARTFORD CT
USA Latin TELEMUNDO,DC | Washington | Telemundo WZDC
USA Latin TELEMUNDO,USA TELEMUNDO 33 KCSO SACRAMENTO
USA Latin TELEMUNDO,LA: TELEMUNDO INTERNACIONAL FHD
USA Latin TELEMUNDO,LA: TELEMUNDO 7 (San Diego) HD
USA Latin TELEMUNDO,LA: TELEMUNDO HARLINGEN (KTLM)
USA Latin TELEMUNDO,LA: TELEMUNDO NEW YORK (WNJU)
USA Latin TELEMUNDO,USA TELEMUNDO 31 WTMO ORLANDO
USA Latin TELEMUNDO,LA: Telemundo (WKTB) Atlanta
USA Latin TELEMUNDO,LA: Telemundo 36 KXTX Dallas
USA Latin TELEMUNDO,LA: TELEMUNDO 40 (Tucson) HD
USA Latin TELEMUNDO,LA: TELEMUNDO SAN FRANCISCO
USA Latin TELEMUNDO,LA: TELEMUNDO (TAMPA) | HD
USA Latin TELEMUNDO,LA: TELEMUNDO KTAZ PHOENIX
USA Latin TELEMUNDO,LA: TELEMUNDO KTMD HOUSTON
USA Latin TELEMUNDO,LA: Telemundo Philadelphia
USA Latin TELEMUNDO,USA TELEMUNDO 20 SAN DIEGO
USA Latin TELEMUNDO,LA: TELEMUNDO 47 (LINDEN)
USA Latin TELEMUNDO,LA: Telemundo Los Angeles
USA Latin TELEMUNDO,LA: Telemundo Puerto Rico
USA Latin TELEMUNDO,LA: TELEMUNDO SAN ANTONIO
USA Latin TELEMUNDO,LA: Telemundo Boston HD
USA Latin TELEMUNDO,LA: TELEMUNDO LAS VEGAS
USA Latin TELEMUNDO,LA: TX Telemundo Dallas
USA Latin TELEMUNDO,USA TELEMUNDO 44 DURHAM
USA Latin TELEMUNDO,LA: TELEMUNDO MIAMI HD
USA Latin TELEMUNDO,LA: TELEMUNDO CHICAGO
USA Latin TELEMUNDO,LA: TELEMUNDO DENVER
USA Latin TELEMUNDO,LA: Telemundo Fresno
USA Latin TELEMUNDO,LA: TELEMUNDO
USA Latin UNIMAS,LA: UnivisionNow: Unimas Los Angeles
USA Latin UNIMAS,LA: Unimas Albuquerque Santa Fe HD
USA Latin UNIMAS,LA: UnivisionNow: Unimas NewYork
USA Latin UNIMAS,LA: Unimas San Antonio HD
USA Latin UNIMAS,LA: Unimas Sacramento HD
USA Latin UNIMAS,LA: Unimas Cleveland HD
USA Latin UNIMAS,LA: Unimas Las Vegas HD
USA Latin UNIMAS,LA: Unimas Salt Lake HD
USA Latin UNIMAS,LA: Unimas Houston HD
USA Latin UNIMAS,LA: Unimas Phoenix HD
USA Latin UNIMAS,LA: Unimas Raleigh HD
USA Latin UNIMAS,LA: Unimas Fresno HD
USA Latin UNIMAS,LA: Unimas Atlanta
USA Latin UNIMAS,LA: Unimas East HD
USA Latin UNIMAS,LA: Unimas West HD
USA Latin UNIMAS,LA: Unimas Austin
USA Latin UNIMAS,LA: Unimas Miami
USA Latin UNIVISION,La: UnivisionNow: Univision_WXTV (41-Paterson)*
USA Latin UNIVISION,LA: UnivisionNow Univision WGBO (66-Chicago)
USA Latin UNIVISION,USA Latin UNIVISION (WUVF) Ft. Myers-Naples
USA Latin UNIVISION,LA: UnivisionNow Univision SanFrancisco
USA Latin UNIVISION,LA: Univision Albuquerque Santa Fe HD
USA Latin UNIVISION,LA: UnivisionNow: Univision_Noticias
USA Latin UNIVISION,LA: UNIVISION 36 WQHS CLEVELAND
USA Latin UNIVISION,LA: UnivisionNow Univision TDN
USA Latin UNIVISION,USA Univision 21 (KFTV) Fresno
USA Latin UNIVISION,LA: Univision Fort Lauderdale
USA Latin UNIVISION,LA: Univision Philadelphia HD
USA Latin UNIVISION,LA: Univision Los Angeles HD
USA Latin UNIVISION,LA: Univision Puerto Rico HD
USA Latin UNIVISION,LA: Univision San Antonio HD
USA Latin UNIVISION,LA: Univision Telenovelas HD
USA Latin UNIVISION,LA: Univision 23 Dallas HD*
USA Latin UNIVISION,LA: Univision Cleveland HD
USA Latin UNIVISION,LA: Univision Salt Lake HD
USA Latin UNIVISION,LA: Univision Chicago HD*
USA Latin UNIVISION,LA: Univision New York NY
USA Latin UNIVISION,LA: Univision Atlanta HD
USA Latin UNIVISION,LA: Univision Houston HD
USA Latin UNIVISION,LA: Univision Phoenix HD
USA Latin UNIVISION,LA: Univision Raleigh HD
USA Latin UNIVISION,LA: Univision Austin HD
USA Latin UNIVISION,LA: UNIVISION TLNOVELAS
USA Latin UNIVISION,LA: Univision Miami HD
USA Latin UNIVISION,LA: Univision East HD
USA Latin UNIVISION,LA: Latin Univision
USA Local - ABC,USA abc6 KRGV Harlingen/Weslaco/Brownsville/Mcallen
USA Local - ABC,USA Yakima/Pasco/Richland/Kennewick ABC 42 (KVEW) 
USA Local - ABC,USA ABC 25 WPBF WEST PALM BEACH/FORT PIERCE
USA Local - ABC,USA ABC 6 (WLNE) Providence/New Bedford
USA Local - ABC,USA ABC 4 WOTV GRAND RAPIDS/KALAMAZOO
USA Local - ABC,USA ABC 8 WQAD DAVENPORT/ROCK ISLAND
USA Local - ABC,USA ABC 13 KRDO Colorado Springs
USA Local - ABC,USA ABC 13 (WSET) Lynchburg (H)
USA Local - ABC,USA abc23 (WCVI) Virgin Islands
USA Local - ABC,USA ABC 17 KMIZ JEFFERSON CITY
USA Local - ABC,USA ABC 2 KTWO CASPER/RIVERTON
USA Local - ABC,USA ABC 13 WBKO Bowling Green
USA Local - ABC,USA ABC 13 WVEC HAMPTON ROADS
USA Local - ABC,USA ABC 20 (WICS) Springfield
USA Local - ABC,USA ABC 20 KOFY SAN FRANCISCO
USA Local - ABC,USA ABC 26 (WGNO) New Orleans
USA Local - ABC,USA ABC 27 (WTXL) Tallahassee
USA Local - ABC,USA ABC 29/40 KHBS FORT SMITH
USA Local - ABC,USA ABC 3 (KESQ) Palm Springs
USA Local - ABC,USA ABC 3 KIII Corpus Christi
USA Local - ABC,USA ABC 4 KTVX SALT LAKE CITY
USA Local - ABC,USA ABC 45 WXLV WINSTON-SALEM
USA Local - ABC,USA ABC 13 WZZM GRAND RAPIDS
USA Local - ABC,USA ABC 25 WJXX JACKSONVILLE
USA Local - ABC,USA ABC 33 (WYTV) Youngstown
USA Local - ABC,USA ABC 5 KOCO OKLAHOMA CITY
USA Local - ABC,USA ABC 7 WJLA WASHINGTON DC
USA Local - ABC,USA abc2 KMID Odessa/Midland
USA Local - ABC, USA ABC 7 KATV Little Rock
USA Local - ABC,USA ABC 12 KSAT SAN ANTONIO
USA Local - ABC,USA ABC 13 (WHAM) Rochester
USA Local - ABC,USA ABC 20 WCJB GAINESVILLE
USA Local - ABC,USA ABC 23 (WATM) Johnstown
USA Local - ABC,USA ABC 38 WAWV TERRE HAUTE
USA Local - ABC,USA ABC 6 WPVI PHILADELPHIA
USA Local - ABC,USA ABC 6 WRTV INDIANAPOLIS
USA Local - ABC,USA ABC 9 KCRG CEDAR RAPIDS
USA Local - ABC,USA abc29 KVHP Lake Charles
USA Local - ABC,USA abc5 WOI West Des Moine
USA Local - ABC,USA ABC 10 KXTV SACRAMENTO
USA Local - ABC,USA ABC 12 KTXE SAN ANGELO
USA Local - ABC,USA ABC 13 (WLOX) Gulfport
USA Local - ABC,USA ABC 17 (WTVO) Rockford
USA Local - ABC,USA ABC 2 WBRZ BATON ROUGE
USA Local - ABC,USA ABC 25 Columbia (WOLO)
USA Local - ABC,USA ABC 27 WHTM HARRISBURG
USA Local - ABC,USA ABC 3 (KATC) Lafayette
USA Local - ABC,USA ABC 31 WAAY HUNTSVILLE
USA Local - ABC,USA ABC 68 WABM BIRMINGHAM
USA Local - ABC,USA ABC 68 WBMA BIRMINGHAM
USA Local - ABC,USA ABC 7 KABC LOS ANGELES
USA Local - ABC,USA ABC 9 KMBC KANSAS CITY
USA Local - ABC,USA abc23 KERO Bakersfield
USA Local - ABC,USA abc6 KSAW Twin Falls V
USA Local - ABC,USA abc7 WVII Presque Isle
USA Local - ABC,USA abc8 KLKN Lincoln / NB
USA Local - ABC,USA ABC 10 KGTV SAN DIEGO
USA Local - ABC,USA ABC 12 WISN MILWAUKEE
USA Local - ABC,USA ABC 13 KTNV LAS VEGAS
USA Local - ABC,USA ABC 13 KYUR ANCHORAGE
USA Local - ABC,USA ABC 13 WLOS ASHEVILLE
USA Local - ABC,USA ABC 3 KTBS SHREVEPORT
USA Local - ABC,USA ABC 3 WWAY WILMINGTON
USA Local - ABC,USA ABC 30 KDNL ST. LOUIS
USA Local - ABC,USA ABC 36 WTVQ LEXINGTON
USA Local - ABC,USA ABC 4 WCIV CHARLESTON
USA Local - ABC,USA ABC 4 WTAE PITTSBURGH
USA Local - ABC,USA ABC 5 KSTP SAINT PAUL
USA Local - ABC,USA ABC 7 (KLTV) Longview
USA Local - ABC,USA ABC 7 KOAT NEW MEXICO
USA Local - ABC,USA ABC 7 WZVN FORT MYERS
USA Local - ABC,USA ABC 8 WCHS CHARLESTON
USA Local - ABC,USA ABC 8 WRIC PETERSBURG
USA Local - ABC,USA ABC 9 WCPO CINCINNATI
USA Local - ABC,USA ABC 9 WMUR MANCHESTER
USA Local - ABC,USA abc11 WJHL Tri-Cities
USA Local - ABC,USA abc18 WQOW Eau Claire
USA Local - ABC,USA abc19 WXOW Eau Claire
USA Local - ABC,USA abc25 WEHT Evansville
USA Local - ABC,USA abc34 WIVT Binghamton
USA Local - ABC,USA abc5 KFBB Great Falls
USA Local - ABC,USA abc8 KIFI Idaho Falls
USA Local - ABC,USA Topeka ABC 49 (KTKA) 
USA Local - ABC,USA ABC 16 WNEP SCRANTON
USA Local - ABC,USA ABC 2 WBAY GREEN BAY
USA Local - ABC,USA ABC 2 WKRN NASHVILLE
USA Local - ABC,USA ABC 2 WMAR BALTIMORE
USA Local - ABC,USA ABC 3 WEAR PENSACOLA
USA Local - ABC,USA ABC 33 KSPR MISSOURI
USA Local - ABC,USA ABC 5 WEWS CLEVELAND
USA Local - ABC,USA ABC 6 WATE KNOXVILLE
USA Local - ABC,USA ABC 7 (WBBJ) Jackson
USA Local - ABC,USA ABC 8 WTNH NEW HAVEN
USA Local - ABC,USA ABC 9 WSOC CHARLOTTE
USA Local - ABC,USA abc2 KQTV St. Joseph
USA Local - ABC,USA ABC3 (WSIL) Illinois
USA Local - ABC,USA abc35 WPBY Lafayette
USA Local - ABC,USA abc47 WMDT Salisbury
USA Local - ABC,USA abc50 WWTI Watertown
USA Local - ABC,USA abc6 KIVI Boise City
USA Local - ABC,USA abc6 KSVI Billings V
USA Local - ABC,USA abc9 KCAU Sioux City
USA Local - ABC,USA ABC 13 KTRK HOUSTON
USA Local - ABC,USA ABC 15 KNXV PHOENIX
USA Local - ABC,USA ABC 2 KATU PORTLAND
USA Local - ABC,USA ABC 24 WATN MEMPHIS
USA Local - ABC,USA ABC 27 WKOW MADISON
USA Local - ABC,USA ABC 28 KAMC LUBBOCK
USA Local - ABC,USA ABC 3 WSIL ILLINOIS
USA Local - ABC,USA ABC 4 KITV HONOLULU
USA Local - ABC,USA ABC 6 WSYX COLUMBUS
USA Local - ABC,USA ABC 7 KVII Amarillo
USA Local - ABC,USA ABC 7 WABC NEW YORK
USA Local - ABC,USA ABC 7 WWSB SARASOTA
USA Local - ABC,USA ABC 8 WCTX HARTFORD
USA Local - ABC,USA ABC 9 WSYR SYRACUSE
USA Local - ABC,USA ABC 9 WTVM Columbus
USA Local - ABC,USA abc18 (WDHN) Dothan
USA Local - ABC,USA abc22 WJCL Savannah
USA Local - ABC,USA ABC23 KTMF Missoula
USA Local - ABC,USA abc25 (WEEK) Peoria
USA Local - ABC,USA abc25 KAVU Victoria
USA Local - ABC,USA abc5 KAAL Rochester
USA Local - ABC,USA abc6 WABG Greenwood
USA Local - ABC,USA ABC (WKBW) Buffalo
USA Local - ABC,USA ABC 10 WDIO DULUTH
USA Local - ABC,USA ABC 10 WTEN ALBANY
USA Local - ABC,USA ABC 11 WTVD DURHAM
USA Local - ABC,USA ABC 13 WTVG TOLEDO
USA Local - ABC,USA ABC 22 WKEF DAYTON
USA Local - ABC,USA ABC 23 KAEF EUREKA
USA Local - ABC,USA ABC 24 KVUE AUSTIN
USA Local - ABC,USA ABC 30 KFSN FRESNO
USA Local - ABC,USA ABC 4 KOMO SEATTLE
USA Local - ABC,USA ABC 6 WJBF AUGUSTA
USA Local - ABC,USA ABC 7 KVIA EL PASO
USA Local - ABC,USA ABC 7 WKBW BUFFALO
USA Local - ABC,USA ABC 7 WXYZ DETROIT
USA Local - ABC,USA ABC 9 WFTV ORLANDO
USA Local - ABC,USA abc12 KDRV Medford
USA Local - ABC,USA abc16 WAPT Jackson
USA Local - ABC,USA abc7 WTRF Wheeling
USA Local - ABC,USA ABC 10 WPLG MIAMI
USA Local - ABC,USA ABC 12 WJRT Flint
USA Local - ABC,USA ABC 2 WSB ATLANTA
USA Local - ABC,USA ABC 20 WUTR Utica
USA Local - ABC,USA ABC 25 KXXV BRYAN
USA Local - ABC,USA ABC 28 WFTS TAMPA
USA Local - ABC,USA ABC 5 WCVB BOSTON
USA Local - ABC,USA ABC 7 KMGH DENVER
USA Local - ABC,USA ABC 7 WLS CHICAGO
USA Local - ABC,USA ABC 8 WFAA DALLAS
USA Local - ABC,USA ABC 9 KGUN Tucson
USA Local - ABC,USA abc36 WENY Elmira
USA Local - ABC,USA abc4 KXLY Spokane
USA Local - ABC,USA abc6 (WDAY) Fargo
USA Local - ABC,USA ABC 8 KTUL TULSA
USA Local - ABC,USA ABC 8 WMTW Maine
USA Local - ABC,USA abc17 KBMY Minot
USA Local - ABC,USA abc18 KWYB Butte
USA Local - ABC,USA abc9 KEZI Eugene
USA Local - ABC,USA abc9 WAOW Wausau
USA Local - ABC,USA ABC Juneau KJUD
USA Local - ABC,USA abc18 KOHD Bend
USA Local - ABC,USA abc24 WJET Erie
USA Local - ABC,USA abc35 WOHL Lima
USA Local - ABC,USA abc7 KETV Omaha
USA Local - CBS,USA CBS 8 (KNOE) Monroeâ€“El Dorado (H)
USA Local - CBS,USA CBS 4 WHBF DAVENPORT/ROCK ISLAND
USA Local - CBS,USA CBS 4 WCCO MINNEAPOLIS/ST. PAUL
USA Local - CBS,USA CBS 11 KTVT DALLAS/FORT WORTH
USA Local - CBS,USA CBS 10 KOLN LINCOLN Nebraska
USA Local - CBS,USA CBS 11 KKTV COLORADO SPRINGS
USA Local - CBS,USA CBS 10/55 WLNY RIVERHEAD NY
USA Local - CBS,USA CBS 12 WPEC WEST PALM BEACH
USA Local - CBS,USA CBS13 (KRCG) Jefferson City
USA Local - CBS,USA CBS 10 KZTV CORPUS CHRISTI
USA Local - CBS,USA CBS 10 WTSP ST. PETERSBURG
USA Local - CBS,USA CBS 12 KFVS CAPE GIRARDEAU
USA Local - CBS,USA CBS 13 (WLOX-DT2) Gulfport
USA Local - CBS,USA CBS 13 KRCG JEFFERSON CITY
USA Local - CBS,USA CBS 17 WNCN RALEIGH/DURHAM
USA Local - CBS,USA CBS 19 WOIO SHAKER HEIGHTS
USA Local - CBS,USA CBS 3 (WTKR) Hampton Roads
USA Local - CBS,USA CBS 2 KUTV SALT LAKE CITY
USA Local - CBS,USA CBS 23 (WIFR-LD) Rockford
USA Local - CBS,USA CBS 30 KXJB FARGO VALLEY
USA Local - CBS,USA CBS 47 WJAX JACKSONVILLE
USA Local - CBS,USA CBS 5 KPIX SAN FRANCISCO
USA Local - CBS,USA CBS 6 (RICHMOND VA) | HD
USA Local - CBS,USA CBS 9 KWTV OKLAHOMA CITY
USA Local - CBS,USA CBS 9 WUSA WASHINGTON DC
USA Local - CBS,USA CBS 10 KOLR SPRINGFIELD
USA Local - CBS,USA CBS 10 WTHI Terre Haute
USA Local - CBS,USA CBS 11 KELO SIOUX FALLS
USA Local - CBS,USA CBS 11 KTHV LITTLE ROCK
USA Local - CBS,USA CBS 12 KCOY SANTA MARIA
USA Local - CBS,USA CBS 12 WDEF CHATTANOOGA
USA Local - CBS,USA CBS 13 KRQE ALBUQUERQUE
USA Local - CBS,USA CBS 2 KGAN CEDAR RAPIDS
USA Local - CBS,USA CBS 29 KBAK BAKERSFIELD
USA Local - CBS,USA CBS 57 (WYMT-DT) Hazard
USA Local - CBS,USA CBS (WAFB) Baton Rouge
USA Local - CBS,USA CBS 11 WINK FORT MYERS
USA Local - CBS,USA CBS 11 WJHL TRI-CITIES
USA Local - CBS,USA CBS 12 KSLA SHREVEPORT
USA Local - CBS,USA CBS 12 WKRC CINCINNATI
USA Local - CBS,USA CBS 12 WPRI PROVIDENCE
USA Local - CBS,USA CBS 13 KOVR SACRAMENTO
USA Local - CBS,USA CBS 13 WOWK HUNTINGTON
USA Local - CBS,USA CBS 15 WANE FORT WAYNE
USA Local - CBS,USA CBS 2 KCBS LOS ANGELES
USA Local - CBS,USA CBS 27 WKBN YOUNGSTOWN
USA Local - CBS,USA CBS 3 KYW PHILADELPHIA
USA Local - CBS,USA CBS 3 WSHM SPRINGFIELD
USA Local - CBS,USA CBS 32 WLKY LOUISVILLE
USA Local - CBS,USA CBS 4 WGFL GAINESVILLE
USA Local - CBS,USA CBS 42 WIAT BIRMINGHAM
USA Local - CBS,USA CBS 5 KCTV KANSAS CITY
USA Local - CBS,USA CBS 5 KENS SAN ANTONIO
USA Local - CBS,USA CBS 7 WSPA SPARTANBURG
USA Local - CBS,USA CBS 9 KCAL LOS ANGELES
USA Local - CBS,USA CBS 10 KLFY LAFAYETTE
USA Local - CBS,USA CBS 11 KTVA ANCHORAGE
USA Local - CBS,USA CBS 17 WNCN GOLDSBORO
USA Local - CBS,USA CBS 19 WOIO CLEVELAND
USA Local - CBS,USA CBS 2 KDKA PITTSBURGH
USA Local - CBS,USA CBS 2 WFMY GREENSBORO
USA Local - CBS,USA CBS 21 WHP HARRISBURG
USA Local - CBS,USA CBS 27 WKYT LEXINGTON
USA Local - CBS,USA CBS 3 (WRBL) Columbus
USA Local - CBS,USA CBS 3 WCAX BURLINGTON
USA Local - CBS,USA CBS 3 WWAY WILMINGTON
USA Local - CBS,USA CBS 4 WWL NEW ORLEANS
USA Local - CBS,USA CBS 5 WCSC CHARLESTON
USA Local - CBS,USA CBS 58 WDJT MILWAUKEE
USA Local - CBS,USA CBS 8 KCCI DES MOINES
USA Local - CBS,USA CBS 9 WNCT GREENVILLE
USA Local - CBS,USA Topeka CBS 13 (WIBW) 
USA Local - CBS,USA CBS 10 KFDA Amarillo
USA Local - CBS,USA CBS 10 WBNS COLUMBUS
USA Local - CBS,USA CBS 11 WTOC SAVANNAH
USA Local - CBS,USA CBS 13 KOVR STOCKTON
USA Local - CBS,USA CBS 13 WBTW FLORENCE
USA Local - CBS,USA CBS 13 WGME PORTLAND
USA Local - CBS,USA CBS 13 WJZ BALTIMORE
USA Local - CBS,USA CBS 19 WLTX COLUMBIA
USA Local - CBS,USA CBS 22 WYOU SCRANTON
USA Local - CBS,USA CBS 3 WBTV CHARLOTTE
USA Local - CBS,USA CBS 3 WCIA CHAMPAIGN
USA Local - CBS,USA CBS 3 WWMT KALAMAZOO
USA Local - CBS,USA CBS 4 KGBT HARLINGEN
USA Local - CBS,USA CBS 4 KMOV ST. LOUIS
USA Local - CBS,USA CBS 46 KION MONTEREY
USA Local - CBS,USA CBS 5 WFRV GREEN BAY
USA Local - CBS,USA CBS 5 WTVF NASHVILLE
USA Local - CBS,USA CBS 8 KFMB SAN DIEGO
USA Local - CBS,USA CBS 8 KLAS LAS VEGAS
USA Local - CBS,USA CBS 8 WKBT LA CROSSE
USA Local - CBS,USA CBS 8 WROC ROCHESTER
USA Local - CBS,USA CBS 8 WVLT KNOXVILLE
USA Local - CBS,USA CBS 10 WTAJ ALTOONA
USA Local - CBS,USA CBS 11 KHOU HOUSTON
USA Local - CBS,USA CBS 12 WJTV JACKSON
USA Local - CBS,USA CBS 12 WRDW AUGUSTA
USA Local - CBS,USA CBS 13 WMAZ GEORGIA
USA Local - CBS,USA CBS 2 WCBS NEW YORK
USA Local - CBS,USA CBS 3 WFSB HARTFORD
USA Local - CBS,USA CBS 4 WCBI COLUMBUS
USA Local - CBS,USA CBS 46 WGCL ATLANTA
USA Local - CBS,USA CBS 5 KGMB HONOLULU
USA Local - CBS,USA CBS 5 WTVH SYRACUSE
USA Local - CBS,USA CBS 6 KOIN PORTLAND
USA Local - CBS,USA CBS 9 WWTV CADILLAC
USA Local - CBS,USA CBS 11 WTOL TOLEDO
USA Local - CBS,USA CBS 13 KOLD TUCSON
USA Local - CBS,USA CBS 13 KVAL EUGENE
USA Local - CBS,USA CBS 2 KREM SPOKANE
USA Local - CBS,USA CBS 2 WBBM CHICAGO
USA Local - CBS,USA CBS 29 KIMA YAKIMA
USA Local - CBS,USA CBS 3 WISC MADISON
USA Local - CBS,USA CBS 31 WMBD PEORIA
USA Local - CBS,USA CBS 4 (WBZ) Boston
USA Local - CBS,USA CBS 4 KDBC EL PASO
USA Local - CBS,USA CBS 4 WIVB BUFFALO
USA Local - CBS,USA CBS 42 KEYE AUSTIN
USA Local - CBS,USA CBS 47 KGPE FRESNO
USA Local - CBS,USA CBS 5 KPHO PHOENIX
USA Local - CBS,USA CBS 6 WKMG ORLANDO
USA Local - CBS,USA CBS 6 WLNS LANSING
USA Local - CBS,USA CBS 62 WWJ DETROIT
USA Local - CBS,USA CBS 7 KIRO SEATTLE
USA Local - CBS,USA CBS 7 WDBJ ROANOKE
USA Local - CBS,USA CBS 19 KYTX Tyler
USA Local - CBS,USA CBS 4 KCNC DENVER
USA Local - CBS,USA CBS 5 WABI BANGOR
USA Local - CBS,USA CBS 5 WKRG MOBILE
USA Local - CBS,USA CBS 6 WRGB ALBANY
USA Local - CBS,USA CBS 7 WHIO DAYTON
USA Local - CBS,USA CBS 10 KWTX WACO
USA Local - CBS,USA CBS 2 KBOI BOISE
USA Local - CBS,USA CBS 3 KBTX BRYAN
USA Local - CBS,USA CBS 3 KMTV OMAHA
USA Local - CBS,USA CBS 4 WBZ BOSTON
USA Local - CBS,USA CBS 4 WFOR MIAMI
USA Local - CBS,USA CBS 6 KOTV TULSA
USA Local - CBS,USA CBS 8 WAKA SELMA
USA Local - CBS,USA CBS 2 KTVN RENO
USA Local - CBS,USA CBS Tampa WTSP
USA Local - CBS,USA CBS News
USA Local - FOX,USA FOX 14 (KARD) Monroeâ€“El Dorado (H)
USA Local - FOX,USA FOX 32 WFQX Cadillac/Traverse City
USA Local - FOX,USA FOX 29 WFLX WEST PALM/FORT PIERCE
USA Local - FOX,USA FOX 5 PLUS WDCA WASHINGTON DC
USA Local - FOX,USA FOX 21 KXRM COLORADO SPRINGS
USA Local - FOX,USA FOX 10 WTHI-DT2 Terre Haute
USA Local - FOX,USA FOX 11 KKFX SAN LUIS OBISPO
USA Local - FOX,USA FOX 21 KQDS DULUTH/SUPERIOR
USA Local - FOX,USA FOX 27 KFNB CASPER/RIVERTON
USA Local - FOX,USA FOX 13 KSTU SALT LAKE CITY
USA Local - FOX,USA FOX 22 KQFX JEFFERSON CITY
USA Local - FOX,USA FOX 38 KSCC CORPUS CHRISTI
USA Local - FOX,USA FOX 43 WVBT VIRGINIA BEACH
USA Local - FOX,USA FOX 49 Tallahassee WTLH HD
USA Local - FOX,USA FOX 23 KBSI CAPE GIRADEAU
USA Local - FOX,USA FOX 25 KOKH OKLAHOMA CITY
USA Local - FOX,USA FOXNET CHARLOTTESVILLE VA
USA Local - FOX,USA FOX 17 WXMI GRAND RAPIDS
USA Local - FOX,USA FOX 28 KFXA CEDAR RAPIDS
USA Local - FOX,USA FOX 29 WTXF PHILADELPHIA
USA Local - FOX,USA FOX 30 WFOX JACKSONVILLE
USA Local - FOX,USA FOX 43 WFXB MYRTLE BEACH
USA Local - FOX,USA FOX 5 WTTG WASHINGTON DC
USA Local - FOX,USA FOX 59 WXIN INDIANAPOLIS
USA Local - FOX,USA FOX 11 KTTV LOS ANGELES
USA Local - FOX,USA FOX 16 KLRT LITTLE ROCK
USA Local - FOX,USA FOX 17 KTTW SIOUX FALLS
USA Local - FOX,USA FOX 28 WTGS HARDEEVILLE
USA Local - FOX,USA FOX 29 KABB SAN ANTONIO
USA Local - FOX,USA FOX 40 WGGB SPRINGFIELD
USA Local - FOX,USA FOX 43 WYZZ BLOOMINGTON
USA Local - FOX,USA FOX 44 WGMB BATON ROUGE
USA Local - FOX,USA FOX 49 KRBK OSAGE BEACH
USA Local - FOX,USA FOX 55 WRSP SPRINGFIELD
USA Local - FOX,USA FOX 10 KIDY SAN ANGELO
USA Local - FOX,USA FOX 11 WVAH CHARLESTON
USA Local - FOX,USA FOX 17 KDSM DES MOINES
USA Local - FOX,USA FOX 19 WXIX CINCINNATI
USA Local - FOX,USA FOX 22 WSBT SOUTH BEND
USA Local - FOX,USA FOX 24 KFTA FORT SMITH
USA Local - FOX,USA FOX 24 WTAT CHARLESTON
USA Local - FOX,USA FOX 26 WSFX WILMINGTON
USA Local - FOX,USA FOX 33 KMSS SHREVEPORT
USA Local - FOX,USA FOX 36 WFTX CAPE CORAL
USA Local - FOX,USA FOX 39 (WQRF) Rockford
USA Local - FOX,USA FOX 39 WEMT TRI-CITIES
USA Local - FOX,USA FOX 4 WDAF KANSAS CITY
USA Local - FOX,USA FOX 40 KTXL SACRAMENTO
USA Local - FOX,USA FOX 40 WICZ Binghamton
USA Local - FOX,USA FOX 41 WDRB LOUISVILLE
USA Local - FOX,USA FOX 44 WEVV EVANSVILLE
USA Local - FOX,USA FOX 44 WFFF BURLINGTON
USA Local - FOX,USA FOX 51 KFXL LINCOLN NB
USA Local - FOX,USA FOX 53 WGPH PITTSBURGH
USA Local - FOX,USA FOX 54 WZDX HUNTSVILLE
USA Local - FOX,USA FOX 55 WFFT FORT WAYNE
USA Local - FOX,USA FOX 62 WYFX YOUNGSTOWN
USA Local - FOX,USA FOX 64 WNAC PROVIDENCE
USA Local - FOX,USA FOX 8 WVUE NEW ORLEANS
USA Local - FOX,USA FOX 9 KMSP MINNEAPOLIS
USA Local - FOX,USA FOX 9+ WFTC SAINT PAUL
USA Local - FOX,USA FOXNET HARRISONBURG VA
USA Local - FOX,USA FOX 11 WLUK GREEN BAY
USA Local - FOX,USA FOX 15 KADN LAFAYETTE
USA Local - FOX,USA FOX 17 WZTV NASHVILLE
USA Local - FOX,USA FOX 18 KLJB DAVENPORT
USA Local - FOX,USA FOX 21 WHNS ASHEVILLE
USA Local - FOX,USA FOX 25 WLAX LA CROSSE
USA Local - FOX,USA FOX 31 (WFXL)  Albany
USA Local - FOX,USA FOX 31 WUHF ROCHESTER
USA Local - FOX,USA FOX 4 WFTX FORT MYERS
USA Local - FOX,USA FOX 43 WTNZ KNOXVILLE
USA Local - FOX,USA FOX 45 WBFF BALTIMORE
USA Local - FOX,USA FOX 6 WBRC BIRMINGHAM
USA Local - FOX,USA FOX 8 WGHP GREENSBORO
USA Local - FOX,USA FOX 8 WGHP HIGH POINT
USA Local - FOX,USA Topeka FOX 43 (KTMJ) 
USA Local - FOX,USA FOX 12 KPTV PORTLAND
USA Local - FOX,USA FOX 14 KCIT Amarillo
USA Local - FOX,USA FOX 2 KTVI ST. LOUIS
USA Local - FOX,USA FOX 23 WPFO PORTLAND
USA Local - FOX,USA FOX 28 WTTE COLUMBUS
USA Local - FOX,USA FOX 30 WGBC MERIDIAN
USA Local - FOX,USA FOX 35 WRLH RICHMOND
USA Local - FOX,USA FOX 4 KTBY ANCHORAGE
USA Local - FOX,USA FOX 5 KVVU LAS VEGAS
USA Local - FOX,USA FOX 5 KWSB SAN DIEGO
USA Local - FOX,USA FOX 51 KFXK LONGVIEW
USA Local - FOX,USA FOX 56 WDKY DANVILLE
USA Local - FOX,USA FOX 56 WOLF HAZLETON
USA Local - FOX,USA FOX 6 WITI MILWAUKEE
USA Local - FOX,USA FOX 61 WTIC HARTFORD
USA Local - FOX,USA FOX 68 WSYT SYRACUSE
USA Local - FOX,USA FOXNET CLARKSBURG WV
USA Local - FOX,USA FOXNET SAN ANGELO TX
USA Local - FOX,USA FOX 10 KSAZ PHOENIX
USA Local - FOX,USA FOX 10 WALA ALABAMA
USA Local - FOX,USA FOX 13 WHBQ MEMPHIS
USA Local - FOX,USA FOX 14 KFOX EL PASO
USA Local - FOX,USA FOX 19 WXIX NEWPORT
USA Local - FOX,USA FOX 2 KHON HONOLULU
USA Local - FOX,USA FOX 24 KSAS WICHITA
USA Local - FOX,USA FOX 26 KRIV HOUSTON
USA Local - FOX,USA FOX 27 WFXR ROANOKE
USA Local - FOX,USA FOX 28 KAYU SPOKANE
USA Local - FOX,USA FOX 29 WUTV BUFFALO
USA Local - FOX,USA FOX 32 WFLD CHICAGO
USA Local - FOX,USA FOX 35 KCBA SALINAS
USA Local - FOX,USA FOX 35 WOFL ORLANDO
USA Local - FOX,USA FOX 40 WDBD JACKSON
USA Local - FOX,USA FOX 46 WJZY BELMONT
USA Local - FOX,USA FOX 47 WMSN MADISON
USA Local - FOX,USA FOX 47 WSYM LANSING
USA Local - FOX,USA FOX 5 WNYW NEW YORK
USA Local - FOX,USA FOX 50 WRAZ RALEIGH
USA Local - FOX,USA FOX 54 WFXG AUGUSTA
USA Local - FOX,USA FOX 8 WJW CLEVELAND
USA Local - FOX,USA FOX 9 KNIN CALDWELL
USA Local - FOX,USA FOX 11 KMSB TUCSON
USA Local - FOX,USA FOX 13 KCPQ TACOMA
USA Local - FOX,USA FOX 2 KTVU OAKLAND
USA Local - FOX,USA FOX 2 WJBK DETROIT
USA Local - FOX,USA FOX 23 WXXA ALBANY
USA Local - FOX,USA FOX 25 WFXT BOSTON
USA Local - FOX,USA FOX 26 KMPH FRESNO
USA Local - FOX,USA FOX 31 KDVR DENVER
USA Local - FOX,USA FOX 34 KLSR EUGENE
USA Local - FOX,USA FOX 36 WUPW TOLEDO
USA Local - FOX,USA FOX 41 KCYU YAKIMA
USA Local - FOX,USA FOX 45 WRGT DAYTON
USA Local - FOX,USA FOX 5 WAGA ATLANTA
USA Local - FOX,USA FOX 50 WRAZ DURHAM
USA Local - FOX,USA FOX 13 WTVT TAMPA
USA Local - FOX,USA FOX 15 KVRR FARGO
USA Local - FOX,USA FOX 23 KOKI TULSA
USA Local - FOX,USA FOX 24 WGXA MACON
USA Local - FOX,USA FOX 33 WFXV Utica
USA Local - FOX,USA FOX 4 KDFW DALLAS
USA Local - FOX,USA FOX 51 WOGX OCALA
USA Local - FOX,USA FOX 66 WSMH FLINT
USA Local - FOX,USA FOX 67 KFXV TEXAS
USA Local - FOX,USA FOX 7 KTBC AUSTIN
USA Local - FOX,USA FOXNET LUBBOCK TX
USA Local - FOX,USA FOXNET SHERMAN TX
USA Local - FOX,USA FOX 11 KRXI RENO
USA Local - FOX,USA FOX 43 WPMT YORK
USA Local - FOX,USA FOX 44 KWKT WACO
USA Local - FOX,USA FOX 7 WSVN MIAMI
USA Local - FOX,USA FOXNET ALBINE TX
USA Local - FOX,USA Fox 11 WBKB
USA Local - MISC,USA RED APPLE 21 - FAIRFAX COUNTY PUBLIC SCHOOLS - VIRGINIA
USA Local - MISC,USA BEACH TV - MYRTLE BEACH SC - GRAND STAND
USA Local - MISC,USA PBS (SCETV) SOUTH CAROLINA EDUCATION TV
USA Local - MISC,USA PBS 17 WLRN WEST PALM BEACH/FORT PIERCE
USA Local - MISC,USA PBS 35/52 WGVU GRAND RAPIDS/KALAMAZOO
USA Local - MISC,USA NAU-TV - NORTHERN ARIZONA UNIVERSITY
USA Local - MISC,USA BEACH TV - KEY WEST - FLORIDA KEYS
USA Local - MISC,USA CW 8 (KNOE-DT2) Monroe El Dorado
USA Local - MISC,USA NO TV - NEW ORLEANS TELEVISION
USA Local - MISC,USA PCC TV PINELLAS COUNTY FLORIDA
USA Local - MISC,USA BEACH TV - FLORIDA - ALABAMA
USA Local - MISC,USA DISTRICT OF COLUMBIA NETWORK
USA Local - MISC,USA PBS 9 NINE NETWORK ST. LOUIS
USA Local - MISC,USA 69 News (WFMZ) Philadelphia
USA Local - MISC,USA PBS 57 (WCFE) Mountain Lake
USA Local - MISC,USA CW 34 WTVX WEST PALM BEACH
USA Local - MISC,USA CW 58 (WBKI-DT) Louisville
USA Local - MISC,USA DARCIZZLE OFFSHORE FISHING
USA Local - MISC,USA PBS 10 (WMEM) Presque Isle
USA Local - MISC,USA PBS 6 KPTW CASPER/RIVERTON
USA Local - MISC,USA CW 44 WTOG ST. PETERSBURG
USA Local - MISC,USA LEOMINSTER TV EDUCATIONAL
USA Local - MISC,USA PBS 7 KUED SALT LAKE CITY
USA Local - MISC,USA CW 34 KOCB OKLAHOMA CITY
USA Local - MISC,USA LEOMINSTER TV GOVERNMENT
USA Local - MISC,USA MY 12 WTVZ HAMPTON ROADS
USA Local - MISC,USA MY 9 WWOR SECAUCUS NJ/NY
USA Local - MISC,USA PBS 30 WTIU INDIANAPOLIS
USA Local - MISC,USA ARIZONA'S FAMILY 3 KTVK
USA Local - MISC,USA CW 17 WCWJ JACKSONVILLE
USA Local - MISC,USA CW 38 WSWB WILKES-BARRE
USA Local - MISC,USA CW 57 WPSG PHILADELPHIA
USA Local - MISC,USA MY 53 WQMY WILLIAMSPORT
USA Local - MISC,USA PBS 11 KTWU KANSAS CITY
USA Local - MISC,USA PBS 7 WJCT JACKSONVILLE
USA Local - MISC,USA PBS LPB KLTS SHREVEPORT
USA Local - MISC,USA BEACH TV - PANAMA CITY
USA Local - MISC,USA CW 29 KCWE Kansas City
USA Local - MISC,USA CW 35 KMYS SAN ANTONIO
USA Local - MISC,USA MY 13 KCOP LOS ANGELES
USA Local - MISC,USA MY 62 KSMO KANSAS CITY
USA Local - MISC,USA PBS 30 WGCU FORT MYERS
USA Local - MISC,USA PBS 5 WUFT GAINESVILLE
USA Local - MISC,USA PBS WNIN IN Evansville
USA Local - MISC,USA PBS WVPB WEST VIRGINIA
USA Local - MISC,USA CW 12 KTXE SAN ANGELO
USA Local - MISC,USA CW 12 WKRC CINCINNATI
USA Local - MISC,USA CW 19 WPCW PITTSBURGH
USA Local - MISC,USA CW 20 WCWG GREENSBORO
USA Local - MISC,USA CW 21 WTTO BIRMINGHAM
USA Local - MISC,USA CW 23 WUCW SAINT PAUL
USA Local - MISC,USA CW 31 KMAX SACRAMENTO
USA Local - MISC,USA CW 46 WXCW FORT MYERS
USA Local - MISC,USA GREENSBORO TV NETWORK
USA Local - MISC,USA MY 22 WPNT PITTSBURGH
USA Local - MISC,USA MY 40 WMYA GREENVILLE
USA Local - MISC,USA MY 48 WMYV GREENSBORO
USA Local - MISC,USA PBS 2 TPT TWIN CITIES
USA Local - MISC,USA PBS 25 WVIZ CLEVELAND
USA Local - MISC,USA PBS 48 CET CINCINNATI
USA Local - MISC,USA PBS 6 KVIE SACRAMENTO
USA Local - MISC,USA PBS CPTV CONNECTIICUT
USA Local - MISC,USA CTN TV  - CONNETICUT
USA Local - MISC,USA CW 14 WCWF GREEN BAY
USA Local - MISC,USA CW 18 WCCB Charlotte
USA Local - MISC,USA CW 18 WVTV MILWAUKEE
USA Local - MISC,USA CW 21 KPXJ SHREVPORT
USA Local - MISC,USA CW 23 (WNLO) BUFFALO
USA Local - MISC,USA CW 30 (WLMT) Memphis
USA Local - MISC,USA CW 33 KVCW LAS VEGAS
USA Local - MISC,USA CW 58 WNAB NASHVILLE
USA Local - MISC,USA ION 31 WPXN NEW YORK
USA Local - MISC,USA LEOMINSTER TV PUBLIC
USA Local - MISC,USA MY 12 WMYT CHARLOTTE
USA Local - MISC,USA MY 15 WTCN WEST PALM
USA Local - MISC,USA MY 21 WHP HARRISBURG
USA Local - MISC,USA MY 30 WUXP NASHVILLE
USA Local - MISC,USA MY 33 KVCW LAS VEGAS
USA Local - MISC,USA PBS 2 WEPT KNOXVILLE
USA Local - MISC,USA PBS 24 WCNY SYRACUSE
USA Local - MISC,USA PBS 34 WOSU COLUMBUS
USA Local - MISC,USA PBS WNET NY New York
USA Local - MISC,USA CBS WINK FORT MYERS
USA Local - MISC,USA CW 19 WPCW JEANETTE
USA Local - MISC,USA CW 36 KICU SAN JOSE
USA Local - MISC,USA CW 53 WWHO COLUMBUS
USA Local - MISC,USA CW 7 WWMT KALAMAZOO
USA Local - MISC,USA CW 8 KFMB SAN DIEGO
USA Local - MISC,USA FAIRFAX 16 VIRGINIA
USA Local - MISC,USA PBS (PPBS) AMARILLO
USA Local - MISC,USA PBS 17 WNED BUFFALO
USA Local - MISC,USA WJXT 4 JACKSONVILLE
USA Local - MISC,USA CW 18 CHARLOTTE NC
USA Local - MISC,USA CW 50 WKBD DETROIT
USA Local - MISC,USA CW 69 WUPA ATLANTA
USA Local - MISC,USA DC COUNCIL CHANNEL
USA Local - MISC,USA MY 20 KTXH HOUSTON
USA Local - MISC,USA MY 35 WFGX ALABAMA
USA Local - MISC,USA MY 49 WDKA PADUCAH
USA Local - MISC,USA MY 49 WNYO BUFFALO
USA Local - MISC,USA MY 50 WPWR CHICAGO
USA Local - MISC,USA MY 65 WRBW ORLANDO
USA Local - MISC,USA PBS 17 WMHT ALBANY
USA Local - MISC,USA PBS 30 WGTE TOLEDO
USA Local - MISC,USA PBS 54 (WQLN) Erie
USA Local - MISC,USA PBS Detroit (WTVS)
USA Local - MISC,USA PBS KPBS SAN DIEGO
USA Local - MISC,USA PBS KRMA CO Denver
USA Local - MISC,USA WHDH 7News Boston 
USA Local - MISC,USA CW 11 KSTW TACOMA
USA Local - MISC,USA CW 15 WCWN ALBANY
USA Local - MISC,USA CW 22 WLFL DURHAM
USA Local - MISC,USA CW 56 WLVI Boston
USA Local - MISC,USA KXTA 21 DALLAS TX
USA Local - MISC,USA MY 27 KDFI DALLAS
USA Local - MISC,USA MY 28 WRDC DURHAM
USA Local - MISC,USA MY 38 WSBK BOSTON
USA Local - MISC,USA Mytv KUTP Phoenix
USA Local - MISC,USA CW 2 KDLH DULUTH
USA Local - MISC,USA CW 39 WSFL MIAMI
USA Local - MISC,USA MY 33 WBFS MIAMI
USA Local - MISC,USA PBS MPT MARYLAND
USA Local - MISC,USA ATLANTA CHANNEL
USA Local - MISC,USA MY 12 KMYU UTAH
USA Local - MISC,USA CW 11 AMARILLO
USA Local - MISC,USA CW 61 PHOENIX
USA Local - MISC,USA LoveWorld USA
USA Local - MISC,USA My 9 New York
USA Local - MISC,USA PBS WQPT IOWA
USA Local - MISC,USA WGN 9 CHICAGO
USA Local - MISC,USA WPIX 11 NY HD
USA Local - MISC,USA ROCKVILLE 11
USA Local - MISC,USA BUFFALO TV
USA Local - MISC,USA PBS Create
USA Local - MISC,USA CW 5 KTLA
USA Local - MISC,USA MIAMI TV
USA Local - MISC,USA KEY TV
USA Local - NBC,USA NBC 8 WOOD GRAND RAPIDS/KALAMAZOO
USA Local - NBC,USA NBC 5 WPTV WEST PALM/FORT PIERCE
USA Local - NBC,USA NBC 5 KXAS FORT WORTH/DALLAS
USA Local - NBC,USA NBC 13 KCWY CASPER/RIVERTON
USA Local - NBC,USA NBC 29 WVIR CHARLOTTESVILLE
USA Local - NBC,USA NBC 11 KKCO GRAND JUNCTION
USA Local - NBC,USA NBC 11 KKCO GRAND JUNCTION
USA Local - NBC,USA NBC 19 WVGN VIRGIN ISLANDS
USA Local - NBC,USA NBC 6 KSBY SAN LUIS OBISPO
USA Local - NBC,USA NBC 40 WNKY BOWLING GREEN
USA Local - NBC,USA NBC 5 KATH JUNEAU/DOUGLAS
USA Local - NBC,USA NBC 5 WRAL DURHAM/RALEIGH
USA Local - NBC,USA NBC 6 KRIS CORPUS CHRISTI
USA Local - NBC,USA NBC 8 KOMU JEFFERSON CITY
USA Local - NBC,USA NBC 10 WCAU PHILADELPHIA
USA Local - NBC,USA NBC 10 WJAR RHODE ISLAND
USA Local - NBC,USA NBC 12 WTLV JACKSONVILLE
USA Local - NBC,USA NBC 13 WTHR INDIANAPOLIS
USA Local - NBC,USA NBC 2 WESH DAYTONA BEACH
USA Local - NBC,USA NBC 28 WBRE WILKES-BARRE
USA Local - NBC,USA NBC 32 WMBF MYRTLE BEACH
USA Local - NBC,USA NBC 4 KFOR OKLAHOMA CITY
USA Local - NBC,USA NBC 5 KSL SALT LAKE CITY
USA Local - NBC,USA NBC 7 WPBN TRAVERSE CITY
USA Local - NBC,USA NBC 11 KARE MINNEAPOLIS
USA Local - NBC,USA NBC 12 WJFW RHINELANDER
USA Local - NBC,USA NBC 15 WTAP PARKERSBURG
USA Local - NBC,USA NBC 16 KTGF GREAT FALLS
USA Local - NBC,USA NBC 17 KGET BAKERSFIELD
USA Local - NBC,USA NBC 2 KNOP NORTH PLATTE
USA Local - NBC,USA NBC 22 WWLP SPRINGFIELD
USA Local - NBC,USA NBC 23 KVEO BROWNSVILLE
USA Local - NBC,USA NBC 30 WVIT NEW BRITAIN
USA Local - NBC,USA NBC 33 WVLA BATON ROUGE
USA Local - NBC,USA NBC 4 WRC WASHINGTON DC
USA Local - NBC,USA NBC 40 WTWC TALLAHASSEE
USA Local - NBC,USA NBC 41 KSHB KANSAS CITY
USA Local - NBC,USA NBC 46 KDLT SIOUX FALLS
USA Local - NBC,USA NBC 6 KMIR PALM SPRINGS
USA Local - NBC,USA NBC 7 KPLC LAKE CHARLES
USA Local - NBC,USA NBC 10 WAVY PORTSMOUTH
USA Local - NBC,USA NBC 11 WPXI PITTSBURGH
USA Local - NBC,USA NBC 12 WBOY CLARKSBURG
USA Local - NBC,USA NBC 12 WSFA MONTGOMERY
USA Local - NBC,USA NBC 12 WXII GREENSBORO
USA Local - NBC,USA NBC 13 WEAU EAU CLAIRE
USA Local - NBC,USA NBC 13 WVTM BIRMINGHAM
USA Local - NBC,USA NBC 14 WFIE EVANSVILLE
USA Local - NBC,USA NBC 16 WNDU SOUTH BEND
USA Local - NBC,USA NBC 18 WHIZ ZANESVILLE
USA Local - NBC,USA NBC 2 WTWO TERRE HAUTE
USA Local - NBC,USA NBC 20 WBGH BINGHAMTON
USA Local - NBC,USA NBC 21 KNBN RAPID CITY
USA Local - NBC,USA NBC 21 KNPG ST. JOSEPH
USA Local - NBC,USA NBC 21 WFMJ YOUNGSTOWN
USA Local - NBC,USA NBC 21 WPTA FORT WAYNE
USA Local - NBC,USA NBC 3 KYTV SPRINGFIELD
USA Local - NBC,USA NBC 31 WRDE  SALISBURY
USA Local - NBC,USA NBC 4 KARK LITTLE ROCK
USA Local - NBC,USA NBC 4 KNBC LOS ANGELES
USA Local - NBC,USA NBC 4 WOAI SAN ANTONIO
USA Local - NBC,USA NBC 48 WAFF HUNTSVILLE
USA Local - NBC,USA NBC 5 WPTZ PLATTSBURGH
USA Local - NBC,USA NBC 51 KNWA FORT SMITH
USA Local - NBC,USA NBC 6 WDSU NEW ORLEANS
USA Local - NBC,USA NBC 7 WDAM HATTIESBURG
USA Local - NBC,USA NBC 7 WJHG PANAMA CITY
USA Local - NBC,USA NBC 9 WNBW GAINESVILLE
USA Local - NBC,USA NBC 10 KTTC ROCHESTER
USA Local - NBC,USA NBC 10 KTVE EL DORADO
USA Local - NBC,USA NBC 10 WBIR KNOXVILLE
USA Local - NBC,USA NBC 10 WHEC ROCHESTER
USA Local - NBC,USA NBC 11 KTVF FAIRBANKS
USA Local - NBC,USA NBC 11 WBAL BALTIMORE
USA Local - NBC,USA NBC 13 WHO DES MOINES
USA Local - NBC,USA NBC 18 WLEX LEXINGTON
USA Local - NBC,USA NBC 2 WBBH FORT MYERS
USA Local - NBC,USA NBC 2 WCBD CHARLESTON
USA Local - NBC,USA NBC 26 WGBA GREEN BAY
USA Local - NBC,USA NBC 3 KCRA SACRAMENTO
USA Local - NBC,USA NBC 3 KSAN SAN ANGELO
USA Local - NBC,USA NBC 3 WAVE LOUISVILLE
USA Local - NBC,USA NBC 3 WSAZ HUNTINGTON
USA Local - NBC,USA NBC 36 WCNC CHARLOTTE
USA Local - NBC,USA NBC 39 KNSD SAN DIEGO
USA Local - NBC,USA NBC 4 KOB ALBUQUERQUE
USA Local - NBC,USA NBC 4 WYFF GREENVILLE
USA Local - NBC,USA NBC 45 WVNC WATERTOWN
USA Local - NBC,USA NBC 46 KLAF LAFAYETTE
USA Local - NBC,USA NBC 5 WLWT CINCINNATI
USA Local - NBC,USA NBC 6 WECT WILMINGTON
USA Local - NBC,USA NBC 7 WITN WASHINGTON
USA Local - NBC,USA NBC 11 KNTV SAN JOSE
USA Local - NBC,USA NBC 12 WWBT RICHMOND
USA Local - NBC,USA NBC 13 KECI MISSOULA
USA Local - NBC,USA NBC 13 KHNL HONOLULU
USA Local - NBC,USA NBC 13 WREX ROCKFORD
USA Local - NBC,USA NBC 17 KMOL VICTORIA
USA Local - NBC,USA NBC 2 KTUU ANCHORAGE
USA Local - NBC,USA NBC 25 WXXV Gulfport
USA Local - NBC,USA NBC 3 KSNV LAS VEGAS
USA Local - NBC,USA NBC 3 WKYC CLEVELAND
USA Local - NBC,USA NBC 30 WVIT HARTFORD
USA Local - NBC,USA NBC 38 WLTZ COLUMBUS
USA Local - NBC,USA NBC 4 KTI SIOUX CITY
USA Local - NBC,USA NBC 4 WSMV NASHVILLE
USA Local - NBC,USA NBC 4 WTMJ MILWAUKEE
USA Local - NBC,USA NBC 5 KALB LOUISIANA
USA Local - NBC,USA NBC 5 KSDK ST. LOUIS
USA Local - NBC,USA NBC 6 KBJR WISCONSIN
USA Local - NBC,USA NBC 6 KPVI POCATELLO
USA Local - NBC,USA NBC 6 KWQC DAVENPORT
USA Local - NBC,USA NBC 6 WJAC JOHNSTOWN
USA Local - NBC,USA NBC 6 WLUC MARQUETTE
USA Local - NBC,USA NBC 6 WVVA BLUEFIELD
USA Local - NBC,USA NBC 8 KAIT JONESBORO
USA Local - NBC,USA NBC 8 WGAL LANCASTER
USA Local - NBC,USA NBC 10 WIS COLUMBIA
USA Local - NBC,USA NBC 10 WSLS ROANOKE
USA Local - NBC,USA NBC 11 KCBD LUBBOCK
USA Local - NBC,USA NBC 11 WXIA ATLANTA
USA Local - NBC,USA NBC 13 KTVM MONTANA
USA Local - NBC,USA NBC 15 WMTV MADISON
USA Local - NBC,USA NBC 15 WPMI ALABAMA
USA Local - NBC,USA NBC 17 WAND DECATUR
USA Local - NBC,USA NBC 25 WEYI SAGINAW
USA Local - NBC,USA NBC 26 WAGT AUGUSTA
USA Local - NBC,USA NBC 3 WSAV SAVANNAH
USA Local - NBC,USA NBC 3 WSTM SYRACUSE
USA Local - NBC,USA NBC 39 WNBJ JACKSON
USA Local - NBC,USA NBC 4 KAMR AMARILLO
USA Local - NBC,USA NBC 4 KNEP NEBRASKA
USA Local - NBC,USA NBC 4 KSNB SUPERIOR
USA Local - NBC,USA NBC 4 WCMH COLUMBUS
USA Local - NBC,USA NBC 4 WNBC NEW YORK
USA Local - NBC,USA NBC 6 WCSH PORTLAND
USA Local - NBC,USA NBC 7 KWWL WATERLOO
USA Local - NBC,USA NBC  (WYCN) Nashua
USA Local - NBC,USA NBC 10 WALB ALBANY
USA Local - NBC,USA NBC 10 WGEM QUINCY
USA Local - NBC,USA NBC 12 KTVH HELENA
USA Local - NBC,USA NBC 13 WNYT ALBANY
USA Local - NBC,USA NBC 13 WRGX DOTHAN
USA Local - NBC,USA NBC 16 KMTR EUGENE
USA Local - NBC,USA NBC 17 KSNF JOPLIN
USA Local - NBC,USA NBC 2 KPRC HOUSTON
USA Local - NBC,USA NBC 2 WESH ORLANDO
USA Local - NBC,USA NBC 2 WGRZ BUFFALO
USA Local - NBC,USA NBC 23 KNDO YAKIMA
USA Local - NBC,USA NBC 24 KSEE FRESNO
USA Local - NBC,USA NBC 24 WNWO TOLEDO
USA Local - NBC,USA NBC 25 WEEK PEORIA
USA Local - NBC,USA NBC 27 KSNT TOPEKA
USA Local - NBC,USA NBC 3 WLBT JACKSON
USA Local - NBC,USA NBC 36 KXAN AUSTIN
USA Local - NBC,USA NBC 4 WDIV DETROIT
USA Local - NBC,USA NBC 5 KFYR BISMARK
USA Local - NBC,USA NBC 5 KING SEATTLE
USA Local - NBC,USA NBC 5 KOBI MEDFORD
USA Local - NBC,USA NBC 5 WCYB BRISTOL
USA Local - NBC,USA NBC 5 WMAQ CHICAGO
USA Local - NBC,USA NBC 6 WPSD PADUCAH
USA Local - NBC,USA NBC 8 KGW PORTLAND
USA Local - NBC,USA NBC 8 KSBW SALINAS
USA Local - NBC,USA NBC 9 KRBC ABILENE
USA Local - NBC,USA NBC 9 KTSM EL PASO
USA Local - NBC,USA NBC 11 KVLY FARGO
USA Local - NBC,USA NBC 2 WDTN DAYTON
USA Local - NBC,USA NBC 2 WLBZ BANGOR
USA Local - NBC,USA NBC 23 KAGS BRYAN
USA Local - NBC,USA NBC 3 KIEM EUREKA
USA Local - NBC,USA NBC 4 KVOA TUCSON
USA Local - NBC,USA NBC 41 WMGT MACON
USA Local - NBC,USA NBC 5 KOAA PUEBLO
USA Local - NBC,USA NBC 5 WMC MEMPHIS
USA Local - NBC,USA NBC 6 KBJR DULUTH
USA Local - NBC,USA NBC 6 KCEN TEMPLE
USA Local - NBC,USA NBC 6 KHQ SPOKANE
USA Local - NBC,USA NBC 8 KGNS LAREDO
USA Local - NBC,USA NBC 9 KUSA DENVER
USA Local - NBC,USA NBC 9 KWES ODESSA
USA Local - NBC,USA NBC 9 WTVA TUPELO
USA Local - NBC,USA NBC 12 KPNX MESA
USA Local - NBC,USA NBC 12 WICU ERIE
USA Local - NBC,USA NBC 13 KYMA YUMA
USA Local - NBC,USA NBC 2 KJRH TULSA
USA Local - NBC,USA NBC 2 WKTV UTICA
USA Local - NBC,USA NBC 21 KTVZ BEND
USA Local - NBC,USA NBC 6 WOWT OMAHA
USA Local - NBC,USA NBC 6 WTVJ MIAMI
USA Local - NBC,USA NBC 7 KTFT BOISE
USA Local - NBC,USA NBC 8 WFLA TAMPA
USA Local - NBC,USA NBC 10 KTEN ADA
USA Local - NBC,USA NBC 7 KRNV RENO
USA Local - NBC,USA NBC 8 WLIO LIMA
USA Local - NBC,USA NBC Boston WBTS
USA Local - NBC,USA NBC 8 WYCN-LD
USA Local - NBC,USA NBC UNIVERSO
USA Local Channels ( Full List ),"CA | Poway, Etc. | Telemundo KUAN"
USA Local Channels ( Full List ),USA MyNet (WHP-DT) Harrisburg
USA Local Channels ( Full List ),USA MyNet (WCIV) Charleston
USA Local Channels ( Full List ),USA PBS (UNC-TV) Greensboro/High Point/Winston-Salem Area
USA Local Channels ( Full List ),USA PBS South Florida West Palm Beach/Fort Pierce
USA Local Channels ( Full List ),USA PBS (UNC-TV) Norfolk/Portsmouth/Newport News
USA Local Channels ( Full List ),USA PBS (WHRG) Norfolk/Portsmouth/Newport News
USA Local Channels ( Full List ),USA PBS Kids Norfolk/Portsmouth/Newport News
USA Local Channels ( Full List ),Virgin Islands | Charlotte Amalie | NBC WVGN
USA Local Channels ( Full List ),USA PBS (WLRN) West Palm Beach/Fort Pierce
USA Local Channels ( Full List ),USA PBS Mobile/Pensacola/Fort Walton Beach
USA Local Channels ( Full List ),USA PBS Lowa Davenport/Rock Island/Moline
USA Local Channels ( Full List ),USA PBS 14 (WCMU) Flint/Saginaw/Bay City
USA Local Channels ( Full List ),ID | Idaho Falls-Pocatello | NBC KPVI
USA Local Channels ( Full List ),USA PBS (KEDT) TX | CorpUSA Christi
USA Local Channels ( Full List ),FL | Orlando | My Network TV WRBW
USA Local Channels ( Full List ),ID | Idaho Falls | Telemundo KIFI
USA Local Channels ( Full List ),USA PBS (CPTV) Hartford/New Haven
USA Local Channels ( Full List ),USA PBS (KQED) Kids San Francisco
USA Local Channels ( Full List ),USA PBS (NEPM) Hartford/New Haven
USA Local Channels ( Full List ),AR | Monroe-El Dorado | NBC KTVE
USA Local Channels ( Full List ),CO | Colorado Springs | CBS KKTV
USA Local Channels ( Full List ),CO | Colorado Springs | FOX KXRM
USA Local Channels ( Full List ),IA | Sioux City | Telemundo KBWF
USA Local Channels ( Full List ),PA | Joplin-Pittsburg | NBC KSNF
USA Local Channels ( Full List ),USA PBS 6 (KPTW) Casper/Riverton
USA Local Channels ( Full List ),CA | San Luis Obispo | FOX KKFX
USA Local Channels ( Full List ),CA | San Luis Obispo | NBC KSBY
USA Local Channels ( Full List ),FL | West Palm Beach | CBS WPEC
USA Local Channels ( Full List ),FL | West Palm Beach | FOX WFLX
USA Local Channels ( Full List ),FL | West Palm Beach | NBC WPTV
USA Local Channels ( Full List ),IA | Des Moines-Ames | CBS KCCI
USA Local Channels ( Full List ),USA ABC17 (KMIZ) Jefferson City
USA Local Channels ( Full List ),USA CW 59 (KFRE) Fresno/Visalia
USA Local Channels ( Full List ),USA FOX 25 (KOKH) Oklahoma City
USA Local Channels ( Full List ),USA FOX22 (KQFX) Jefferson City
USA Local Channels ( Full List ),USA My33 (WBFS) Fort Lauderdale
USA Local Channels ( Full List ),USA NBC 40 (WNKY) Bowling Green
USA Local Channels ( Full List ),USA PBS (KTCA) MN | Minneapolis
USA Local Channels ( Full List ),USA PBS (ThinkTV-14) Cincinnati
USA Local Channels ( Full List ),USA PBS Kids Hartford/New Haven
USA Local Channels ( Full List ),VA | Charlottesville | NBC WVIR
USA Local Channels ( Full List ),AK | Juneau-douglas | NBC KATH
USA Local Channels ( Full List ),CO | Grand Junction | NBC KKCO
USA Local Channels ( Full List ),TX | Corpus Christi | CBS KZTV
USA Local Channels ( Full List ),TX | Corpus Christi | NBC KRIS
USA Local Channels ( Full List ),USA ABC 3 (KEYT) Santa Barbara
USA Local Channels ( Full List ),USA ABC 5 (KECY-DT2) El Centro
USA Local Channels ( Full List ),USA ABC13 (WVEC) Hampton Roads
USA Local Channels ( Full List ),USA ABC40/29 (KHBS) Fort Smith
USA Local Channels ( Full List ),USA ABC40/29 (KHOG) Fort Smith
USA Local Channels ( Full List ),USA ABC45 (WXLV) Winston-Salem
USA Local Channels ( Full List ),USA CBS 9 (KWTV) Oklahoma City
USA Local Channels ( Full List ),USA CW44 (WTOG) St. Petersburg
USA Local Channels ( Full List ),USA FOX 43 (WFXB) Myrtle beach
USA Local Channels ( Full List ),USA Fox College Sports Pacific
USA Local Channels ( Full List ),USA NBC 32 (WMBF) Myrtle beach
USA Local Channels ( Full List ),USA NBC 4 (KFOR) Oklahoma City
USA Local Channels ( Full List ),USA NBC8 (KOMU) Jefferson City
USA Local Channels ( Full List ),USA PBS 10 (WMEM) Presque Isle
USA Local Channels ( Full List ),USA PBS Kids WJCT Jacksonville
USA Local Channels ( Full List ),VA | Charlottesville | FOX Net
USA Local Channels ( Full List ),VA | Virginia Beach | FOX WVBT
USA Local Channels ( Full List ),FL | Daytona Beach | NBC WESH
USA Local Channels ( Full List ),LA | Alexandria | ABC 31 KLAX
USA Local Channels ( Full List ),LA | Alexandria | FOX 48 WNTZ
USA Local Channels ( Full List ),OR | Medford | Telemundo KFBI
USA Local Channels ( Full List ),TN-VA | Tri-Cities | CBS WJHL
USA Local Channels ( Full List ),TN-VA | Tri-Cities | NBC WCYB
USA Local Channels ( Full List ),USA ABC 38 (WAWV) Terre Haute
USA Local Channels ( Full List ),USA ABC13 (WZZM) Grand Rapids
USA Local Channels ( Full List ),USA ABC25 (WJXX) Jacksonville
USA Local Channels ( Full List ),USA ABC5 (KOCO) Oklahoma City
USA Local Channels ( Full List ),USA CW 57 (WPSG) Philadelphia
USA Local Channels ( Full List ),USA FOX 9 WTVC-DT Chattanooga
USA Local Channels ( Full List ),USA FOX28 (KFXA) Cedar Rapids
USA Local Channels ( Full List ),USA MY33 (WTVZ) Hampton Roads
USA Local Channels ( Full List ),USA PBS (KUED) Salt Lake City
USA Local Channels ( Full List ),USA Salt Lake City | CBS KUTV
USA Local Channels ( Full List ),CA | Palm Springs | NBC KMIR
USA Local Channels ( Full List ),FL | Jacksonville | FOX WFOX
USA Local Channels ( Full List ),IA | Cedar Rapids | CBS KGAN
USA Local Channels ( Full List ),LA | Alexandria | CBS 5 KALB
USA Local Channels ( Full List ),LA | Lake Charles | NBC KPLC
USA Local Channels ( Full List ),ME | Presque Isle | NBC WWPI
USA Local Channels ( Full List ),NE | North Platte | NBC KNOP
USA Local Channels ( Full List ),NM | Alburquerque | FOX KRQE
USA Local Channels ( Full List ),OH | Steubenville | NBC WTOV
USA Local Channels ( Full List ),PA | Wilkes-Barre | CBS WYOU
USA Local Channels ( Full List ),PA | Wilkes-Barre | FOX WOLF
USA Local Channels ( Full List ),PA | Wilkes-Barre | NBC WBRE
USA Local Channels ( Full List ),TX | Jacksonville | NBC KETK
USA Local Channels ( Full List ),USA ABC 10 Albany (WALB-DT2)
USA Local Channels ( Full List ),USA ABC 57 South Bend (WBND)
USA Local Channels ( Full List ),USA ABC9 (KCRG) Cedar Rapids
USA Local Channels ( Full List ),USA CBS 22 South Bend (WSBT)
USA Local Channels ( Full List ),USA CBS 3 (WSHM) Springfield
USA Local Channels ( Full List ),USA CBS 6 (WCTV) Tallahassee
USA Local Channels ( Full List ),USA CW East Philadelphia UHD
USA Local Channels ( Full List ),USA CW38 (WSWB) Wilkes-Barre
USA Local Channels ( Full List ),USA FOX 17 WXMI Grand Rapids
USA Local Channels ( Full List ),USA FOX 41 (WDRB) Louisville
USA Local Channels ( Full List ),USA MY 9 (KECY-DT) El Centro
USA Local Channels ( Full List ),USA MY53 (WQMY) Williamsport
USA Local Channels ( Full List ),USA NBC 7 WPBN Traverse City
USA Local Channels ( Full List ),USA NBC33 (WVLA) Baton Rouge
USA Local Channels ( Full List ),USA PBS (KQED) San Francisco
USA Local Channels ( Full List ),USA PBS (KVIE) San Francisco
USA Local Channels ( Full List ),USA PBS (OETA) Oklahoma City
USA Local Channels ( Full List ),USA PBS 13 (WQED) Pittsburgh
USA Local Channels ( Full List ),USA PBS 9 (KLRN) SAN ANTONIO
USA Local Channels ( Full List ),USA PBS Albuquerque-Santa Fe
USA Local Channels ( Full List ),VA | Harrisonburg | NBC WSVW
USA Local Channels ( Full List ),AR | Little Rock | CBS KTHV
USA Local Channels ( Full List ),AR | Little Rock | FOX KLRT
USA Local Channels ( Full List ),AR | Little Rock | NBC KARK
USA Local Channels ( Full List ),CA | Bakersfield | NBC KGET
USA Local Channels ( Full List ),CA | Santa Maria | CBS KCOY
USA Local Channels ( Full List ),CT | New Britain | NBC WVIT
USA Local Channels ( Full List ),FL | Tallahassee | FOX WTWC
USA Local Channels ( Full List ),IL | Bloomington | FOX WYZZ
USA Local Channels ( Full List ),IN | Terre Haute | NBC WTWO
USA Local Channels ( Full List ),LA | Baton Rouge | CBS WAFB
USA Local Channels ( Full List ),LA | Baton Rouge | FOX WGMB
USA Local Channels ( Full List ),LA | Baton Rouge | NBC WVLA
USA Local Channels ( Full List ),LA | Charles | FOX Net Lake
USA Local Channels ( Full List ),MA | Springfield | FOX WGGB
USA Local Channels ( Full List ),MA | Springfield | NBC WWLP
USA Local Channels ( Full List ),ME | Presque Isle | FOX Net
USA Local Channels ( Full List ),MN | Minneapolis | FOX KMSP
USA Local Channels ( Full List ),MO | Kansas City | FOX WDAF
USA Local Channels ( Full List ),MO | Kansas City | NBC KSHB
USA Local Channels ( Full List ),MO | Osage Beach | FOX KRBK
USA Local Channels ( Full List ),MT | Great Falls | NBC KTGF
USA Local Channels ( Full List ),NY | New York | CW (PIX 11)
USA Local Channels ( Full List ),NY | Plattsburgh | NBC WPTZ
USA Local Channels ( Full List ),NY | Schenectady | CBS WRGB
USA Local Channels ( Full List ),SC | Spartanburg | CBS WSPA
USA Local Channels ( Full List ),SD | Sioux Falls | FOX KTTW
USA Local Channels ( Full List ),SD | Sioux Falls | NBC KDLT
USA Local Channels ( Full List ),TN | Chattanooga | CBS WDEF
USA Local Channels ( Full List ),TX | Brownsville | NBC KVEO
USA Local Channels ( Full List ),TX | Nacogdoches | CBS KYTX
USA Local Channels ( Full List ),TX | San Antonio | NBC WOAI
USA Local Channels ( Full List ),US NBC 9 (WNBW) Gainesville
USA Local Channels ( Full List ),USA ABC 13 WMBB Panama City
USA Local Channels ( Full List ),USA ABC 4 WOTV Battle Creek
USA Local Channels ( Full List ),USA ABC 9 (WCPO) Cincinnati
USA Local Channels ( Full List ),USA ABC Salt Lake city KTVX
USA Local Channels ( Full List ),USA ABC2 (WBRZ) Baton Rouge
USA Local Channels ( Full List ),USA ABC27 (WHTM) Harrisburg
USA Local Channels ( Full List ),USA ABC31 (WAAY) Huntsville
USA Local Channels ( Full List ),USA ABC68 (WABM) Birmingham
USA Local Channels ( Full List ),USA CBS 12 WDEF Chattanooga
USA Local Channels ( Full List ),USA CBS 18 WECP Panama City
USA Local Channels ( Full List ),USA CBS4 (WGFL) Gainesville
USA Local Channels ( Full List ),USA CW35 (KMYS) San Antonio
USA Local Channels ( Full List ),USA FOX 28 WPGX Panama City
USA Local Channels ( Full List ),USA FOX 44 WGMB Baton rouge
USA Local Channels ( Full List ),USA Fox Salt Lake City KSTU
USA Local Channels ( Full List ),USA FOX24 (KFTA) Fort Smith
USA Local Channels ( Full List ),USA KTVU Plus San Francisco
USA Local Channels ( Full List ),USA MY 64 (WSTR) Cincinnati
USA Local Channels ( Full List ),USA MY62 (KSMO) Kansas City
USA Local Channels ( Full List ),USA NBC 3 (WAVE) Louisville
USA Local Channels ( Full List ),USA NBC 40 WTWC Tallahassee
USA Local Channels ( Full List ),USA NBC 45 (WVNC) Watertown
USA Local Channels ( Full List ),USA NBC 8 WOOD Grand Rapids
USA Local Channels ( Full List ),USA NBC51 (KNWA) Fort Smith
USA Local Channels ( Full List ),USA PBS (NUTY) PHILADELPHIA
USA Local Channels ( Full List ),USA PBS (WFYI) INDIANAPOLIS
USA Local Channels ( Full List ),USA PBS (WHYY) PHILADELPHIA
USA Local Channels ( Full List ),USA PBS (WTIU) INDIANAPOLIS
USA Local Channels ( Full List ),USA PBS 10 (KLVX) Las Vegas
USA Local Channels ( Full List ),USA PBS 15 (KBBS) San Diego
USA Local Channels ( Full List ),USA PBS 16 (THINKTV) Dayton
USA Local Channels ( Full List ),USA PBS 6 (KVIE) Sacramento
USA Local Channels ( Full List ),USA PBS Kids Fresno/Visalia
USA Local Channels ( Full List ),VA | Harrisonburg | FOX Net
USA Local Channels ( Full List ),WV | Parkersburg | NBC WTAP
USA Local Channels ( Full List ),AL | Montgomery | NBC WSFA
USA Local Channels ( Full List ),CA | Los Angeles | CW KTLA
USA Local Channels ( Full List ),FL | Cape Coral | FOX WFTX
USA Local Channels ( Full List ),FL | City | FOX Net Panama
USA Local Channels ( Full List ),FL | Fort Myers | CBS WINK
USA Local Channels ( Full List ),FL | Fort Myers | NBC WBBH
USA Local Channels ( Full List ),IA | Des Moines | FOX KDSM
USA Local Channels ( Full List ),IA | Sioux City | NBC KTIV
USA Local Channels ( Full List ),ID | Twin Falls | NBC KTFT
USA Local Channels ( Full List ),IN | Evansville | CBS WEVV
USA Local Channels ( Full List ),IN | Evansville | NBC WFIE
USA Local Channels ( Full List ),IN | Fort Wayne | CBS WANE
USA Local Channels ( Full List ),IN | Fort Wayne | FOX WFFT
USA Local Channels ( Full List ),IN | Fort Wayne | NBC WPTA
USA Local Channels ( Full List ),IN | South Bend | NBC WNDU
USA Local Channels ( Full List ),KS | Hutchinson | CBS KWCH
USA Local Channels ( Full List ),LA | Alexandria | NBC KALB
USA Local Channels ( Full List ),LA | Shreveport | FOX KMSS
USA Local Channels ( Full List ),MO | St. Joseph | NBC KNPG
USA Local Channels ( Full List ),NC | High Point | FOX WGHP
USA Local Channels ( Full List ),NC | Washington | NBC WITN
USA Local Channels ( Full List ),NC | Wilmington | CBS WWAY
USA Local Channels ( Full List ),NC | Wilmington | NBC WECT
USA Local Channels ( Full List ),NY | Binghampton | FOX Net
USA Local Channels ( Full List ),NY | Binghamton | NBC WBGH
USA Local Channels ( Full List ),OH | Youngstown | CBS WKBN
USA Local Channels ( Full List ),OH | Youngstown | FOX WYFX
USA Local Channels ( Full List ),OH | Youngstown | NBC WFMJ
USA Local Channels ( Full List ),OH | Zanesville | NBC WHIZ
USA Local Channels ( Full List ),SC | Charleston | CBS WCSC
USA Local Channels ( Full List ),SC | Charleston | FOX WTAT
USA Local Channels ( Full List ),SC | Greenville | NBC WYFF
USA Local Channels ( Full List ),SD | Rapid City | NBC KNBN
USA Local Channels ( Full List ),TX | Fort Worth | CBS KTXA
USA Local Channels ( Full List ),TX | San Angelo | NBC KSAN
USA Local Channels ( Full List ),USA ABC 15 (WPDE) Florence
USA Local Channels ( Full List ),USA ABC 16 (WNEP) Scranton
USA Local Channels ( Full List ),USA ABC 32 WNCF Montgomery
USA Local Channels ( Full List ),USA ABC 9 WTVC Chattanooga
USA Local Channels ( Full List ),USA ABC News International
USA Local Channels ( Full List ),USA ABC13 (KTNV) Las Vegas
USA Local Channels ( Full List ),USA ABC13 (KYUR) Anchorage
USA Local Channels ( Full List ),USA ABC13 (WLOS) Asheville
USA Local Channels ( Full List ),USA ABC3 (KTBS) Shreveport
USA Local Channels ( Full List ),USA ABC36 (WTVQ) Lexington
USA Local Channels ( Full List ),USA ABC4 (WCIV) Charleston
USA Local Channels ( Full List ),USA ABC7 (WZVN) Fort Myers
USA Local Channels ( Full List ),USA ABC8 (WCHS) Charleston
USA Local Channels ( Full List ),USA ABC9 (WMUR) Manchester
USA Local Channels ( Full List ),USA CBS 13 (WBTW) Florence
USA Local Channels ( Full List ),USA CBS 19 Columbia (WLTX)
USA Local Channels ( Full List ),USA CBS 19 WHNT Huntsville
USA Local Channels ( Full List ),USA CBS San Francisco KCBS
USA Local Channels ( Full List ),USA CBS San Francisco KPIX
USA Local Channels ( Full List ),USA CW19 (WPCW) Pittsburgh
USA Local Channels ( Full List ),USA CW21 (WTTO) Birmingham
USA Local Channels ( Full List ),USA CW23 (WUCW) Saint Paul
USA Local Channels ( Full List ),USA CW31 (KMAX) Sacramento
USA Local Channels ( Full List ),USA FOX 20 WCOV Montgomery
USA Local Channels ( Full List ),USA Fox 30 (WGBC) Meridian
USA Local Channels ( Full List ),USA FOX 54 WZDX Huntsville
USA Local Channels ( Full List ),USA FOX 9 (KECY) El Centro
USA Local Channels ( Full List ),USA Fox San Francisco KTVU
USA Local Channels ( Full List ),USA FOX21 (WHNS) Asheville
USA Local Channels ( Full List ),USA MY48 (WMYV) Greensboro
USA Local Channels ( Full List ),USA NBC 10 Rochester  WHEC
USA Local Channels ( Full List ),USA NBC 10 WJAR Providence
USA Local Channels ( Full List ),USA NBC 12 WFSA Montgomery
USA Local Channels ( Full List ),USA NBC 13 WVTM Birmingham
USA Local Channels ( Full List ),USA NBC 3 WRCB Chattanooga
USA Local Channels ( Full List ),USA NBC 48 WAFF Huntsville
USA Local Channels ( Full List ),USA NBC 7 WJHG Panama City
USA Local Channels ( Full List ),USA NBC San Francisco KNTV
USA Local Channels ( Full List ),USA NBC Winston Salem WXII
USA Local Channels ( Full List ),USA NBC2 (WCBD) Charleston
USA Local Channels ( Full List ),USA PBS (ETPBS) Tri-Cities
USA Local Channels ( Full List ),USA PBS (KTWU) KANSAS CITY
USA Local Channels ( Full List ),USA PBS (LPB) Lake Charles
USA Local Channels ( Full List ),USA PBS (WUFT) Gainesville
USA Local Channels ( Full List ),VA | Portsmouth | NBC WAVY
USA Local Channels ( Full List ),VT | Burlington | CBS WCAX
USA Local Channels ( Full List ),VT | Burlington | FOX WFFF
USA Local Channels ( Full List ),WV | Clarksburg | NBC WBOY
USA Local Channels ( Full List ),WV | Huntington | NBC WSAZ
USA Local Channels ( Full List ),AK | Fairbanks | NBC KTVF
USA Local Channels ( Full List ),AR | Jonesboro | NBC KAIT
USA Local Channels ( Full List ),CA | Sacramento | CW KMAX
USA Local Channels ( Full List ),IA | Davenport | CBS WHBF
USA Local Channels ( Full List ),IA | Davenport | FOX KLJB
USA Local Channels ( Full List ),IA | Davenport | NBC KWQC
USA Local Channels ( Full List ),IA | Des Moines | NBC WHO
USA Local Channels ( Full List ),ID | Twin Falls | FOX Net
USA Local Channels ( Full List ),IN | Lafayette | NBC WPBI
USA Local Channels ( Full List ),IN | Lafayette | NBC WSPB
USA Local Channels ( Full List ),LA | Lafayette | CBS KLFY
USA Local Channels ( Full List ),LA | Lafayette | FOX KADN
USA Local Channels ( Full List ),LA | Lafayette | NBC KLAF
USA Local Channels ( Full List ),LA | Shreveport | NBC KSL
USA Local Channels ( Full List ),MD | Salisbury | NBC WRDE
USA Local Channels ( Full List ),MO | St. Louis | FOX KTVI
USA Local Channels ( Full List ),NC | Goldsboro | CBS WNCN
USA Local Channels ( Full List ),NC | Wilmington | FOX Net
USA Local Channels ( Full List ),NV | Henderson | FOX KVVU
USA Local Channels ( Full List ),NV | Las Vegas | CBS KLAS
USA Local Channels ( Full List ),NV | Las Vegas | NBC KSNV
USA Local Channels ( Full List ),NY | Rochester | CBS WROC
USA Local Channels ( Full List ),PA | Harrisburg | CBS WHP
USA Local Channels ( Full List ),PA | Johnstown | FOX WWCP
USA Local Channels ( Full List ),PA | Johnstown | NBC WJAC
USA Local Channels ( Full List ),PA | Lancaster | NBC WGAL
USA Local Channels ( Full List ),SD | City | FOX Net Rapid
USA Local Channels ( Full List ),TN | Knoxville | CBS WVLT
USA Local Channels ( Full List ),TN | Knoxville | FOX WTNZ
USA Local Channels ( Full List ),TN | Knoxville | NBC WBIR
USA Local Channels ( Full List ),TX | Austin | UniMas KTFO
USA Local Channels ( Full List ),TX | Blanco | UNIMAS KNIC
USA Local Channels ( Full List ),TX | Harlingen | CBS KGBT
USA Local Channels ( Full List ),TX | Harlingen | FOX KFXV
USA Local Channels ( Full List ),TX | San Angelo | FOX Net
USA Local Channels ( Full List ),TX | Texarkana | NBC KTAL
USA Local Channels ( Full List ),USA ABC 13 (KTRK) Houston
USA Local Channels ( Full List ),USA ABC 24 (WATN) Memphis
USA Local Channels ( Full List ),USA ABC 6 (WSYX) Columbus
USA Local Channels ( Full List ),USA ABC 7 (WABC) New York
USA Local Channels ( Full List ),USA ABC 7 (WWSB) Sarasota
USA Local Channels ( Full List ),USA ABC Indianapolis WRTV
USA Local Channels ( Full List ),USA ABC Philadelphia WPVI
USA Local Channels ( Full List ),USA ABC San Francisco KGO
USA Local Channels ( Full List ),USA ABC2 (WBAY) Green Bay
USA Local Channels ( Full List ),USA ABC3 (WEAR) Pensacola
USA Local Channels ( Full List ),USA ABC33 (KSPR) Missouri
USA Local Channels ( Full List ),USA CBS 13 (WMAZ) Georgia
USA Local Channels ( Full List ),USA CBS 19 Cleveland WOIO
USA Local Channels ( Full List ),USA CBS Indianapolis WTTV
USA Local Channels ( Full List ),USA CBS Jacksonville WJAX
USA Local Channels ( Full List ),USA CW 22 WBMM Montgomery
USA Local Channels ( Full List ),USA CW14 (WCWF) Green Bay
USA Local Channels ( Full List ),USA CW18 (WVTV) Milwaukee
USA Local Channels ( Full List ),USA CW33 (KVCW) Las Vegas
USA Local Channels ( Full List ),USA CW58 (WNAB) Nashville
USA Local Channels ( Full List ),USA FOX 10 (WALA) Alabama
USA Local Channels ( Full List ),USA FOX 6 WBRC Birmingham
USA Local Channels ( Full List ),USA FOX Indianapolis WXIN
USA Local Channels ( Full List ),USA FOX Jacksonville WFOX
USA Local Channels ( Full List ),USA Fox Network Miami UHD
USA Local Channels ( Full List ),USA Fox Philadelphia WTXF
USA Local Channels ( Full List ),USA FOX5 (KVVU) Las Vegas
USA Local Channels ( Full List ),USA MY30 (WUXP) Nashville
USA Local Channels ( Full List ),USA NBC 10 Columbia (WIS)
USA Local Channels ( Full List ),USA NBC 4 KOB Albuquerque
USA Local Channels ( Full List ),USA NBC Jacksonville WTLV
USA Local Channels ( Full List ),USA NBC Philadelphia WCAU
USA Local Channels ( Full List ),USA NBC WTHR Indianapolis
USA Local Channels ( Full List ),USA NBC2 (KTUU) Anchorage
USA Local Channels ( Full List ),USA NBC3 (KSNV) Las Vegas
USA Local Channels ( Full List ),USA PBS (ETPBS) Knoxville
USA Local Channels ( Full List ),USA PBS (ETPBS) Knoxville
USA Local Channels ( Full List ),USA PBS (IOWA) Sioux City
USA Local Channels ( Full List ),USA PBS (SCETV) CHARLOTTE
USA Local Channels ( Full List ),USA PBS (SDPB) Sioux City
USA Local Channels ( Full List ),USA PBS (WGCU) Fort Myers
USA Local Channels ( Full List ),USA PBS (WOSU) Cincinnati
USA Local Channels ( Full List ),USA PBS (WVPB) Pittsburgh
USA Local Channels ( Full List ),USA PBS 36 Odessa/Midland
USA Local Channels ( Full List ),USA PBS Kids Indianapolis
USA Local Channels ( Full List ),USA PBS Kids PHILADELPHIA
USA Local Channels ( Full List ),USA PBS Kids Presque Isle
USA Local Channels ( Full List ),USA PBS WJCT Jacksonville
USA Local Channels ( Full List ),WI | Green Bay | CBS WFRV
USA Local Channels ( Full List ),WI | La Crosse | CBS WKBT
USA Local Channels ( Full List ),WI | La Crosse | FOX WLAX
USA Local Channels ( Full List ),WI | La Crosse | NBC WEAU
USA Local Channels ( Full List ),WI | Milwaukee | NBC WTMJ
USA Local Channels ( Full List ),WV | Bluefield | NBC WVVA
USA Local Channels ( Full List ),WV | Clarksburg | FOX Net
USA Local Channels ( Full List ),CA | Monterey | CBS KION
USA Local Channels ( Full List ),CA | San Jose | FOX KICU
USA Local Channels ( Full List ),GA | Columbus | FOX WXTX
USA Local Channels ( Full List ),GA | Columbus | NBC WLTZ
USA Local Channels ( Full List ),GA | Savannah | CBS WTOC
USA Local Channels ( Full List ),GA | Savannah | FOX WTGS
USA Local Channels ( Full List ),GA | Savannah | NBC WSAV
USA Local Channels ( Full List ),HI | Honolulu | CBS KGMB
USA Local Channels ( Full List ),HI | Honolulu | FOX KHON
USA Local Channels ( Full List ),HI | Honolulu | NBC KHNL
USA Local Channels ( Full List ),IA | Waterloo | NBC KWWL
USA Local Channels ( Full List ),ID | Caldwell | FOX KNIN
USA Local Channels ( Full List ),IL | Rockford | NBC WREX
USA Local Channels ( Full List ),ME | Portland | NBC WCSH
USA Local Channels ( Full List ),MI | Bay City | CBS WNEM
USA Local Channels ( Full List ),MI | Marquette | FOX Net
USA Local Channels ( Full List ),MS | Columbus | CBS WCBI
USA Local Channels ( Full List ),MS | Columbus | NBC WTVA
USA Local Channels ( Full List ),MS | Meridian | NBC WGBC
USA Local Channels ( Full List ),MT | Billings | NBC KULR
USA Local Channels ( Full List ),MT | Missoula | NBC KECI
USA Local Channels ( Full List ),NE | Superior | NBC KSNB
USA Local Channels ( Full List ),NY | New York | CBS WCBS
USA Local Channels ( Full List ),NY | New York | FOX WNYW
USA Local Channels ( Full List ),NY | New York | NBC WNBC
USA Local Channels ( Full List ),NY | Syracuse | CBS WTVH
USA Local Channels ( Full List ),OR | Portland | CBS KOIN
USA Local Channels ( Full List ),OR | Portland | FOX KPTV
USA Local Channels ( Full List ),PA | Jeannette | CW WPCW
USA Local Channels ( Full List ),TX | Amarillo | NBC KAMR
USA Local Channels ( Full List ),TX | Beaumont | NBC KBMT
USA Local Channels ( Full List ),TX | Longview | FOX KFXK
USA Local Channels ( Full List ),TX | Victoria | NBC KMOL
USA Local Channels ( Full List ),US: FOX 57 WACH COLUMBIA
USA Local Channels ( Full List ),USA ABC 10 Albany (WTEN)
USA Local Channels ( Full List ),USA ABC 23 (KAEF) Eureka
USA Local Channels ( Full List ),USA ABC 5 Cleveland WEWS
USA Local Channels ( Full List ),USA ABC Kansas City KMBC
USA Local Channels ( Full List ),USA ABC Los Angeles KABC
USA Local Channels ( Full List ),USA ABC San Antonio KSAT
USA Local Channels ( Full List ),USA ABC27 (WKOW) Madison
USA Local Channels ( Full List ),USA ABC28 (KAMC) Lubbock
USA Local Channels ( Full List ),USA ABC4 (KITV) Honolulu
USA Local Channels ( Full List ),USA ABC8 (WRIC) Richmond
USA Local Channels ( Full List ),USA ABC9 (WSYR) Syracuse
USA Local Channels ( Full List ),USA CBS 3 WWMT Kalamazoo
USA Local Channels ( Full List ),USA CBS 4 (WIVB) Buffalo
USA Local Channels ( Full List ),USA CBS 42 (KEYE) Austin
USA Local Channels ( Full List ),USA CBS Kansas City KCTV
USA Local Channels ( Full List ),USA CBS KCAL Los Angeles
USA Local Channels ( Full List ),USA CBS Los Angeles KCBS
USA Local Channels ( Full List ),USA CBS Minneapolis WCCO
USA Local Channels ( Full List ),USA CBS San Antonio KENS
USA Local Channels ( Full List ),USA CBS13 (KLBK) Lubbock
USA Local Channels ( Full List ),USA CW44 (KBCW) Bay Area
USA Local Channels ( Full List ),USA FOX 23 Albany (WXXA)
USA Local Channels ( Full List ),USA FOX 45 (WRGT) Dayton
USA Local Channels ( Full List ),USA FOX 68 WSYT Syracuse
USA Local Channels ( Full List ),USA Fox Bussines Network
USA Local Channels ( Full List ),USA FOX Kansas City WDAF
USA Local Channels ( Full List ),USA Fox KRQE Albuquerque
USA Local Channels ( Full List ),USA FOX Los Angeles KTTV
USA Local Channels ( Full List ),USA Fox Minneapolis KMSP
USA Local Channels ( Full List ),USA Fox New Orleans WVUE
USA Local Channels ( Full List ),USA Fox San Antonio KABB
USA Local Channels ( Full List ),USA MY40 (WMYA) Carolina
USA Local Channels ( Full List ),USA NBC 10 Albany (WALB)
USA Local Channels ( Full List ),USA NBC 10 WILX Onondaga
USA Local Channels ( Full List ),USA NBC 36 (KXAN) Austin
USA Local Channels ( Full List ),USA NBC 6 WLUC Marquette
USA Local Channels ( Full List ),USA NBC East New York SD
USA Local Channels ( Full List ),USA NBC East UHD (Miami)
USA Local Channels ( Full List ),USA NBC Los Angeles KNBC
USA Local Channels ( Full List ),USA NBC Minneapolis KARE
USA Local Channels ( Full List ),USA NBC New Orleans WDSU
USA Local Channels ( Full List ),USA NBC11 (KCBD) Lubbock
USA Local Channels ( Full List ),USA NBC3 (WSTM) Syracuse
USA Local Channels ( Full List ),USA PBS (ATLPBA) Atlanta
USA Local Channels ( Full List ),USA PBS (CET) Cincinnati
USA Local Channels ( Full List ),USA PBS (LPB) Shreveport
USA Local Channels ( Full List ),USA PBS (NET) Sioux City
USA Local Channels ( Full List ),USA PBS (UNC) Wilmington
USA Local Channels ( Full List ),USA PBS (WETA) BALTIMORE
USA Local Channels ( Full List ),USA PBS (WHUT) Baltimore
USA Local Channels ( Full List ),USA PBS (WHUT) Baltimore
USA Local Channels ( Full List ),USA PBS (WNED) 7 Buffalo
USA Local Channels ( Full List ),USA PBS (WXXI) Rochester
USA Local Channels ( Full List ),USA PBS 17 (WMHT) Albany
USA Local Channels ( Full List ),USA PBS 9 (KCTS) SEATTLE
USA Local Channels ( Full List ),VA | Richmond | NBC WWBT
USA Local Channels ( Full List ),WI | Superior | NBC KBJR
USA Local Channels ( Full List ),WV | Wheeling | NBC WTOV
USA Local Channels ( Full List ),WY | Cheyenne | NBC KCHY
USA Local Channels ( Full List ),CA | Salinas | FOX KCBA
USA Local Channels ( Full List ),CA | Salinas | NBC KSBW
USA Local Channels ( Full List ),GA | Augusta | CBS WRDW
USA Local Channels ( Full List ),GA | Augusta | FOX WFXG
USA Local Channels ( Full List ),GA | Augusta | NBC WAGT
USA Local Channels ( Full List ),IA | Ottumwa | NBC KYOU
USA Local Channels ( Full List ),IL | Champaign | | WCIA
USA Local Channels ( Full List ),IL | Decatur | NBC WAND
USA Local Channels ( Full List ),KY | Newport | FOX WXIX
USA Local Channels ( Full List ),MI | Lansing | CBS WLNS
USA Local Channels ( Full List ),MS | Jackson | FOX WDBD
USA Local Channels ( Full List ),NC | Belmont | FOX WJZY
USA Local Channels ( Full List ),NC | Raleigh | FOX WRAZ
USA Local Channels ( Full List ),NE | Lincoln | CBS KOLN
USA Local Channels ( Full List ),OR | Medford | NBC KOBI
USA Local Channels ( Full List ),PA | Altoona | CBS WTAJ
USA Local Channels ( Full List ),TX | El Paso | CBS KDBC
USA Local Channels ( Full List ),TX | El Paso | NBC KTSM
USA Local Channels ( Full List ),USA ABC 10 KAKE Wichita
USA Local Channels ( Full List ),USA ABC 13 Omaha (KMTV)
USA Local Channels ( Full List ),USA ABC 53 WLAJ Lansing
USA Local Channels ( Full List ),USA ABC Louisville WHAS
USA Local Channels ( Full List ),USA ABC Pittsburgh WTAE
USA Local Channels ( Full List ),USA ABC Sacramento KXTV
USA Local Channels ( Full List ),USA ABC Saint Paul KSTP
USA Local Channels ( Full List ),USA ABC22 (WKEF) Dayton
USA Local Channels ( Full List ),USA ABC24  WATN Memphis
USA Local Channels ( Full List ),USA ABC6 (WJBF) Augusta
USA Local Channels ( Full List ),USA ABC7 (WKBW) Buffalo
USA Local Channels ( Full List ),USA CBS 19 (KYTX) Tyler
USA Local Channels ( Full List ),USA CBS 30 (KXJB) Fargo
USA Local Channels ( Full List ),USA CBS 5 WNEM Bay City
USA Local Channels ( Full List ),USA CBS 5 WTVH Syracuse
USA Local Channels ( Full List ),USA CBS 7 (WHIO) Dayton
USA Local Channels ( Full List ),USA CBS 9 WWTV Cadillac
USA Local Channels ( Full List ),USA CBS Cincinnati WKRC
USA Local Channels ( Full List ),USA CBS Greensboro WFMY
USA Local Channels ( Full List ),USA CBS New Orleans WWL
USA Local Channels ( Full List ),USA CBS Pittsburgh KDKA
USA Local Channels ( Full List ),USA CBS Sacramento KOVR
USA Local Channels ( Full List ),USA CBS Washington WUSA
USA Local Channels ( Full List ),USA CBS WLKY Louisville
USA Local Channels ( Full List ),USA CBS WPRI Providence
USA Local Channels ( Full List ),USA CW WNUV (Baltimore)
USA Local Channels ( Full List ),USA CW11 (KSTW) Seattle
USA Local Channels ( Full List ),USA CW22 (WLFL) Raleigh
USA Local Channels ( Full List ),USA CW50 (WKBD) Detroit
USA Local Channels ( Full List ),USA CW69 (WUPA) Atlanta
USA Local Channels ( Full List ),USA FOX 13 WHBQ Memphis
USA Local Channels ( Full List ),USA FOX 24 KSAS Wichita
USA Local Channels ( Full List ),USA FOX 42 Omaha (KPTM)
USA Local Channels ( Full List ),USA FOX 47 WSYM Lansing
USA Local Channels ( Full List ),USA FOX 50 Raleigh WRAZ
USA Local Channels ( Full List ),USA FOX 7 (KTBC) Austin
USA Local Channels ( Full List ),USA Fox Network East SD
USA Local Channels ( Full List ),USA Fox Pittsburgh WPGH
USA Local Channels ( Full List ),USA FOX Sacramento KTXL
USA Local Channels ( Full List ),USA FOX Washington WTTG
USA Local Channels ( Full List ),USA FOX WDRB Louisville
USA Local Channels ( Full List ),USA FOX WNAC Providence
USA Local Channels ( Full List ),USA MY25 (WFGX) Alabama
USA Local Channels ( Full List ),USA MY49 (WDKA) Paducah
USA Local Channels ( Full List ),USA NBC 13  WNYT Albany
USA Local Channels ( Full List ),USA NBC 2 (WDTN) Dayton
USA Local Channels ( Full List ),USA NBC 25 WEYI Saginaw
USA Local Channels ( Full List ),USA NBC 4 WCMH Columbus
USA Local Channels ( Full List ),USA NBC Cincinnati WLWT
USA Local Channels ( Full List ),USA NBC Pittsburgh WPXI
USA Local Channels ( Full List ),USA NBC Sacramento KCRA
USA Local Channels ( Full List ),USA PBS (CLT) CHARLOTTE
USA Local Channels ( Full List ),USA PBS (LET) Lexington
USA Local Channels ( Full List ),USA PBS (MPT) Baltimore
USA Local Channels ( Full List ),USA PBS (NPT) Nashville
USA Local Channels ( Full List ),USA PBS (SCETV) Augusta
USA Local Channels ( Full List ),USA PBS (WCNY) Syracuse
USA Local Channels ( Full List ),USA PBS (WLIW) New York
USA Local Channels ( Full List ),USA PBS (WOSU) COLUMBUS
USA Local Channels ( Full List ),USA PBS 8 (TV8) HOUSTON
USA Local Channels ( Full List ),USA PBS SoCal Kids West
USA Local Channels ( Full List ),VA | Roanoke | CBS WDBJ
USA Local Channels ( Full List ),VA | Roanoke | FOX WFXR
USA Local Channels ( Full List ),VA | Roanoke | NBC WSLS
USA Local Channels ( Full List ),WA | Spokane | CBS KREM
USA Local Channels ( Full List ),WI | Madison | CBS WISC
USA Local Channels ( Full List ),WI | Madison | NBC WMTV
USA Local Channels ( Full List ),WY | Laramie | CBS KXJB
USA Local Channels ( Full List ),AL | Dothan | NBC WRGX
USA Local Channels ( Full List ),AL | Mobile | CBS WKRG
USA Local Channels ( Full List ),AZ | Tucson | CBS KOLD
USA Local Channels ( Full List ),AZ | Tucson | FOX KMSB
USA Local Channels ( Full List ),AZ | Tucson | NBC KVOA
USA Local Channels ( Full List ),CA | Eureka | NBC KIEM
USA Local Channels ( Full List ),CA | Fresno | CBS KGPE
USA Local Channels ( Full List ),CA | Fresno | FOX KMPH
USA Local Channels ( Full List ),CA | Fresno | NBC KSEE
USA Local Channels ( Full List ),CO | Denver | FOX KDVR
USA Local Channels ( Full List ),CO | Pueblo | NBC KOAA
USA Local Channels ( Full List ),GA | Atlanta | CW WUPA
USA Local Channels ( Full List ),IA | Ottumwa | FOX Net
USA Local Channels ( Full List ),IL | Peoria | CBS WMBD
USA Local Channels ( Full List ),IL | Peoria | NBC WEEK
USA Local Channels ( Full List ),IL | Quincy | NBC WGEM
USA Local Channels ( Full List ),KS | Topeka | NBC KSNT
USA Local Channels ( Full List ),ME | Bangor | NBC WLBZ
USA Local Channels ( Full List ),MS | Laurel | NBC WDAM
USA Local Channels ( Full List ),MT | Helena | NBC KTVH
USA Local Channels ( Full List ),NC | Raleigh | CW WLFL
USA Local Channels ( Full List ),NY | Albany | FOX WXXA
USA Local Channels ( Full List ),NY | Elmira | NBC WETM
USA Local Channels ( Full List ),OH | Dayton | CBS WHIO
USA Local Channels ( Full List ),OH | Dayton | NBC WDTN
USA Local Channels ( Full List ),OH | Toledo | CBS WTOL
USA Local Channels ( Full List ),OH | Toledo | FOX WUPW
USA Local Channels ( Full List ),OH | Toledo | NBC WNWO
USA Local Channels ( Full List ),OR | Eugene | FOX KLSR
USA Local Channels ( Full List ),OR | Eugene | NBC KMTR
USA Local Channels ( Full List ),OR | Medford | FOX Net
USA Local Channels ( Full List ),TX | Abilene | FOX Net
USA Local Channels ( Full List ),TX | Dallas | FOX KDFW
USA Local Channels ( Full List ),TX | Laredo | NBC KGNS
USA Local Channels ( Full List ),TX | Lubbock | FOX Net
USA Local Channels ( Full List ),TX | Odessa | NBC KWES
USA Local Channels ( Full List ),TX | Sherman | FOX Net
USA Local Channels ( Full List ),TX | Temple | NBC KCEN
USA Local Channels ( Full List ),USA ABC Baltimore WMAR
USA Local Channels ( Full List ),USA ABC Milwaukee WISN
USA Local Channels ( Full List ),USA ABC Nashville WKRN
USA Local Channels ( Full List ),USA ABC News Digital 4
USA Local Channels ( Full List ),USA ABC San Diego KGTV
USA Local Channels ( Full List ),USA CBS 3 WREG Memphis
USA Local Channels ( Full List ),USA CBS 6 WLNS Lansing
USA Local Channels ( Full List ),USA CBS Charlotte WBTV
USA Local Channels ( Full List ),USA CBS East Miami UHD
USA Local Channels ( Full List ),USA CBS Nashville WTVF
USA Local Channels ( Full List ),USA CBS San Diego KFMB
USA Local Channels ( Full List ),USA CBS WDJT Milwaukee
USA Local Channels ( Full List ),USA CBS WKYT Lexington
USA Local Channels ( Full List ),USA CW15 (WCWN) Albany
USA Local Channels ( Full List ),USA CW58 (WNAB) Nashvi
USA Local Channels ( Full List ),USA FOX (WUTV) Buffalo
USA Local Channels ( Full List ),USA FOX Baltimore WBFF
USA Local Channels ( Full List ),USA Fox Green Bay WLUK
USA Local Channels ( Full List ),USA FOX Miami WSVN UHD
USA Local Channels ( Full List ),USA Fox Milwaukee WITI
USA Local Channels ( Full List ),USA FOX Nashville WZTV
USA Local Channels ( Full List ),USA FOX San Diego KSWB
USA Local Channels ( Full List ),USA MY 20 Houston KTXH
USA Local Channels ( Full List ),USA NBC 10 NECN Boston
USA Local Channels ( Full List ),USA NBC 3 KSNW Wichita
USA Local Channels ( Full List ),USA NBC 6 Omaha (WOWT)
USA Local Channels ( Full List ),USA NBC Baltimore WBAL
USA Local Channels ( Full List ),USA NBC Charlotte WCNC
USA Local Channels ( Full List ),USA NBC Cleveland WKYC
USA Local Channels ( Full List ),USA NBC Green Bay WGBA
USA Local Channels ( Full List ),USA NBC Milwaukee WTMJ
USA Local Channels ( Full List ),USA NBC Nashville WSMV
USA Local Channels ( Full List ),USA NBC San Diego KNSD
USA Local Channels ( Full List ),USA NBC Washington WRC
USA Local Channels ( Full List ),USA NBC WLEX Lexington
USA Local Channels ( Full List ),USA NBC15 WPMI Alabama
USA Local Channels ( Full List ),USA NBC23 (KAGS) Bryan
USA Local Channels ( Full List ),USA PBS (MAINE) Bangor
USA Local Channels ( Full List ),USA PBS (NHPBS) BOSTON
USA Local Channels ( Full List ),USA PBS (RMPBS) DENVER
USA Local Channels ( Full List ),USA PBS (WTTW) CHICAGO
USA Local Channels ( Full List ),USA PBS (WUCF) ORLANDO
USA Local Channels ( Full List ),USA PBS Fresno/Visalia
USA Local Channels ( Full List ),USA PBS Kids Baltimore
USA Local Channels ( Full List ),USA PBS Kids San Diego
USA Local Channels ( Full List ),USA PBS NINE St. Louis
USA Local Channels ( Full List ),USA PBS WNEO Cleveland
USA Local Channels ( Full List ),USA PBS WVIZ Cleveland
USA Local Channels ( Full List ),WA | Spokane | NBC KHQ
USA Local Channels ( Full List ),WA | Yakima | CBS KIMA
USA Local Channels ( Full List ),WA | Yakima | FOX KCYU
USA Local Channels ( Full List ),WA | Yakima | NBC KNDO
USA Local Channels ( Full List ),WI | Wausau | NBC WJFW
USA Local Channels ( Full List ),WY | Casper | NBC KCWY
USA Local Channels ( Full List ),AL | Dothan | FOX Net
USA Local Channels ( Full List ),AL | Selma | CBS WAKA
USA Local Channels ( Full List ),CA | Chico | NBC KNVN
USA Local Channels ( Full List ),FL | Miami | FOX WSVN
USA Local Channels ( Full List ),FL | Ocala | FOX WOGX
USA Local Channels ( Full List ),GA | Macon | NBC WMGT
USA Local Channels ( Full List ),ID | Boise | CBS KBOI
USA Local Channels ( Full List ),ID | Boise | NBC KTVB
USA Local Channels ( Full List ),MT | Butte | NBC KTVM
USA Local Channels ( Full List ),ND | Fargo | FOX KVRR
USA Local Channels ( Full List ),ND | Fargo | NBC KVLY
USA Local Channels ( Full List ),NE | Omaha | CBS KMTV
USA Local Channels ( Full List ),NE | Omaha | CBS KMTV
USA Local Channels ( Full List ),NY | Utica | NBC WKTV
USA Local Channels ( Full List ),OK | Tulsa | NBC KJRH
USA Local Channels ( Full List ),USA ABC Columbus WSYX
USA Local Channels ( Full List ),USA ABC Portland KATU
USA Local Channels ( Full List ),USA ABC St Louis KDNL
USA Local Channels ( Full List ),USA CBS Baltimore WJZ
USA Local Channels ( Full List ),USA CBS Columbus WBNS
USA Local Channels ( Full List ),USA CBS Hartford WFSB
USA Local Channels ( Full List ),USA CBS New York WCBS
USA Local Channels ( Full List ),USA CBS St Louis KMOV
USA Local Channels ( Full List ),USA CBS3 (KBTX) Bryan
USA Local Channels ( Full List ),USA FOX 23 KOKI Tulsa
USA Local Channels ( Full List ),USA FOX 66 WSMH Flint
USA Local Channels ( Full List ),USA FOX Cleveland WJW
USA Local Channels ( Full List ),USA Fox Columbus WTTE
USA Local Channels ( Full List ),USA Fox Hartford WTIC
USA Local Channels ( Full List ),USA FOX St Louis KTVI
USA Local Channels ( Full List ),USA MY33 (WBFS) Miami
USA Local Channels ( Full List ),USA NBC 5 WMC Memphis
USA Local Channels ( Full List ),USA NBC 8 (WLIO) Lima
USA Local Channels ( Full List ),USA NBC Hartford WVIT
USA Local Channels ( Full List ),USA NBC St Louis KSDK
USA Local Channels ( Full List ),USA PBS (GBP) Augusta
USA Local Channels ( Full List ),USA PBS (GPB) Atlanta
USA Local Channels ( Full List ),USA PBS (KERA) DALLAS
USA Local Channels ( Full List ),USA PBS (WBGU) Toledo
USA Local Channels ( Full List ),USA PBS (WDIQ) Dothan
USA Local Channels ( Full List ),USA PBS (WGBH) BOSTON
USA Local Channels ( Full List ),USA PBS (WGTE) Toledo
USA Local Channels ( Full List ),USA PBS WASHINGTON DC
USA Local Channels ( Full List ),WA | Tacoma | CW KSTW
USA Local Channels ( Full List ),CBS KOLR Springfield
USA Local Channels ( Full List ),MD | Minot | FOX Net
USA Local Channels ( Full List ),NBC KYTV Springfield
USA Local Channels ( Full List ),NV | Reno | CBS KTVN
USA Local Channels ( Full List ),NV | Reno | NBC KRNV
USA Local Channels ( Full List ),OR | Bend | NBC KTVZ
USA Local Channels ( Full List ),PA | Erie | NBC WICU
USA Local Channels ( Full List ),PA | York | FOX WPMT
USA Local Channels ( Full List ),TX | Waco | FOX KWKT
USA Local Channels ( Full List ),USA ABC Detroit WXYZ
USA Local Channels ( Full List ),USA ABC East (Miami)
USA Local Channels ( Full List ),USA ABC Houston WTRK
USA Local Channels ( Full List ),USA ABC New York UHD
USA Local Channels ( Full List ),USA ABC Orlando WFTV
USA Local Channels ( Full List ),USA ABC Seattle KOMO
USA Local Channels ( Full List ),USA CBS 6 KOTV Tulsa
USA Local Channels ( Full List ),USA CBS 8 WAKA Selma
USA Local Channels ( Full List ),USA CBS Atlanta WGCL
USA Local Channels ( Full List ),USA CBS Buffalo WIVB
USA Local Channels ( Full List ),USA CBS Chicago WBBM
USA Local Channels ( Full List ),USA CBS Houston KHOU
USA Local Channels ( Full List ),USA CBS Orlando WKMG
USA Local Channels ( Full List ),USA CBS Phoenix KPHO
USA Local Channels ( Full List ),USA CBS Seattle KIRO
USA Local Channels ( Full List ),USA CBS WJTV Jackson
USA Local Channels ( Full List ),USA CW 19 KQCW Tulsa
USA Local Channels ( Full List ),USA CW 39 WSFL Miami
USA Local Channels ( Full List ),USA CW EAST (PHILLY)
USA Local Channels ( Full List ),USA Fox Atlanta WAGA
USA Local Channels ( Full List ),USA Fox Belmont WJZY
USA Local Channels ( Full List ),USA FOX Buffalo WUTV
USA Local Channels ( Full List ),USA FOX Chicago WFLD
USA Local Channels ( Full List ),USA Fox Detroit WJBK
USA Local Channels ( Full List ),USA Fox Houston KRIV
USA Local Channels ( Full List ),USA Fox Orlando WOFL
USA Local Channels ( Full List ),USA Fox Phoenix KSAZ
USA Local Channels ( Full List ),USA Fox Seattle KCPQ
USA Local Channels ( Full List ),USA FOX WDBD Jackson
USA Local Channels ( Full List ),USA NBC Atlanta WXIA
USA Local Channels ( Full List ),USA NBC Buffalo WGRZ
USA Local Channels ( Full List ),USA NBC Chicago WMAQ
USA Local Channels ( Full List ),USA NBC Detroit WDIV
USA Local Channels ( Full List ),USA NBC Houston KPRC
USA Local Channels ( Full List ),USA NBC Orlando WESH
USA Local Channels ( Full List ),USA NBC Phoenix KPNX
USA Local Channels ( Full List ),USA NBC Portland KGW
USA Local Channels ( Full List ),USA NBC Raleigh WRAL
USA Local Channels ( Full List ),USA NBC Seattle KING
USA Local Channels ( Full List ),USA NBC WLBT Jackson
USA Local Channels ( Full List ),USA NBC WNBJ Jackson
USA Local Channels ( Full List ),USA NBC WPSD Paducah
USA Local Channels ( Full List ),USA PBS (CET) Dayton
USA Local Channels ( Full List ),USA PBS (WEDU) Tampa
USA Local Channels ( Full List ),USA PBS (WLRN) MIAMI
USA Local Channels ( Full List ),USA PBS Kids Atlanta
USA Local Channels ( Full List ),OK | Ada | NBC KTEN
USA Local Channels ( Full List ),USA ABC Atlanta WSB
USA Local Channels ( Full List ),USA ABC Austin KVUE
USA Local Channels ( Full List ),USA ABC Boston WCVB
USA Local Channels ( Full List ),USA ABC Chicago WLS
USA Local Channels ( Full List ),USA ABC Connecticut
USA Local Channels ( Full List ),USA ABC Dallas WFAA
USA Local Channels ( Full List ),USA ABC Denver KMGH
USA Local Channels ( Full List ),USA ABC Durham WTVD
USA Local Channels ( Full List ),USA ABC Fresno KFSN
USA Local Channels ( Full List ),USA ABC New York SD
USA Local Channels ( Full List ),USA CBS Dallas KTVT
USA Local Channels ( Full List ),USA CBS Denver KCNC
USA Local Channels ( Full List ),USA CBS Detroit WWJ
USA Local Channels ( Full List ),USA CBS New York SD
USA Local Channels ( Full List ),USA Fox Austin KTBC
USA Local Channels ( Full List ),USA Fox Boston WFXT
USA Local Channels ( Full List ),USA FOX Dallas KDFW
USA Local Channels ( Full List ),USA Fox Denver KDVR
USA Local Channels ( Full List ),USA Fox New York SD
USA Local Channels ( Full List ),USA MY 50 - CHICAGO
USA Local Channels ( Full List ),USA My 9 New Jersey
USA Local Channels ( Full List ),USA NBC Dallas KXAS
USA Local Channels ( Full List ),USA NBC Denver KUSA
USA Local Channels ( Full List ),USA PBS 13 NEW YORK
USA Local Channels ( Full List ),USA PBS COLUMBIA SC
USA Local Channels ( Full List ),USA PBS KANSAS CITY
USA Local Channels ( Full List ),USA PBS LOS ANGELES
USA Local Channels ( Full List ),USA ABC Miami WPLG
USA Local Channels ( Full List ),USA ABC Washington
USA Local Channels ( Full List ),USA CBS Boston WBZ
USA Local Channels ( Full List ),USA CBS Miami WFOR
USA Local Channels ( Full List ),USA Fox Ocala WOGX
USA Local Channels ( Full List ),USA FOX Tampa WTVT
USA Local Channels ( Full List ),USA MY 38 - BOSTON
USA Local Channels ( Full List ),USA NBC Miami WTVJ
USA Local Channels ( Full List ),USA NBC TAMPA WFLA
USA Local Channels ( Full List ),USA PBS EL PASO TX
USA Local Channels ( Full List ),USA ABC News Live
USA Local Channels ( Full List ),USA ABC Tampa Bay
USA Local Channels ( Full List ),USA PBS MILWAUKEE
USA Local Channels ( Full List ),USA ABC East SD
USA Local Channels ( Full List ),USA CBS East SD
USA Local Channels ( Full List ),USA CBS NEWS SD
USA Local Channels ( Full List ),USA FoxNET EAST
USA Local Channels ( Full List ),USA FoxNET WEST
USA Local Channels ( Full List ),USA PBS DETROIT
USA Local Channels ( Full List ),USA PBS PHOENIX
USA Local Channels ( Full List ),USA CW East SD
USA Local Channels ( Full List ),USA FoxNET MID
USA Local Channels ( Full List ),USA CBS POP
USA MLB,USA MLB 727 : DirecTV MLB EXTRA INNINGS
USA MLB,USA MLB 728 : DirecTV MLB EXTRA INNINGS
USA MLB,USA MLB 729 : DirecTV MLB EXTRA INNINGS
USA MLB,USA MLB 730 : DirecTV MLB EXTRA INNINGS
USA MLB,USA MLB 731 : DirecTV MLB EXTRA INNINGS
USA MLB,USA MLB 732 : DirecTV MLB EXTRA INNINGS
USA MLB,USA MLB 733 : DirecTV MLB EXTRA INNINGS
USA MLB,USA MLB 735 : DirecTV MLB EXTRA INNINGS
USA MLB,USA MLB 736 : DirecTV MLB EXTRA INNINGS
USA MLB,USA MLB 737 : DirecTV MLB EXTRA INNINGS
USA MLB,USA MLB 738 : DirecTV MLB EXTRA INNINGS
USA MLB,USA MLB 739 : DirecTV MLB EXTRA INNINGS
USA MLB,USA MLB 740 : DirecTV MLB EXTRA INNINGS
USA MLB,USA MLB 741 : DirecTV MLB EXTRA INNINGS
USA MLB,USA MLB 742 : DirecTV MLB EXTRA INNINGS
USA MLB,USA MLB 743 : DirecTV MLB EXTRA INNINGS
USA MLB,USA MLB 744 : DirecTV MLB EXTRA INNINGS
USA MLB,USA MLB 745 : DirecTV MLB EXTRA INNINGS
USA MLB,USA MLB 746 : DirecTV MLB EXTRA INNINGS
USA MLB,USA MLB 747 : DirecTV MLB EXTRA INNINGS
USA MLB,USA MLB 748 : DirecTV MLB EXTRA INNINGS
USA MLB,USA MLB 749 : DirecTV MLB EXTRA INNINGS
USA MLB,MLB Philadelphia Phillies (PHI) HD
USA MLB,MLB Arizona Diamondbacks (ARI) HD
USA MLB,MLB San Francisco Giants (SFG) HD
USA MLB,MLB Washington Nationals (WAS) HD
USA MLB,MLB Los Angeles Dodgers (LAD) HD
USA MLB,MLB St. Louis Cardinals (STL) HD
USA MLB,MLB Kansas City Royals (KCR) HD
USA MLB,MLB Los Angeles Angels (LAA) HD
USA MLB,MLB Pittsburgh Pirates (PIT) HD
USA MLB,MLB Baltimore Orioles (BAL) HD
USA MLB,MLB Chicago White Sox (CHW) HD
USA MLB,MLB Cleveland Indians (CLE) HD
USA MLB,MLB Milwaukee Brewers (MIL) HD
USA MLB,MLB Oakland Athletics (OAK) HD
USA MLB,MLB Toronto Blue Jays (TOR) HD
USA MLB,MLB Colorado Rockies (COL) HD
USA MLB,MLB New York Yankees (NYY) HD
USA MLB,MLB San Diego Padres (SDP) HD
USA MLB,MLB Seattle Mariners (SEA) HD
USA MLB,MLB Cincinnati Reds (CIN) HD
USA MLB,MLB Minnesota Twins (MIN) HD
USA MLB,MLB Atlanta Braves (ATL) HD
USA MLB,MLB Boston Red Sox (BOS) HD
USA MLB,MLB Detroit Tigers (DET) HD
USA MLB,MLB Houston Astros (HOU) HD
USA MLB,MLB Tampa Bay Rays (TBR) HD
USA MLB,MLB Miami Marlins (MIA) HD
USA MLB,MLB New York Mets (NYM) HD
USA MLB,MLB Texas Rangers (TEX) HD
USA MLB,MLB Chicago Cubs (CHC) HD
USA MLB,US MLB Network (ALT) (S)
USA MLB,US MLB Strike Zone (S)
USA MLB,USA MLB NETWORK ALT HD
USA MLB,USA MLB Network (Y)
USA MLB,USA MLB Strike Zone
USA MLB,Pluto (US) MLB (D)
USA MLB,USA MLB Network SD
USA MLB,USA MLB Network 
USA MLB,USA MLB 17:  
USA MLB,USA MLB 28:  
USA MLB,USA MLB 29:  
USA MLB,USA MLB 31:  
USA MLB,USA MLB 721 :
USA MLB,USA MLB 722 :
USA MLB,USA MLB 723 :
USA MLB,USA MLB 724 :
USA MLB,USA MLB 725 :
USA MLB,USA MLB 726 :
USA MLB,USA MLB 734 :
USA MLB,USA MLB 01: 
USA MLB,USA MLB 02: 
USA MLB,USA MLB 04: 
USA MLB,USA MLB 05: 
USA MLB,USA MLB 06: 
USA MLB,USA MLB 07: 
USA MLB,USA MLB 08: 
USA MLB,USA MLB 09: 
USA MLB,USA MLB 10: 
USA MLB,USA MLB 11: 
USA MLB,USA MLB 12: 
USA MLB,USA MLB 13: 
USA MLB,USA MLB 14: 
USA MLB,USA MLB 15: 
USA MLB,USA MLB 16: 
USA MLB,USA MLB 18: 
USA MLB,USA MLB 19: 
USA MLB,USA MLB 20: 
USA MLB,USA MLB 21: 
USA MLB,USA MLB 22: 
USA MLB,USA MLB 23: 
USA MLB,USA MLB 24: 
USA MLB,USA MLB 25: 
USA MLB,USA MLB 26: 
USA MLB,USA MLB 32: 
USA MLB,USA MLB 33: 
USA MLB,USA MLB 34: 
USA MLB,USA MLB 36: 
USA MLB,USA MLB 38: 
USA MLB,USA MLB 39: 
USA MLB,USA MLB 40: 
USA MLB,USA MLB 03:
USA MLB,USA MLB 30:
USA MLB,USA MLB 35:
USA MLB,USA MLB 37:
USA MLB,USA MLB 41:
USA MLB,USA MLB 42:
USA MLB,USA MLB 43:
USA MLB,USA MLB 44:
USA MLB,USA MLB 45:
USA MLB,USA MLB 46:
USA MLB,USA MLB 47:
USA MLB,USA MLB 48:
USA MLB,USA MLB 49:
USA MLB,USA MLB 50:
USA MLB,USA MLB 51:
USA MLB,USA MLB 52:
USA MLB,USA MLB 53:
USA MLB,USA MLB 54:
USA MLB,USA MLB 55:
USA MLB,USA MLB 56:
USA MLB,USA MLB 57:
USA MLB,USA MLB 58:
USA MLB,USA MLB 59:
USA MLB,USA MLB 60:
USA MLB,USA MLB 61:
USA Movies Channels,USA Local Now Movies of the '30s & '40s
USA Movies Channels,USA Local Now Movies of the '50s & '60s
USA Movies Channels,USA Local Now Movies of the '70s
USA Movies Channels,USA Local Now Movies of the '80s
USA Movies Channels,USA Local Now Movies of the '90s
USA Movies Channels,USA Local Now Movies of the Week
USA Movies Channels,USA Showtime Family Zone (East)
USA Movies Channels,USA EMPIRE CINEMA ROMANCE FHD
USA Movies Channels,USA CINEMAX THRILLERMAX East
USA Movies Channels,USA Cinemax ThrillerMax West
USA Movies Channels,USA CINEMAX ACTION MAX EAST
USA Movies Channels,USA Cinemax 5 StarMax East
USA Movies Channels,USA Cinemax ActionMax West
USA Movies Channels,USA Local Now 2000s Movies
USA Movies Channels,USA Local Now 2010s Movies
USA Movies Channels,USA Local Now 2020s Movies
USA Movies Channels,USA Sony Movie Channel LHD
USA Movies Channels,USA STARZ ENCORE ACTION SD
USA Movies Channels,USA The Movie Channel Xtra
USA Movies Channels,USA CINEMAX MOVIEMAX East
USA Movies Channels,USA Starz Encore Suspense
USA Movies Channels,USA Starz Encore Westerns
USA Movies Channels,USA CINEMAX MOREMAX East
USA Movies Channels,USA Cinemax MoreMax West
USA Movies Channels,USA MyTime Movie Network
USA Movies Channels,USA Starz Encore Classic
USA Movies Channels,USA Cinemax MoreMax FHD
USA Movies Channels,USA CINEMAX MOVIEMAX SD
USA Movies Channels,USA CINEVAULT Westerns 
USA Movies Channels,USA Fear This! Classics
USA Movies Channels,USA Starz Encore Action
USA Movies Channels,USA Starz Encore Family
USA Movies Channels,USA Starz in Black East
USA Movies Channels,USA LIFETIME MOVIES HD
USA Movies Channels,USA Sony Movie Channel
USA Movies Channels,USA Starz Encore Black
USA Movies Channels,USA CINEMAX ACTIONMAX
USA Movies Channels,USA CINEMAX OUTER MAX
USA Movies Channels,USA HBO Plus West FHD
USA Movies Channels,USA Showtime Showcase
USA Movies Channels,USA Starz Comedy East
USA Movies Channels,USA Starz Encore East
USA Movies Channels,USA Starz Encore Edge
USA Movies Channels,USA Starz Encore West
USA Movies Channels,USA THE MOVIE CHANNEL
USA Movies Channels,USA Cinemax East UHD
USA Movies Channels,USA Showtime Extreme
USA Movies Channels,US: HBO Max Movies
USA Movies Channels,USA HBO 2 East UHD
USA Movies Channels,USA Showtime Women
USA Movies Channels,USA EPIX Drive-In
USA Movies Channels,USA EPIX Hits LHD
USA Movies Channels,USA Epix Hits UHD
USA Movies Channels,USA HBO Signature
USA Movies Channels,USA Romantique TV
USA Movies Channels,USA Showtime East
USA Movies Channels,USA Showtime Next
USA Movies Channels,USA Showtime West
USA Movies Channels,USA Cinemax East
USA Movies Channels,USA Cinemax West
USA Movies Channels,USA Starz Cinema
USA Movies Channels,USA Moviesphere
USA Movies Channels,USA HBO Comedy
USA Movies Channels,USA HBO Family
USA Movies Channels,USA Showtime 2
USA Movies Channels,USA StarZ East
USA Movies Channels,USA Starz West
USA Movies Channels,USA HBO East
USA Movies Channels,USA HBO West
USA Movies Channels,USA HBO Zone
USA Movies Channels,USA ION Plus
USA Movies Channels,USA Sundance
USA Movies Channels,USA Hi-YAH!
USA Movies Channels,USA SHOxBET
USA Movies Channels,USA EPIX2
USA Movies Channels,USA EPIX
USA Movies Channels,USA PIXL
USA Movies Channels,USA MGM
USA Music,USA Music Choice Video | Today's Country: CMA Awards
USA Music,USA Music Choice Video | Holiday Yule Logs
USA Music,USA Music Choice Video | Music Choice Play
USA Music,USA Music Choice Video | Music Choice Max
USA Music,USA Music Choice Video | Hip-Hop and R&B
USA Music,USA Music Choice Video | Tailgate Party
USA Music,USA Music Choice Video | Throwback Jamz
USA Music,USA Music Choice Video | Musica Urbana
USA Music,USA Music Choice Video | Pop & Country
USA Music,USA Music Choice Video | Toddler Tunes
USA Music,USA Music Choice Video | Holiday Hits
USA Music,USA Music Choice Video | Alternative
USA Music,USA Music Choice Video | Dance/ EDM
USA Music,USA Music Choice Video | Kidz Only!
USA Music,USA Music Choice Video | Pop Latino
USA Music,USA Music Choice Video | Teen Beats
USA Music,USA Music Choice Video | Tropicales
USA Music,USA Music Choice Video | Hit List
USA Music,USA Music Choice Video | Kidz Bop
USA Music,USA Music Choice Video | Mexicana
USA Music,USA Music Choice Video | Pop Hits
USA Music,USA Music Choice Video | R&B Soul
USA Music,US MC Radio | Classic Christmas
USA Music,USA Music Choice Video | Indie
USA Music,USA Music Choice Video | Metal
USA Music,USA Music Choice Video | 90's
USA Music,USA Music Choice Video | Rock
USA Music,USA Music Choice Video | R&B
USA Music,USA Music Choice Video | Rap
USA Music,USA Music Choice Video | Y2K
USA Music,USA Stingray Qello Concerts
USA Music,MC Video | Rap 2K - DIRECT
USA Music,US MC Video | Country Hits
USA Music,US MC Radio | Sleep Noise
USA Music,US MC Video | Youth Hits
USA Music,US MC Video | Soft Rock
USA Music,US MC Video | Wonderama
USA Music,US MC Video | Disney
USA Music,USA Rock Modern 2020
USA Music,USA Stingray Karaoke
USA Music,US MC Radio | Blues
USA Music,US MC Video | Pride
USA Music,USA MC Radio Gospel
USA Music,USA Rap Modern 2020
USA Music,USA Latin MTV_TR3S
USA Music,USA MTV 2 (West)
USA Music,USA MTV East UHD
USA Music,USA MTV Classic
USA Music,USA BET Gospel
USA Music,USA NICK MUSIC
USA Music,USA Rock 00-99
USA Music,USA Rock 80-90
USA Music,USA Pop Music
USA Music,USA BET Jams
USA Music,USA BET SOUL
USA Music,USA Ditty TV
USA Music,USA MTV Live
USA Music,USA CMT UHD
USA Music,USA MTV 80s
USA Music,USA MTV 2
USA Music,USA MTV U
USA Music,USA MTV
USA NBA,USA NBA 05: Minnesota Timberwolves vs Washington Wizards @ 07:00 PM
USA NBA,USA NBA 06: Minnesota Timberwolves vs Washington Wizards @ 07:00 PM
USA NBA,USA NBA 13: Dallas Mavericks vs New Orleans Pelicans @ 08:00 PM
USA NBA,USA NBA 14: Dallas Mavericks vs New Orleans Pelicans @ 08:00 PM
USA NBA,USA NBA 15: Houston Rockets vs Oklahoma City Thunder @ 08:00 PM
USA NBA,USA NBA 16: Houston Rockets vs Oklahoma City Thunder @ 08:00 PM
USA NBA,USA NBA 07: Philadelphia 76ers vs Boston Celtics @ 07:30 PM
USA NBA,USA NBA 08: Philadelphia 76ers vs Boston Celtics @ 07:30 PM
USA NBA,USA NBA 11: Charlotte Hornets vs Milwaukee Bucks @ 08:00 PM
USA NBA,USA NBA 12: Charlotte Hornets vs Milwaukee Bucks @ 08:00 PM
USA NBA,USA NBA 09: Cleveland Cavaliers vs Miami Heat @ 07:30 PM
USA NBA,USA NBA 10: Cleveland Cavaliers vs Miami Heat @ 07:30 PM
USA NBA,USA NBA 01: Atlanta Hawks vs Indiana Pacers @ 07:00 PM
USA NBA,USA NBA 02: Atlanta Hawks vs Indiana Pacers @ 07:00 PM
USA NBA,USA NBA 03: Denver Nuggets vs Orlando Magic @ 07:00 PM
USA NBA,USA NBA 04: Denver Nuggets vs Orlando Magic @ 07:00 PM
USA NBA,USA NBA 17: Sacramento Kings vs LA Clippers @ 10:30 PM
USA NBA,USA NBA 18: Sacramento Kings vs LA Clippers @ 10:30 PM
USA NBA,NBA League Pass 1
USA NBA,NBA League Pass 2
USA NBA,USA NBA TV LHD
USA NBA,USA NBA TV UHD
USA NBA,USA NBA TV SD
USA NBA,USA NBA 19: 
USA NBA,USA NBA 20: 
USA NBA,USA NBA 21: 
USA NBA,USA NBA 22: 
USA NBA,USA NBA 23: 
USA NBA,USA NBA 24: 
USA NBA,USA NBA 25: 
USA NBA,USA NBA 26: 
USA NBA,USA NBA 27:
USA NBA,USA NBA 28:
USA NBA,USA NBA 29:
USA NBA,USA NBA 30:
USA NBA,USA NBA 31:
USA NBA,USA NBA 32:
USA NBA,USA NBA 33:
USA NBA,USA NBA 34:
USA NBA,USA NBA 35:
USA NBA,USA NBA 36:
USA NBA,USA NBA 37:
USA NBA,USA NBA 38:
USA NBA,USA NBA 39:
USA NBA,USA NBA 40:
USA NBA,USA NBA 41:
USA NBA,USA NBA 42:
USA NBA,USA NBA 43:
USA NBA,USA NBA 44:
USA NBA,USA NBA 45:
USA NBA,USA NBA 46:
USA NBA,USA NBA 47:
USA NBA,USA NBA 48:
USA NBA,USA NBA 49:
USA NBA,USA NBA 50:
USA NBA,USA NBA 51:
USA NBA,USA NBA 52:
USA NBA,USA NBA 53:
USA NBA,USA NBA 54:
USA NBA,USA NBA 55:
USA NBA,USA NBA 56:
USA NBA,USA NBA 57:
USA NBA,USA NBA 58:
USA NBA,USA NBA 59:
USA NBA,USA NBA 60:
USA NBC Sports,USA NBC Sports Philadelphia Plus
USA NBC Sports,USA NBC Sports Chicago Plus LHD
USA NBC Sports,USA NBC Sports California Plus
USA NBC Sports,USA NBC Sports Washington Plus
USA NBC Sports,USA NBC Sports Washington LHD
USA NBC Sports,USA NBC Sports Bay Area Plus
USA NBC Sports,USA NBC Sports Philadelphia
USA NBC Sports,USA NBC SPORTS BAY AREA HD
USA NBC Sports,USA NBC Sports Network UHD
USA NBC Sports,USA NBC Sports California
USA NBC Sports,USA NBC Sports Washington
USA NBC Sports,USA NBC Sports Chicago
USA NBC Sports,USA NBC Sports Network
USA NBC Sports,USA NBC Sports Boston
USA NBC Sports,USA NBCSN
USA NCAAF,USA NCAAF 21: NCAAF Louisiana Monroe at Louisiana Lafayette @4:00 pm
USA NCAAF,USA NCAAF 16: NCAAF Penn State at Michigan State @3:30 pm
USA NCAAF,USA NCAAF 17: NCAAF Western Kentucky at Marshall @3:30 pm
USA NCAAF,USA NCAAF 29: NCAAF Oklahoma at Oklahoma State @7:30 pm
USA NCAAF,USA NCAAF 11: NCAAF UMass at New Mexico State @3:00 pm
USA NCAAF,USA NCAAF 19: NCAAF Virginia Tech at Virginia @3:45 pm
USA NCAAF,USA NCAAF 27: NCAAF Clemson at South Carolina @7:30 pm
USA NCAAF,USA NCAAF 14: NCAAF Northwestern at Illinois @3:30 pm
USA NCAAF,USA NCAAF 20: NCAAF Arizona at Arizona State @4:00 pm
USA NCAAF,USA NCAAF 33: NCAAF Nevada at Colorado State @9:00 pm
USA NCAAF,USA NCAAF 18: NCAAF Vanderbilt at Tennessee @3:45 pm
USA NCAAF,USA NCAAF 26: NCAAF West Virginia at Kansas @7:00 pm
USA NCAAF,USA NCAAF 15: NCAAF Oregon State at Oregon @3:30 pm
USA NCAAF,USA NCAAF 23: NCAAF Wisconsin at Minnesota @4:00 pm
USA NCAAF,USA NCAAF 24: NCAAF Grambling vs. Southern @5:00 pm
USA NCAAF,USA NCAAF 28: NCAAF Kentucky at Louisville @7:30 pm
USA NCAAF,USA NCAAF 30: NCAAF Pittsburgh at Syracuse @7:30 pm
USA NCAAF,USA NCAAF 32: NCAAF Notre Dame at Stanford @8:00 pm
USA NCAAF,USA NCAAF 35: NCAAF California at UCLA @10:30 pm
USA NCAAF,USA NCAAF 12: NCAAF Alabama at Auburn @3:30 pm
USA NCAAF,USA NCAAF 13: NCAAF Indiana at Purdue @3:30 pm
USA NCAAF,USA NCAAF 31: NCAAF Tulane at Memphis @7:30 pm
USA NCAAF,USA NCAAF 25: NCAAF Texas A&M at LSU @7:00 pm
USA NCAAF,USA NCAAF 22: NCAAF Tulsa at SMU @4:00 pm
USA NCAAF,USA NCAAF 34: NCAAF BYU at USC @10:30 pm
USA NCAAF,USA NCAAF 01: 
USA NCAAF,USA NCAAF 02: 
USA NCAAF,USA NCAAF 03: 
USA NCAAF,USA NCAAF 04: 
USA NCAAF,USA NCAAF 05: 
USA NCAAF,USA NCAAF 06: 
USA NCAAF,USA NCAAF 07: 
USA NCAAF,USA NCAAF 08: 
USA NCAAF,USA NCAAF 09: 
USA NCAAF,USA NCAAF 10: 
USA NCAAF,USA NCAAF 36:
USA NCAAF,USA NCAAF 37:
USA NCAAF,USA NCAAF 38:
USA NCAAF,USA NCAAF 39:
USA NCAAF,USA NCAAF 40:
USA NCAAF,USA NCAAF 41:
USA NCAAF,USA NCAAF 42:
USA NCAAF,USA NCAAF 43:
USA NCAAF,USA NCAAF 44:
USA NCAAF,USA NCAAF 45:
USA News,USA New England Cable News LHD
USA News,USA One American News Network
USA News,CORONAVIRUS WORLD MAP UPDATE
USA News,USA CBN News International
USA News,USA News 12 Hudson Valley
USA News,US MeTV 33 WJLP New York
USA News,USA MeTV 51 KYAZ Houston
USA News,USA News 12 Connecticut
USA News,USA News 12 Long Island
USA News,USA News 12 Westchester
USA News,USA BBC World News (b)
USA News,USA Black News Channel
USA News,USA News 12 New Jersey
USA News,USA CBS 4 WTVY Dothan
USA News,USA CNN INTERNATIONAL
USA News,USA News 12 The Bronx
USA News,USA CBSN Los Angeles
USA News,USA Cheddar Business
USA News,USA Fox Business UHD
USA News,USA Fox News Channel
USA News,USA News 12 Brooklyn
USA News,USA CBSN Pittsburgh
USA News,USA BBC World News
USA News,USA CBSN Minnesota
USA News,USA CGTN (English)
USA News,USA FREE SPEECH TV
USA News,USA AL JAZEERA HD
USA News,USA Bloomberg UHD
USA News,USA CBSN Bay Area
USA News,USA CBSN New York
USA News,News: RT America
USA News,USA CBSN Chicago
USA News,USA CBSN News HD
USA News,USA Cheddar News
USA News,USA CBSN Boston
USA News,USA CBSN Dallas
USA News,USA CBSN Denver
USA News,USA CBSN Philly
USA News,USA Fox News SD
USA News,USA CNBC World
USA News,USA Revry News
USA News,USA Info Wars
USA News,USA ABC News
USA News,USA CNBC LHD
USA News,USA CNBC UHD
USA News,USA i24 News
USA News,USA MSNBC SD
USA News,USA CNN UHD
USA News,USA NEWSMAX
USA News,USA MSNBC
USA News,USA Newsy
USA News,USA CNN
USA News,USA HLN
USA NFL - Sunday Ticket ,USA NFL Thursday Night:
USA NFL - Sunday Ticket ,USA NFL Monday Night:
USA NFL - Sunday Ticket ,USA NFL Sunday Night:
USA NFL - Sunday Ticket ,USA NFL Red Zone LHD
USA NFL - Sunday Ticket ,USA NFL Sunday 705: 
USA NFL - Sunday Ticket ,USA NFL Sunday 706: 
USA NFL - Sunday Ticket ,USA NFL Sunday 707: 
USA NFL - Sunday Ticket ,USA NFL Sunday 708: 
USA NFL - Sunday Ticket ,USA NFL Sunday 709: 
USA NFL - Sunday Ticket ,USA NFL Sunday 710: 
USA NFL - Sunday Ticket ,USA NFL Sunday 711: 
USA NFL - Sunday Ticket ,USA NFL Sunday 712: 
USA NFL - Sunday Ticket ,USA NFL Sunday 713: 
USA NFL - Sunday Ticket ,USA NFL Sunday 714: 
USA NFL - Sunday Ticket ,USA NFL Sunday 715: 
USA NFL - Sunday Ticket ,USA NFL Sunday 716: 
USA NFL - Sunday Ticket ,USA NFL Redzone UHD
USA NFL - Sunday Ticket ,USA NFL Sunday 717:
USA NFL - Sunday Ticket ,USA NFL Sunday 718:
USA NFL - Sunday Ticket ,USA NFL Sunday 719:
USA NFL - Sunday Ticket ,USA NFL Network SD
USA NFL - Sunday Ticket ,USA NFL REDZONE SD
USA NFL - Sunday Ticket ,USA NFL Network
USA NHL,USA NHL 06: Colorado Avalanche VS Toronto Maple Leafs (Toronto Feed ) @ 19:30
USA NHL,USA NHL 17: Pittsburgh Penguins VS Edmonton Oilers (Edmonton Feed ) @ 22:00
USA NHL,USA NHL 05:  Colorado Avalanche VS Toronto Maple Leafs (ALT Feed ) @ 19:30
USA NHL,USA NHL 09: Vancouver Canucks VS Ottawa Senators (Vancouver Feed ) @ 19:30
USA NHL,USA NHL 12: Vegas Golden Knights VS Anaheim Ducks (ATTSN-RM Feed ) @ 22:00
USA NHL,USA NHL 03: Colorado Avalanche VS Toronto Maple Leafs (SNE Feed ) @ 19:30
USA NHL,USA NHL 04: Colorado Avalanche VS Toronto Maple Leafs (SNW Feed ) @ 19:30
USA NHL,USA NHL 01: Philadelphia Flyers VS New York Rangers (NHLN Feed ) @ 19:00
USA NHL,USA NHL 15: Pittsburgh Penguins VS Edmonton Oilers (SN360 Feed ) @ 22:00
USA NHL,USA NHL 02: Philadelphia Flyers VS New York Rangers (MSG Feed ) @ 19:00
USA NHL,USA NHL 13: Pittsburgh Penguins VS Edmonton Oilers (TVAS Feed ) @ 22:00
USA NHL,USA NHL 16: Pittsburgh Penguins VS Edmonton Oilers (SN1 Feed ) @ 22:00
USA NHL,USA NHL 07: Vancouver Canucks VS Ottawa Senators (TVAS Feed ) @ 19:30
USA NHL,USA NHL 10: Seattle Kraken VS Detroit Red Wings (BSDET Feed ) @ 19:30
USA NHL,USA NHL 11: Vegas Golden Knights VS Anaheim Ducks (BSW Feed ) @ 22:00
USA NHL,USA NHL 14: Pittsburgh Penguins VS Edmonton Oilers (SN Feed ) @ 22:00
USA NHL,USA NHL 08: Vancouver Canucks VS Ottawa Senators (SN1 Feed ) @ 19:30
USA NHL,USA NHL 771: Off Air
USA NHL,USA NHL 772: Off Air
USA NHL,USA NHL 773: Off Air
USA NHL,USA NHL 774: Off Air
USA NHL,USA NHL 775: Off Air
USA NHL,USA NHL 776: Off Air
USA NHL,USA NHL 777: Off Air
USA NHL,USA NHL Network UHD
USA NHL,USA NHL NETWORK HD
USA NHL,USA NHL 769 : 
USA NHL,USA NHL 18: 
USA NHL,USA NHL 23: 
USA NHL,USA NHL 24: 
USA NHL,USA NHL 25: 
USA NHL,USA NHL 26: 
USA NHL,USA NHL 770:
USA NHL,USA NHL 778:
USA NHL,USA NHL 779:
USA NHL,USA NHL 780:
USA NHL,USA NHL 781:
USA NHL,USA NHL 782:
USA NHL,USA NHL 783:
USA NHL,USA NHL 784:
USA NHL,USA NHL 785:
USA NHL,USA NHL 786:
USA NHL,USA NHL 19:
USA NHL,USA NHL 20:
USA NHL,USA NHL 21:
USA NHL,USA NHL 22:
USA NHL,USA NHL 27:
USA NHL,USA NHL 28:
USA NHL,USA NHL 29:
USA NHL,USA NHL 30:
USA NHL,USA NHL 31:
USA NHL,USA NHL 32:
USA NHL,USA NHL 33:
USA NHL,USA NHL 34:
USA NHL,USA NHL 35:
USA NHL,USA NHL 36:
USA NHL,USA NHL 37:
USA NHL,USA NHL 38:
USA NHL,USA NHL 39:
USA NHL,USA NHL 40:
USA NHL,USA NHL 41:
USA NHL,USA NHL 42:
USA NHL,USA NHL 43:
USA NHL,USA NHL 44:
USA NHL,USA NHL 45:
USA NHL,USA NHL 46:
USA NHL,USA NHL 47:
USA NHL,USA NHL 48:
USA NHL,USA NHL 49:
USA NHL,USA NHL 50:
USA NHL,USA NHL 51:
USA NHL,USA NHL 52:
USA NHL,USA NHL 53:
USA NHL,USA NHL 54:
USA NHL,USA NHL 55:
USA NHL,USA NHL 56:
USA NHL,USA NHL 57:
USA NHL,USA NHL 58:
USA NHL,USA NHL 59:
USA NHL,USA NHL 60:
USA Peacock Network,USA Keeping Up with the Kardashians
USA Peacock Network,USA Olympics Must See Moments
USA Peacock Network,USA Olympics Great Moments
USA Peacock Network,USA Olympics Tokyo Flame
USA Peacock Network,USA Olympics Tokyo Now
USA Peacock Network,USA The Real Houswives
USA Peacock Network,USA Olympics USA TEAM
USA Peacock Network,USA Premier League TV
USA Peacock Network,USA Telemundo Al Dia
USA Peacock Network,USA Fallon Tonight
USA Peacock Network,USA This Old House
USA Peacock Network,USA Hells Kitchen
USA Peacock Network,USA NBC Golf Pass
USA Peacock Network,USA LOL! Network
USA Peacock Network,USA NBC Dateline
USA Peacock Network,USA NBC MakeIt
USA Peacock Network,USA NBC Sports
USA Peacock Network,USA The Choice
USA Peacock Network,USA SNL Vault
USA Peacock Network,USA Sky News
USA PPV Cinema,USA Cinema 03 PPV
USA PPV Cinema,USA Cinema 04 PPV
USA PPV Cinema,USA Cinema 05 PPV
USA PPV Cinema,USA Cinema 06 PPV
USA PPV Cinema,USA Cinema 07 PPV
USA PPV Cinema,USA Cinema 08 PPV
USA PPV-MMA/BOXING/WWE/UFC,US UFC Channel (HD)
USA PPV-MMA/BOXING/WWE/UFC,US UFC Channel (SD)
USA PPV-MMA/BOXING/WWE/UFC,CA SPORTSNET PPV
USA PPV-MMA/BOXING/WWE/UFC,USA PPV01: 
USA PPV-MMA/BOXING/WWE/UFC,USA PPV02: 
USA PPV-MMA/BOXING/WWE/UFC,USA PPV03: 
USA PPV-MMA/BOXING/WWE/UFC,USA PPV04: 
USA PPV-MMA/BOXING/WWE/UFC,USA PPV05: 
USA PPV-MMA/BOXING/WWE/UFC,USA PPV06: 
USA PPV-MMA/BOXING/WWE/UFC,USA PPV07: 
USA PPV-MMA/BOXING/WWE/UFC,USA PPV08: 
USA PPV-MMA/BOXING/WWE/UFC,USA PPV09: 
USA PPV-MMA/BOXING/WWE/UFC,USA PPV10: 
USA PPV-MMA/BOXING/WWE/UFC,USA PPV11: 
USA PPV-MMA/BOXING/WWE/UFC,USA PPV12: 
USA PPV-MMA/BOXING/WWE/UFC,USA PPV13: 
USA PPV-MMA/BOXING/WWE/UFC,USA PPV14: 
USA PPV-MMA/BOXING/WWE/UFC,USA PPV15: 
USA PPV-MMA/BOXING/WWE/UFC,USA PPV16: 
USA PPV-MMA/BOXING/WWE/UFC,USA PPV17: 
USA PPV-MMA/BOXING/WWE/UFC,USA PPV18: 
USA PPV-MMA/BOXING/WWE/UFC,USA PPV19: 
USA PPV-MMA/BOXING/WWE/UFC,USA PPV30: 
USA PPV-MMA/BOXING/WWE/UFC,USA PPV31: 
USA PPV-MMA/BOXING/WWE/UFC,USA PPV32: 
USA PPV-MMA/BOXING/WWE/UFC,USA PPV33: 
USA PPV-MMA/BOXING/WWE/UFC,USA PPV34: 
USA PPV-MMA/BOXING/WWE/UFC,USA PPV35: 
USA PPV-MMA/BOXING/WWE/UFC,USA PPV36: 
USA PPV-MMA/BOXING/WWE/UFC,USA PPV37: 
USA PPV-MMA/BOXING/WWE/UFC,USA PPV38: 
USA PPV-MMA/BOXING/WWE/UFC,USA PPV39: 
USA PPV-MMA/BOXING/WWE/UFC,USA PPV40: 
USA PPV-MMA/BOXING/WWE/UFC,USA PPV41: 
USA PPV-MMA/BOXING/WWE/UFC,USA PPV42: 
USA PPV-MMA/BOXING/WWE/UFC,USA PPV43: 
USA PPV-MMA/BOXING/WWE/UFC,USA PPV44: 
USA PPV-MMA/BOXING/WWE/UFC,USA PPV47: 
USA PPV-MMA/BOXING/WWE/UFC,USA PPV48: 
USA PPV-MMA/BOXING/WWE/UFC,USA PPV49: 
USA PPV-MMA/BOXING/WWE/UFC,USA PPV50: 
USA PPV-MMA/BOXING/WWE/UFC,USA PPV51: 
USA PPV-MMA/BOXING/WWE/UFC,USA PPV52: 
USA PPV-MMA/BOXING/WWE/UFC,USA PPV53: 
USA PPV-MMA/BOXING/WWE/UFC,USA PPV20:
USA PPV-MMA/BOXING/WWE/UFC,USA PPV21:
USA PPV-MMA/BOXING/WWE/UFC,USA PPV22:
USA PPV-MMA/BOXING/WWE/UFC,USA PPV23:
USA PPV-MMA/BOXING/WWE/UFC,USA PPV24:
USA PPV-MMA/BOXING/WWE/UFC,USA PPV25:
USA PPV-MMA/BOXING/WWE/UFC,USA PPV26:
USA PPV-MMA/BOXING/WWE/UFC,USA PPV27:
USA PPV-MMA/BOXING/WWE/UFC,USA PPV28:
USA PPV-MMA/BOXING/WWE/UFC,USA PPV29:
USA PPV-MMA/BOXING/WWE/UFC,USA PPV45:
USA PPV-MMA/BOXING/WWE/UFC,USA PPV46:
USA Sports,USA AT&T SPORTSNET SOUTHWEST | HD (Alternate)
USA Sports,USA ESPN BASES LOADED (LIVE GAMES ONLY)
USA Sports,USA AT&T Sportsnet Rocky Mountain Plus
USA Sports,USA AT&T SportsNet Rocky Mountain West
USA Sports,USA Spectrum SportsNet La Dodgers HD
USA Sports,USA AT&T SportsNet Rocky Mountain
USA Sports,USA Spectrum SportsNet La Dodgers
USA Sports,USA AT&T SPORTSNET SOUTHWEST HD
USA Sports,USA DraftKings College Football
USA Sports,USA Fubo Sports Network (P) (F)
USA Sports,USA NBC SPORTS (NORTHWEST) | HD
USA Sports,USA Root Sports Northwest Plus
USA Sports,USA AT&T SportsNet Pittsburgh
USA Sports,USA FNTSY SPORTS NETWORK | HD
USA Sports,USA NBC SPORTS NORTHWEST | HD
USA Sports,USA Spectrum SportsNet Lakers
USA Sports,USA NBCSN PHILADELPHIA | HD
USA Sports,USA Marquee Sports Network
USA Sports,USA SPORTSMAN CHANNEL | HD
USA Sports,USA Eleven Sports Network
USA Sports,USA ESPN COLLEGE EXTRA  7
USA Sports,USA LONGHORN NETWORK | HD
USA Sports,USA NBC Sports Boston LHD
USA Sports,USA NBCSN CHICAGO PLUS HD
USA Sports,USA NBCSN WASHINGTON | HD
USA Sports,USA SPORTSNET New York HD
USA Sports,USA WORLD FISHING NETWORK
USA Sports,USA ESPN COLLEGE EXTRA 1
USA Sports,USA ESPN COLLEGE EXTRA 2
USA Sports,USA ESPN COLLEGE EXTRA 3
USA Sports,USA ESPN COLLEGE EXTRA 4
USA Sports,USA ESPN COLLEGE EXTRA 5
USA Sports,USA ESPN COLLEGE EXTRA 6
USA Sports,USA FOX Sports Southwest
USA Sports,USA NBC SPORTS PHILLY HD
USA Sports,USA NBCSN NORTHWEST | HD
USA Sports,USA NFL NETWORK (Backup)
USA Sports,USA NHL NETWORK ALT | HD
USA Sports,USA OLYMPIC CHANNEL | HD
USA Sports,USA Olympic Channel East
USA Sports,USA Big Ten Network UHD
USA Sports,USA ESPN SEC NETWORK HD
USA Sports,USA FOX Soccer Plus LHD
USA Sports,USA TENNIS CHANNEL PLUS
USA Sports,USA CBS Sports Network
USA Sports,USA TVG 2 NETWORK | HD
USA Sports,USA Big Ten Network 4
USA Sports,USA NBC Sport Network
USA Sports,USA NBCSN Bay Area HD
USA Sports,USA NBCSN BOSTON | HD
USA Sports,USA PAC-12 LosAngeles
USA Sports,USA PAC-12 WASHINGTON
USA Sports,USA NHL NETWORK | HD
USA Sports,USA TVG NETWORK | SD
USA Sports,USA WORLD POKER TOUR
USA Sports,USA WWE NETWORK | HD
USA Sports,USA ALTITUDE SPORTS
USA Sports,USA BEK Sports News
USA Sports,USA ESPN U (backup)
USA Sports,USA FOX DEPORTES HD
USA Sports,USA FOX SPORTS 1 HD
USA Sports,USA FOX SPORTS 2 HD
USA Sports,USA PAC-12 Bay Area
USA Sports,USA PAC-12 Arizona
USA Sports,USA PAC12 MOUNTAIN
USA Sports,USA PAC-12 Network
USA Sports,USA STADIUM 1 | HD
USA Sports,USA Tennis Channel
USA Sports,USA UFC Fight Pass
USA Sports,USA Willow Cricket
USA Sports,USA WWE CHANNEL HD
USA Sports,USA Yes Network HD
USA Sports,USA ESPN Deportes
USA Sports,USA Fubo Sports 1
USA Sports,USA Fubo Sports 2
USA Sports,USA Fubo Sports 3
USA Sports,USA Fubo Sports 4
USA Sports,USA Fubo Sports 5
USA Sports,USA MSG 2 PLUS HD
USA Sports,USA MSG PLUS | HD
USA Sports,USA PAC-12 Oregon
USA Sports,USA Tennis Plus 1
USA Sports,USA Tennis Plus 2
USA Sports,USA Tennis Plus 3
USA Sports,USA ESPN Classic
USA Sports,USA ESPN NEWS HD
USA Sports,USA For The Fans
USA Sports,USA STADIUM 2 HD
USA Sports,USA ACC Network
USA Sports,USA NBC GOLF HD
USA Sports,USA NFL Redzone
USA Sports,USA Root Sports
USA Sports,USA UFC Network
USA Sports,USA WWE NETWORK
USA Sports,USA Conmebol 1
USA Sports,USA Conmebol 2
USA Sports,USA Conmebol 3
USA Sports,USA Conmebol 4
USA Sports,USA Conmebol 5
USA Sports,USA Edgesports
USA Sports,USA ESPN SEC+ 
USA Sports,USA MSG 2 | HD
USA Sports,USA ESPN U HD
USA Sports,USA NESN Plus
USA Sports,USA ESPN UHD
USA Sports,USA Golf LHD
USA Sports,USA NBCSN HD
USA Sports,USA ESPN HD
USA Sports,USA ESPN SD
USA Sports,USA VSIN HD
USA Sports,USA ESPN 2
USA Sports,USA MASN 2
USA Sports,USA MMA TV
USA Sports,USA MSG HD
USA Sports,USA MASN
USA Sports,USA NESN
USA STIRR TV,USA (STIRR) Bloomberg TV (D)
USA STIRR TV,USA (STIRR) PursuitUp (D)
USA STIRR TV,USA (STIRR) Quicktake (D)
USA STIRR TV,USA Film Detective (ST)
USA STIRR TV,Greatest American Hero
USA STIRR TV,USA (STIRR) Revry (D)
USA STIRR TV,USA (STIRR) AFV (D)
USA STIRR TV,US LiveXLive (ST)
USA STIRR TV,US The First (ST)
USA STIRR TV,USA Ambiance (ST)
USA STIRR TV,US Gravitas (ST)
USA STIRR TV,US Karaoke (ST)
USA STIRR TV,Hell's Kitchen
USA STIRR TV,US QVC (ST)
USA STIRR TV,USA Dove
USA STIRR TV,Bonanza
Venezuela,VE: Telesur FHD
Venezuela,VE: Canal Nubeh TV HD
Venezuela,VE: VENEVISION Plus
Venezuela,VE: Oxigeno TV HD
Venezuela,VE: Globovision
Venezuela,VE: TNT Sports
Venezuela,VE: TV FAMILIA
Venezuela,VE: Venevision
Venezuela,VE: MERIDIANO
Venezuela,VE: Vepaco TV
Venezuela,VE: ANTV HD
Venezuela,VE: VIVE
Venezuela,VE: TLT
Vietnam,VN PARAMOUNT CHANNEL VN HD
Vietnam,VN NATIONAL GEOGRAPHIC HD
Vietnam,VN TRUYEN HINH NHAN . HD
Vietnam,VN DA VINCI LEARNING HD
Vietnam,VN FOX FAMILY MOVIES HD
Vietnam,VN YEAH1 FAMILY VTC4 HD
Vietnam,VN HTVC THUAN VIET HD
Vietnam,VN HTVC THUAN VIET SD
Vietnam,VN BA RIA VUNGTAU HD
Vietnam,VN DISCOVERY ASIA HD
Vietnam,VN Tviet Network (A)
Vietnam,VN ANIMAL PLANET HD
Vietnam,VN QUANG BINH TV HD
Vietnam,VN TRAVEL LIVING HD
Vietnam,VN Vien Thao TV (A)
Vietnam,VN FOX SPORTS 1 HD
Vietnam,VN FOX SPORTS 2 HD
Vietnam,VN FOX SPORTS 3 HD
Vietnam,VN Vietface TV (A)
Vietnam,VN: Thai Nguyen HD
Vietnam,VN THAI NGUYEN HD
Vietnam,VN THUA THIEN HUE
Vietnam,VN THUA THIEN HUE
Vietnam,VN BBC LIFESTYLE
Vietnam,VN DONG NAI 1 HD
Vietnam,VN DONG NAI 2 HD
Vietnam,VN HONVIE TV (A)
Vietnam,VN HTVC GIA DINH
Vietnam,VN QUOC PHONG VN
Vietnam,VN S Channel (A)
Vietnam,VN BBC EARTH HD
Vietnam,VN BINH PHUOC 1
Vietnam,VN BOOMERANG HD
Vietnam,VN CHANNEL V HD
Vietnam,VN DISCOVERY HD
Vietnam,VN HAI PHONG HD
Vietnam,VN HOMETV BPTV2
Vietnam,VN HTVC DU LICH
Vietnam,VN NHK WORLD HD
Vietnam,VN QUANG NINH 1
Vietnam,VN QUANG NINH 3
Vietnam,VN TODAYTV VTC7
Vietnam,VN BAC LIEU HD
Vietnam,VN BAC NINH HD
Vietnam,VN FILM24H (A)
Vietnam,VN FOX LIFE HD
Vietnam,VN HTVC PHU NU
Vietnam,VN QUOC HOI HD
Vietnam,VN TAY NINH HD
Vietnam,VN TRA VINH HD
Vietnam,VN TUYEN QUANG
Vietnam,VN: AN GIANG 1
Vietnam,VN: KIEN GIANG
Vietnam,VN: NINH THUAN
Vietnam,VN BINH THUAN
Vietnam,VN PHU YEN HD
Vietnam,VN QUANG NGAI
Vietnam,VN TIEN GIANG
Vietnam,VN VGN TV (A)
Vietnam,VN VIE TV (A)
Vietnam,VN: Da Nang 1
Vietnam,VN: Da Nang 2
Vietnam,VN: KHANH HOA
Vietnam,VN: VINH PHUC
Vietnam,VN : KON TUM
Vietnam,VN BAC GIANG
Vietnam,VN BINH DINH
Vietnam,VN CA MAU HD
Vietnam,VN DIEN BIEN
Vietnam,VN DONG THAP
Vietnam,VN FRANCE 24
Vietnam,VN HAI DUONG
Vietnam,VN HANOITV 1
Vietnam,VN HANOITV 2
Vietnam,VN HAU GIANG
Vietnam,VN IMOVIE HD
Vietnam,VN KBS WORLD
Vietnam,VN NINH BINH
Vietnam,VN QUANG NAM
Vietnam,VN QUANG TRI
Vietnam,VN SOC TRANG
Vietnam,VN THAI BINH
Vietnam,VN THAI BINH
Vietnam,VN THANH HOA
Vietnam,VN THANH HOA
Vietnam,VN TV5 MONDE
Vietnam,VN VINH PHUC
Vietnam,VN: HUNG YEN
Vietnam,VN BBC NEWS
Vietnam,VN CAO BANG
Vietnam,VN HA GIANG
Vietnam,VN HOA BINH
Vietnam,VN LAM DONG
Vietnam,VN LANG SON
Vietnam,VN NAM DINH
Vietnam,VN: DAK LAK
Vietnam,VN ANTV HD
Vietnam,VN ARIRANG
Vietnam,VN CAN THO
Vietnam,VN DAK LAK
Vietnam,VN FBNC HD
Vietnam,VN GIA LAI
Vietnam,VN HA TINH
Vietnam,VN HTV1 HD
Vietnam,VN HTV3 HD
Vietnam,VN HTV4 HD
Vietnam,VN LAO CAI
Vietnam,VN LONG_AN
Vietnam,VN NGHE AN
Vietnam,VN VTV8 HD
Vietnam,VN VTV9 HD
Vietnam,VN YEN BAI
Vietnam,VN KIX HD
Vietnam,VN SON LA
Vietnam,VN DW HD
Vietnam,VN VOVTV
Vietnam,VN VTC2
Vietnam,VN VTC5
Vietnam,VN VTC6
Vietnam,VN VTC8
Vietnam,VN: TVB
Vietnam,VN NCM
